Name,Age,Department,Salary,Years_Experience,Promotion_Eligibility
Angel Becker DVM,40.0,Engineering,94200.0,13.0,Yes
John Adams,24.0,Operations,47900.0,1.0,No
Dr. Jose Gray DDS,34.0,Sales,47000.0,4.0,No
Chris Rogers,29.0,HR,42300.0,,No
Dylan Contreras,42.0,Engineering,108000.0,14.0,Yes
Wayne Gray,32.0,IT,74700.0,4.0,No
John Yang,36.0,IT,76300.0,9.0,Yes
Michael Bennett,33.0,IT,78900.0,8.0,Yes
John Duncan,43.0,Finance,84800.0,18.0,Yes
Amy Silva,21.0,Engineering,79500.0,0.0,No
Robert Hendrix,35.0,Engineering,89300.0,10.0,Yes
Carlos Ryan,30.0,Operations,57400.0,5.0,No
Crystal Cruz,35.0,Sales,72500.0,8.0,Yes
Eric Knox,21.0,Marketing,54200.0,0.0,No
Christopher Dudley,27.0,,70800.0,2.0,No
Jason Walker,37.0,Sales,67700.0,9.0,Yes
Michele Hawkins,41.0,IT,,11.0,Yes
Joanne Harmon,21.0,Finance,58100.0,0.0,No
Charles Ellis,29.0,Operations,61700.0,5.0,No
Mark Morrison,42.0,IT,,11.0,Yes
Mrs. Diane Reyes,23.0,Sales,44800.0,1.0,No
Christopher Campbell,42.0,Finance,90300.0,16.0,Yes
Eric Woods,38.0,Customer Support,62500.0,6.0,Yes
George Bradshaw,33.0,Sales,58600.0,9.0,Yes
Dustin Harris,46.0,HR,75300.0,19.0,Yes
Justin Potter,31.0,Finance,65500.0,7.0,Yes
Angelica Lopez,34.0,HR,58300.0,9.0,Yes
Richard Hunt,32.0,Marketing,73500.0,9.0,Yes
Ryan Thomas,42.0,IT,67400.0,8.0,Yes
Donna Reese,44.0,Finance,79200.0,11.0,Yes
Paula Kidd,33.0,Engineering,76900.0,6.0,Yes
Paul Wilson,24.0,,39400.0,2.0,No
Maureen Cross,,Sales,65200.0,9.0,Yes
Bianca Wood,32.0,Marketing,60400.0,9.0,Yes
Donald Terry,25.0,Customer Support,41900.0,2.0,No
Glenn Ford,53.0,Engineering,106900.0,23.0,Yes
Jennifer Jenkins,21.0,HR,36800.0,0.0,No
Emily Salazar,28.0,Operations,59200.0,4.0,No
Andrew Christian,28.0,IT,63700.0,2.0,No
Danielle Jones,38.0,IT,90300.0,11.0,Yes
Christine Wright,28.0,Finance,,2.0,Yes
Erika Brown,33.0,Engineering,84500.0,6.0,Yes
Amy Webb,24.0,Finance,,1.0,No
Erin Gardner,46.0,Finance,87700.0,15.0,Yes
Matthew Jones,25.0,Marketing,54500.0,3.0,Yes
Wayne Weaver,36.0,IT,92900.0,12.0,Yes
Jose Coleman,35.0,Finance,81200.0,10.0,Yes
Denise Maxwell,28.0,IT,75500.0,6.0,Yes
Sharon Johnson,34.0,Customer Support,48900.0,5.0,No
Alex Ramirez,21.0,IT,63300.0,0.0,No
William Phillips,39.0,IT,81200.0,11.0,Yes
Meagan West,40.0,HR,50700.0,6.0,Yes
Edwin Nunez,33.0,Operations,60800.0,9.0,
Michelle Patterson,42.0,IT,77200.0,11.0,Yes
Tammy Jackson,36.0,Marketing,85100.0,10.0,Yes
Mary Foster,44.0,Marketing,72300.0,15.0,Yes
Nicole Harvey,41.0,Engineering,84300.0,11.0,Yes
Thomas Harris,40.0,Operations,51000.0,7.0,Yes
Karina Vasquez,49.0,Engineering,94400.0,18.0,Yes
Janice Cunningham,21.0,Operations,43500.0,0.0,No
Sean Wagner,31.0,Marketing,53900.0,8.0,Yes
Reginald Morrow,36.0,Finance,75300.0,8.0,Yes
Tammy Daniel,23.0,IT,67900.0,1.0,No
Danielle Hamilton,35.0,,63800.0,4.0,No
Jasmine Scott,40.0,Marketing,65900.0,10.0,Yes
Laura Middleton,37.0,Operations,64200.0,12.0,Yes
Michelle Clark,26.0,Engineering,72000.0,3.0,Yes
Lori Riley,50.0,IT,102500.0,18.0,Yes
Danielle Wilson,38.0,IT,75500.0,6.0,Yes
Lori Green,41.0,Sales,65900.0,9.0,Yes
Tony Cooper,34.0,Operations,62500.0,5.0,
Regina Mitchell,39.0,Marketing,71100.0,12.0,Yes
Sabrina Miller,34.0,IT,83600.0,10.0,Yes
Jessica Rosario,21.0,Sales,52500.0,0.0,No
Nicole Acosta,21.0,Operations,39400.0,0.0,No
Crystal Mills,28.0,Marketing,53100.0,3.0,No
Andrew Dominguez,37.0,,90100.0,6.0,No
Erika Brown,39.0,,83800.0,13.0,Yes
Cynthia Jackson,39.0,Sales,57200.0,7.0,Yes
Jesse Pollard,32.0,Engineering,80400.0,7.0,
Ralph Hendricks,34.0,Finance,80400.0,10.0,No
Brittany Farmer,37.0,Operations,68000.0,8.0,Yes
Mitchell Jimenez,21.0,Engineering,77400.0,0.0,No
Sarah Wheeler,36.0,Operations,67000.0,8.0,Yes
Michelle Mendoza DVM,41.0,IT,80300.0,16.0,Yes
Ashley Jackson,38.0,IT,90100.0,12.0,Yes
John Olson,34.0,Engineering,,8.0,Yes
Jamie French,43.0,IT,76600.0,10.0,Yes
Kenneth King,38.0,,58500.0,7.0,No
Scott Foster,24.0,Sales,47300.0,2.0,Yes
Patrick Moore,24.0,Finance,62500.0,2.0,No
Jennifer Cruz,28.0,Operations,48500.0,4.0,Yes
Rhonda Cervantes,38.0,HR,51600.0,6.0,
Austin Ross,40.0,Finance,79000.0,10.0,Yes
James Rivera,22.0,IT,68700.0,1.0,No
Justin Torres,31.0,IT,82400.0,4.0,
William Morales,26.0,Finance,72000.0,4.0,No
Jessica Garrett,34.0,Engineering,86300.0,10.0,Yes
Nicolas Brown,31.0,IT,91000.0,4.0,No
Joshua Arellano,39.0,Operations,63900.0,7.0,Yes
Sarah Sosa,42.0,Engineering,98700.0,15.0,Yes
Laura Adams,21.0,Engineering,64600.0,0.0,No
Michael Soto,24.0,IT,77100.0,2.0,No
Matthew Perez,47.0,IT,96900.0,16.0,Yes
Ryan Crane,53.0,Sales,65400.0,11.0,Yes
Colleen Blanchard,33.0,Finance,69100.0,7.0,No
Thomas Brewer,35.0,Sales,72700.0,12.0,Yes
Evelyn Williams,47.0,Finance,86300.0,14.0,Yes
Patrick Payne,46.0,Engineering,107500.0,18.0,Yes
Thomas Wells,40.0,Operations,,9.0,Yes
Thomas Floyd,30.0,,50600.0,4.0,No
Christopher Jones,21.0,Operations,46000.0,0.0,No
Melissa Parker,21.0,Operations,53400.0,0.0,No
Brian Sosa,36.0,Finance,72400.0,7.0,Yes
Michael Dunn,44.0,Customer Support,59700.0,11.0,Yes
John Russell,21.0,Operations,52400.0,0.0,No
Kristin Huerta,35.0,IT,78900.0,10.0,Yes
Maria Olson,37.0,Customer Support,44200.0,9.0,Yes
Steven Martinez,41.0,Marketing,68600.0,11.0,Yes
Dr. April Jones,48.0,Finance,81300.0,17.0,Yes
Mark Mcpherson,35.0,Engineering,82600.0,9.0,Yes
Charles Bush,27.0,Sales,53200.0,5.0,No
Bradley Hoffman,38.0,Customer Support,53800.0,10.0,Yes
Amy Roberts,43.0,Marketing,62100.0,11.0,Yes
Henry Rivera,43.0,Engineering,,12.0,Yes
Monica Frost,36.0,HR,60300.0,12.0,Yes
Robert Tapia,49.0,IT,100000.0,18.0,Yes
Susan Mitchell DVM,40.0,Customer Support,61600.0,10.0,Yes
Kevin Soto,33.0,Customer Support,45300.0,7.0,Yes
Eddie Davis,35.0,Finance,59900.0,5.0,No
Sarah Berry,30.0,Finance,72700.0,7.0,Yes
Ashley Dunn,22.0,Customer Support,44700.0,1.0,No
Amber Parker,42.0,IT,93600.0,10.0,Yes
Jason Douglas,40.0,Engineering,85900.0,7.0,Yes
Gavin Bauer,30.0,Customer Support,51200.0,7.0,Yes
Danielle Carter,21.0,Finance,52800.0,0.0,No
Selena Bailey,36.0,Customer Support,50200.0,,Yes
Gabriel Richardson,30.0,Sales,65400.0,6.0,Yes
Sharon Cowan,34.0,Sales,69300.0,9.0,Yes
Marcus Patrick,35.0,Sales,63500.0,8.0,Yes
Brian Cervantes,34.0,Engineering,85900.0,6.0,Yes
Ronald Murray,28.0,Finance,61500.0,4.0,No
Kendra Wang DVM,21.0,Engineering,80700.0,0.0,Yes
Jennifer Hernandez,35.0,Marketing,72600.0,10.0,Yes
Laura Green,44.0,Engineering,109300.0,19.0,Yes
Christopher Carson,34.0,Engineering,97600.0,11.0,Yes
Debra Baxter,34.0,HR,69600.0,9.0,Yes
Ronald Baxter,40.0,HR,57900.0,8.0,No
Jennifer Ferguson,32.0,IT,74700.0,4.0,No
Stephanie Fields,30.0,Marketing,56900.0,4.0,No
Anthony Marshall,27.0,Operations,46400.0,5.0,No
Christina Bates,26.0,Engineering,67100.0,2.0,Yes
George Harper,54.0,IT,103500.0,24.0,Yes
Victoria Parker,32.0,Sales,50300.0,4.0,No
Chad Taylor,23.0,Sales,61000.0,1.0,No
Victoria Knight,23.0,IT,63200.0,1.0,No
David Aguirre,25.0,Sales,66100.0,2.0,No
Kevin Fisher,46.0,Sales,67700.0,8.0,Yes
John Ryan,37.0,Finance,,12.0,Yes
Chelsea Powell,25.0,Operations,58600.0,2.0,Yes
Grace Green,25.0,Sales,51400.0,2.0,No
Jennifer Barrett,45.0,Finance,82900.0,9.0,Yes
Ronald Santos,24.0,IT,63100.0,2.0,No
Jordan Lynch,42.0,IT,83100.0,7.0,Yes
Vanessa Green,59.0,IT,117400.0,29.0,Yes
Brad Rivas,27.0,Operations,55100.0,3.0,No
Lucas Nguyen,35.0,IT,74100.0,6.0,Yes
Katherine Holder,,Operations,55000.0,5.0,Yes
Rachel Jones,32.0,Engineering,74300.0,4.0,No
Nicholas Gomez,41.0,Sales,71600.0,8.0,Yes
Michael Perry,38.0,Engineering,87900.0,13.0,Yes
Daniel White,28.0,Sales,51100.0,2.0,
Larry Lloyd,34.0,Engineering,,9.0,Yes
Daniel Nguyen,42.0,Customer Support,49800.0,7.0,No
Mike Martinez,30.0,Operations,66500.0,5.0,No
Jared Stark,21.0,Engineering,79500.0,0.0,No
Katherine Greene,29.0,Operations,48700.0,3.0,No
Kimberly Nguyen,48.0,HR,63100.0,10.0,Yes
Erik Harris,51.0,IT,97300.0,19.0,Yes
Michael Barnes,33.0,Sales,71200.0,10.0,Yes
Morgan Grimes,40.0,Finance,93000.0,15.0,Yes
Carol Bowman,25.0,,65300.0,3.0,Yes
Jennifer Hatfield,23.0,Operations,54000.0,1.0,No
Catherine Holland,27.0,Engineering,75700.0,2.0,No
Linda Cobb,36.0,HR,69400.0,11.0,Yes
Natalie Bautista,26.0,IT,74200.0,3.0,No
Valerie Ford,21.0,Finance,61100.0,0.0,No
Pamela Burke,26.0,HR,50800.0,2.0,No
Kyle Burke,45.0,IT,82900.0,13.0,Yes
Kimberly Lewis,27.0,Customer Support,39100.0,4.0,No
Elijah Wall,,Operations,,17.0,Yes
Sarah Frost,31.0,Sales,54300.0,3.0,No
Douglas Rodriguez,31.0,IT,73300.0,4.0,Yes
Ashley Williams,31.0,Operations,62700.0,5.0,Yes
Michele Conner,39.0,Sales,64900.0,9.0,Yes
Brenda Smith,21.0,IT,66500.0,0.0,No
Charles Blevins,34.0,HR,56100.0,4.0,No
Lisa Campbell,51.0,Engineering,110900.0,17.0,Yes
Margaret Torres,51.0,Engineering,120500.0,24.0,Yes
Jimmy Smith,46.0,Engineering,98800.0,14.0,
Christine Bell,35.0,Operations,63500.0,7.0,No
Rebecca Lane,33.0,Sales,53400.0,6.0,Yes
Lisa Hall,29.0,HR,57900.0,4.0,No
Michael Scott,21.0,Engineering,65100.0,0.0,No
Rebecca Clark,41.0,Engineering,106900.0,16.0,Yes
Michael Johnson,32.0,IT,68300.0,6.0,Yes
Christine Powers,29.0,Sales,58300.0,5.0,No
Gary Miller,43.0,Engineering,105400.0,16.0,Yes
Traci Craig,21.0,IT,62700.0,0.0,No
Margaret Harper,40.0,Engineering,87500.0,8.0,Yes
Amanda Thomas,33.0,Finance,85000.0,8.0,No
Susan Sanchez,33.0,IT,90200.0,10.0,Yes
Stephanie Lopez,48.0,Finance,89200.0,18.0,Yes
Elizabeth Kelley,21.0,Sales,45200.0,0.0,No
John Barber,39.0,Marketing,62100.0,,No
Crystal Clayton,37.0,Sales,53600.0,6.0,Yes
Kristin Hickman,46.0,Customer Support,82400.0,21.0,Yes
Robert Thomas PhD,25.0,Engineering,73200.0,2.0,No
Jonathan Peterson,39.0,Sales,68400.0,11.0,Yes
Daniel Brown,26.0,IT,66600.0,4.0,Yes
Cynthia Hendricks,30.0,Engineering,,3.0,No
Ian Torres,37.0,Engineering,95300.0,12.0,Yes
Margaret Lowe,27.0,Customer Support,46000.0,3.0,No
Kelsey Lynch,33.0,Customer Support,58400.0,8.0,Yes
Brittany Matthews,42.0,Finance,87800.0,9.0,Yes
Keith Long,37.0,IT,76300.0,11.0,Yes
Jamie Guerrero,42.0,Marketing,90000.0,16.0,Yes
Brian Kidd,32.0,Finance,78500.0,8.0,Yes
Evan Davies,21.0,IT,69000.0,0.0,No
Desiree Thomas,21.0,Engineering,63600.0,0.0,No
Nathan Willis,27.0,Engineering,71300.0,,No
Michael Roberts,37.0,IT,78600.0,11.0,Yes
Eric Flores,,Sales,64600.0,9.0,Yes
Jason Jenkins,47.0,Operations,75300.0,16.0,
Jerry Johnston,36.0,Customer Support,44400.0,9.0,Yes
Philip Cannon,29.0,Sales,58800.0,3.0,No
Olivia Randolph,38.0,Engineering,100400.0,12.0,Yes
Felicia Gordon,29.0,Sales,65600.0,4.0,Yes
Catherine Maxwell,47.0,HR,68400.0,11.0,Yes
Mr. Mark Landry,23.0,Customer Support,34400.0,1.0,No
Kara Roberts,24.0,Sales,44200.0,2.0,Yes
Brandon White,30.0,Engineering,79700.0,5.0,Yes
Morgan Valencia,27.0,Engineering,80500.0,5.0,Yes
Joann Sanders,21.0,Marketing,42400.0,0.0,No
Todd Hernandez Jr.,48.0,IT,102000.0,22.0,Yes
Alexander Mitchell,21.0,Marketing,52400.0,0.0,No
Sandra Ingram,48.0,Engineering,99500.0,19.0,Yes
Theresa Sandoval,31.0,IT,65100.0,3.0,No
Rebecca Ellis,33.0,Engineering,,4.0,Yes
Christopher Robbins,50.0,Engineering,109300.0,13.0,Yes
Christina Robinson,44.0,Customer Support,70700.0,17.0,Yes
George Gregory,45.0,Finance,98400.0,18.0,Yes
Evelyn Galvan,37.0,Customer Support,46000.0,6.0,Yes
Leon Duncan,44.0,Engineering,98400.0,14.0,Yes
Levi Lopez,57.0,HR,90700.0,22.0,Yes
Richard Moore,33.0,Marketing,,7.0,Yes
Jeffrey Mcclure,21.0,Operations,44000.0,0.0,No
Susan James,26.0,Engineering,77400.0,3.0,Yes
Denise Wallace,22.0,Sales,46900.0,1.0,No
Anthony Simmons,38.0,Customer Support,53500.0,8.0,Yes
Cory Willis,31.0,Sales,55400.0,6.0,No
Sylvia Clark,34.0,Operations,62600.0,6.0,No
Virginia Casey,43.0,Finance,85700.0,16.0,Yes
Corey Cortez,33.0,Engineering,90100.0,4.0,
Melissa Rogers,29.0,Sales,49100.0,,No
Robert Harrison,21.0,Sales,46700.0,0.0,No
Amanda Meadows,,Sales,53200.0,1.0,No
Miranda Huber,44.0,HR,73900.0,18.0,Yes
Brandi Gould,35.0,Marketing,68500.0,7.0,Yes
Derrick Diaz,37.0,Operations,68200.0,7.0,No
Mr. Thomas Jones PhD,36.0,Sales,67700.0,7.0,No
Renee Bruce,36.0,Operations,62400.0,5.0,Yes
Kelly Mclaughlin,43.0,Sales,66000.0,9.0,Yes
John Zavala,37.0,IT,88100.0,8.0,Yes
Tracy Wang,46.0,Sales,77400.0,12.0,Yes
Margaret Young,35.0,Sales,65700.0,5.0,No
Teresa Jacobson,27.0,Finance,58600.0,3.0,Yes
Dana Atkins,21.0,Engineering,69500.0,0.0,No
Kevin Carson,39.0,Sales,69300.0,8.0,No
Kurt Ewing,24.0,IT,69400.0,1.0,No
Margaret Knight,27.0,Marketing,56100.0,4.0,No
William Arnold,36.0,Engineering,90300.0,10.0,Yes
Juan Brewer,37.0,Finance,73900.0,8.0,No
Donna Stanton,23.0,IT,53700.0,1.0,No
Derrick Ford,38.0,Engineering,97700.0,14.0,Yes
Karen Alvarez,39.0,Sales,72400.0,9.0,Yes
Michael Rush,38.0,HR,64900.0,13.0,Yes
Keith Wright,37.0,IT,84800.0,10.0,Yes
Lisa Hall,48.0,Sales,86200.0,21.0,Yes
Evelyn Dunn,31.0,Sales,69600.0,8.0,Yes
Michael Lyons,54.0,Customer Support,67000.0,14.0,Yes
Pamela Hicks,34.0,Marketing,71100.0,8.0,Yes
Ashley Miller,29.0,IT,75400.0,5.0,Yes
Derek Coleman,54.0,Finance,111300.0,28.0,Yes
Alyssa Powers,43.0,Finance,72700.0,,Yes
Wayne Morgan,37.0,Operations,59100.0,7.0,Yes
Carrie Myers,26.0,Marketing,55600.0,4.0,Yes
Mary Santos,22.0,Engineering,71100.0,1.0,No
Dawn Little,40.0,Engineering,92400.0,9.0,Yes
Laura Velez,34.0,Marketing,66000.0,9.0,Yes
Joseph White,21.0,Customer Support,28900.0,0.0,No
David Brooks,41.0,IT,99400.0,16.0,Yes
Kelly Calderon,48.0,IT,109800.0,23.0,Yes
Laura Patton,49.0,IT,98100.0,14.0,Yes
Jeremy Scott,27.0,Sales,62300.0,2.0,No
Heather Parrish,21.0,Sales,55200.0,0.0,No
Joel Perez,25.0,Operations,,2.0,No
Nancy Flowers,31.0,Sales,61600.0,6.0,Yes
Linda Berry,22.0,IT,,0.0,No
Jason Hudson,26.0,Marketing,64400.0,3.0,Yes
Amber Meza,37.0,Finance,73900.0,5.0,No
Derrick Anderson,28.0,Finance,366300.0,4.0,Yes
Anna Poole,27.0,Engineering,74800.0,2.0,No
Jennifer Allen,28.0,IT,73400.0,5.0,Yes
Matthew Houston,,Operations,71900.0,10.0,
Carl Scott,35.0,Engineering,77100.0,5.0,Yes
Bailey Duran DDS,36.0,Operations,65800.0,6.0,No
Brian Mccarthy,30.0,Engineering,82900.0,5.0,Yes
Brandon Pena,40.0,Engineering,109600.0,14.0,Yes
Pamela Gutierrez,45.0,IT,90300.0,14.0,Yes
Joshua Johnson,38.0,Engineering,81300.0,6.0,Yes
Jesse Sampson,,Customer Support,53500.0,11.0,Yes
Robert Perkins,26.0,Customer Support,41700.0,2.0,No
Mr. Aaron Arnold,32.0,Customer Support,59300.0,9.0,Yes
Elizabeth Mendez,39.0,Sales,76300.0,10.0,Yes
Destiny Joseph,28.0,Engineering,88500.0,2.0,No
Michaela Sanchez,42.0,Operations,83700.0,15.0,Yes
Maria Myers,27.0,Marketing,51800.0,5.0,No
Theresa Davis,48.0,Engineering,89500.0,9.0,Yes
Robert Hicks,30.0,HR,48700.0,3.0,
Lawrence Parks,25.0,Finance,63200.0,2.0,No
Richard Smith,47.0,IT,95200.0,18.0,Yes
Michael Ayala,34.0,Customer Support,41600.0,4.0,No
Randy Phillips,46.0,Sales,90700.0,,Yes
Daniel Wilson,23.0,HR,43300.0,1.0,No
Austin Mitchell,45.0,Sales,80700.0,19.0,Yes
Eric Fitzpatrick,29.0,IT,71100.0,5.0,Yes
James Silva,40.0,Customer Support,65100.0,13.0,
Stephen Mckee,33.0,IT,78000.0,6.0,Yes
James Cummings,33.0,Sales,72900.0,9.0,Yes
Robert Arnold,27.0,Marketing,59900.0,4.0,No
Tom Foster,41.0,Finance,75900.0,10.0,Yes
Chad Perez,40.0,Marketing,75300.0,13.0,Yes
Nancy Brown,33.0,Engineering,91100.0,9.0,Yes
Tamara Moore,27.0,Sales,56600.0,3.0,No
Kyle Keller,49.0,IT,88600.0,16.0,Yes
Vanessa Rivera,53.0,Finance,,20.0,Yes
Kimberly Brewer,31.0,Sales,63500.0,7.0,Yes
Eric Spencer,25.0,Sales,55400.0,2.0,No
Diana Johnson,45.0,HR,80400.0,18.0,Yes
Andrea Oconnor,32.0,Marketing,62800.0,9.0,Yes
Jennifer Barrett,35.0,Engineering,94100.0,,Yes
Rebekah Greene,32.0,Engineering,73800.0,6.0,Yes
Sean Peters,29.0,Finance,65400.0,,No
Stephanie Joseph,39.0,Sales,59400.0,8.0,Yes
Shawn Scott,45.0,IT,111900.0,20.0,Yes
Amanda Nash,52.0,Sales,83700.0,15.0,Yes
Jennifer Mckenzie,40.0,IT,78000.0,9.0,Yes
Richard Wilson,33.0,IT,99700.0,7.0,Yes
Richard Miller,23.0,Engineering,81300.0,1.0,No
Audrey Koch,35.0,IT,74500.0,5.0,Yes
Andrew Chavez,35.0,Marketing,60300.0,7.0,Yes
David Stokes,23.0,HR,41700.0,1.0,No
Amber Obrien,41.0,Finance,78800.0,15.0,Yes
Brittany Johnson,34.0,Engineering,81000.0,5.0,No
Eileen Sanchez,36.0,Marketing,64800.0,8.0,Yes
Karen Hicks,25.0,Engineering,82300.0,3.0,No
Mark Boyle,29.0,Customer Support,41900.0,5.0,No
Monica Cline,42.0,IT,522500.0,15.0,Yes
Shawn Harris,52.0,Engineering,107800.0,20.0,Yes
Brian Bishop,35.0,Engineering,93300.0,11.0,Yes
Megan Adams,47.0,,78900.0,17.0,Yes
Kenneth Carroll,43.0,Sales,71200.0,12.0,Yes
Bryan Castro,48.0,Sales,90400.0,19.0,Yes
Karen Jackson DVM,47.0,Engineering,102200.0,18.0,Yes
Gerald Allen,36.0,IT,78600.0,9.0,Yes
Danielle Norris,33.0,Engineering,85400.0,6.0,Yes
Jessica Smith,34.0,Operations,68100.0,7.0,Yes
Melanie Smith,21.0,Engineering,72900.0,0.0,No
Alexis Kim,21.0,Sales,57300.0,0.0,No
Johnathan Aguirre,46.0,Operations,61000.0,16.0,Yes
Carlos Miller,29.0,Operations,55900.0,4.0,Yes
Victor Taylor,45.0,Customer Support,66200.0,15.0,Yes
Victoria Deleon,41.0,Engineering,85800.0,7.0,Yes
Daniel Lee,29.0,Marketing,65100.0,6.0,Yes
Steven Blevins,30.0,IT,70800.0,5.0,Yes
Brittany Ortiz,25.0,Sales,55600.0,3.0,No
Thomas Mcgrath,28.0,Customer Support,50400.0,6.0,Yes
Wyatt Kerr,34.0,Engineering,85400.0,10.0,Yes
Todd Rosales MD,52.0,Marketing,100200.0,25.0,Yes
Angela Watson,46.0,Sales,92800.0,20.0,Yes
Melissa Combs,48.0,Operations,,15.0,Yes
Jacob Hill,27.0,IT,76700.0,5.0,No
Samantha Howard,,,79900.0,17.0,Yes
Michael Hicks,33.0,IT,77100.0,10.0,Yes
April Wallace,54.0,Engineering,117000.0,23.0,Yes
Mckenzie Chavez,41.0,Operations,67800.0,14.0,Yes
Michael Horton DDS,24.0,IT,53100.0,2.0,Yes
John Richards,41.0,IT,75600.0,8.0,Yes
Mary Hill,33.0,Finance,70900.0,6.0,No
Hailey Ball,39.0,IT,90000.0,11.0,Yes
Tiffany Williams,36.0,Operations,70500.0,12.0,Yes
Keith Gonzalez,30.0,Finance,63200.0,4.0,No
Joshua Harris,30.0,Customer Support,46100.0,3.0,Yes
Aaron Mayer,21.0,Sales,53000.0,0.0,No
Allison Chavez,46.0,IT,98500.0,21.0,Yes
Shelby Simon,34.0,Finance,70900.0,6.0,Yes
Chad Flores,38.0,Engineering,88200.0,,Yes
Stephanie Garcia,34.0,Sales,60600.0,8.0,Yes
Matthew Giles,34.0,IT,81900.0,8.0,Yes
Mary Ortiz,,IT,77700.0,11.0,Yes
Gregory Johnson,41.0,HR,68500.0,11.0,Yes
Jill Ray,44.0,Finance,83800.0,18.0,Yes
Jeanette Obrien,39.0,Finance,86200.0,,Yes
Robert Newton,34.0,,52200.0,8.0,Yes
Betty Vazquez,27.0,Operations,49000.0,2.0,No
Mrs. Janice Fitzpatrick,48.0,HR,69000.0,19.0,Yes
Joshua Garcia,26.0,Finance,66700.0,2.0,No
Alan Davis DVM,43.0,HR,,13.0,Yes
Daniel Luna,30.0,Marketing,65000.0,8.0,Yes
Scott Brown,,Engineering,93600.0,8.0,Yes
Victoria King,44.0,Sales,75300.0,12.0,Yes
Andre Cortez,44.0,Sales,71700.0,15.0,Yes
John Moore,40.0,Sales,76300.0,16.0,Yes
Jeffrey Miller,37.0,IT,83800.0,13.0,Yes
Tiffany Townsend,51.0,Finance,68300.0,10.0,Yes
Adam Lara,44.0,IT,88200.0,14.0,Yes
Lydia Horn,35.0,Marketing,72700.0,11.0,Yes
Tamara Mcdonald,43.0,Engineering,86600.0,13.0,Yes
Penny Waters,35.0,Operations,,9.0,Yes
Stephanie Li,35.0,Finance,69400.0,6.0,No
Dr. Sarah Payne,41.0,Finance,73100.0,9.0,Yes
Amanda Campbell,45.0,HR,54400.0,7.0,Yes
Bridget White,45.0,Engineering,78900.0,7.0,Yes
Alvin Wilson,42.0,Marketing,76200.0,14.0,Yes
Scott Stewart,43.0,Operations,62600.0,12.0,Yes
Nicole Herman MD,45.0,IT,80600.0,8.0,Yes
David Chapman,50.0,Finance,91100.0,17.0,Yes
Wanda Ramos,30.0,Marketing,66400.0,5.0,No
John Alvarado,30.0,Operations,63500.0,5.0,Yes
Jamie Smith,41.0,Engineering,97700.0,14.0,Yes
Ashley Jones,42.0,Operations,61600.0,10.0,Yes
David Oconnell,27.0,Engineering,83800.0,4.0,No
Kenneth Webb,37.0,IT,77200.0,8.0,Yes
Darin Byrd,26.0,HR,47400.0,4.0,No
Laurie Silva,33.0,IT,,7.0,Yes
Derek Williams,32.0,Sales,49500.0,5.0,Yes
Anne Obrien,33.0,IT,58400.0,4.0,No
Dorothy Boyd,22.0,Marketing,45200.0,1.0,No
Lori Holland,,Sales,52100.0,3.0,No
Stephanie Peterson,37.0,Marketing,74900.0,8.0,Yes
Joshua Rice,,Engineering,81000.0,4.0,Yes
Cindy Kelley,36.0,Sales,62200.0,8.0,Yes
Andrea Moody,34.0,IT,83300.0,9.0,Yes
Barbara Hester,37.0,IT,74000.0,9.0,Yes
Catherine Castaneda,30.0,Sales,62800.0,6.0,No
Natalie Oconnor,36.0,Sales,79500.0,10.0,Yes
Dr. Teresa Ortega MD,37.0,IT,73700.0,,Yes
Stephanie Knight,22.0,Engineering,67300.0,1.0,No
Rachel Bradley,21.0,Sales,55300.0,0.0,No
Samantha Cohen,33.0,Operations,63300.0,6.0,Yes
Mr. Jeremy Cohen Jr.,55.0,Operations,84000.0,20.0,Yes
Sabrina Henderson DVM,21.0,Engineering,64800.0,0.0,No
Cynthia Miller,35.0,Engineering,84500.0,12.0,Yes
Brian Pena,43.0,IT,,11.0,Yes
Lauren Kim,29.0,Operations,70700.0,6.0,Yes
Jeffrey Chandler,42.0,IT,81100.0,10.0,Yes
Richard Johnson,43.0,Operations,63000.0,8.0,Yes
Beth Medina,32.0,Sales,59500.0,5.0,Yes
Kimberly Sullivan,35.0,Sales,67500.0,11.0,Yes
Cindy Shaw,41.0,Engineering,80000.0,10.0,Yes
Chelsea Ramirez,21.0,IT,66200.0,0.0,No
Michael Gordon,29.0,Engineering,99200.0,,Yes
Jeremy Hunter,31.0,IT,74300.0,5.0,Yes
Felicia Matthews,43.0,Customer Support,74100.0,15.0,Yes
Jacob Allen,29.0,Customer Support,58300.0,7.0,Yes
Jonathon Hill,30.0,Sales,57300.0,5.0,No
Angel Aguirre,,Engineering,76700.0,3.0,No
Joseph Day,,Engineering,78200.0,6.0,Yes
David Cooper,54.0,HR,76500.0,23.0,Yes
Laura Medina,27.0,Customer Support,41900.0,2.0,No
Catherine Davis,36.0,Customer Support,42900.0,7.0,Yes
Joseph Lane,50.0,IT,104500.0,24.0,Yes
Gina Clark,49.0,IT,102200.0,21.0,Yes
Jennifer Adkins,42.0,Engineering,89800.0,8.0,Yes
Stacy Rodriguez,31.0,Engineering,95400.0,7.0,Yes
Morgan Evans,43.0,Operations,77500.0,17.0,Yes
Angelica Mays,21.0,Engineering,74600.0,0.0,No
Karen Wood,24.0,IT,74700.0,2.0,No
Jason Love,39.0,Engineering,102200.0,12.0,Yes
Joel Mclean,21.0,Customer Support,43700.0,0.0,No
John Watts,28.0,Engineering,74600.0,2.0,No
Brittney Bradley,23.0,Operations,57000.0,1.0,No
Chelsea Nichols,34.0,Sales,65900.0,7.0,No
Denise Reese,26.0,IT,86900.0,4.0,No
Ryan Harris,29.0,Operations,,6.0,No
Marilyn Page DVM,27.0,Engineering,89800.0,5.0,Yes
Jordan Nelson,24.0,Customer Support,40400.0,1.0,No
Tammy Cox,33.0,IT,74100.0,10.0,Yes
Tamara Harris,36.0,Operations,69800.0,12.0,Yes
Lisa Allen,38.0,IT,83600.0,9.0,Yes
Jimmy Newman,,Marketing,76100.0,6.0,
Renee Melendez,29.0,Customer Support,42800.0,4.0,No
Nicholas Lawrence,54.0,IT,102200.0,20.0,Yes
Colleen Hernandez,24.0,Operations,45400.0,2.0,No
Joseph Ayers,48.0,Operations,80400.0,16.0,Yes
Michael Savage,33.0,,71000.0,8.0,Yes
Ruben Benton,39.0,Marketing,78500.0,15.0,Yes
Jane Reese,25.0,IT,71700.0,2.0,No
Jonathan Perez,33.0,Sales,54200.0,4.0,Yes
Robert Jones,38.0,HR,70100.0,13.0,Yes
David James,27.0,Engineering,76100.0,4.0,Yes
Robert Jones,31.0,Finance,75200.0,7.0,
Michael Brown,50.0,Marketing,67600.0,9.0,Yes
Pamela Sanders,48.0,IT,85900.0,9.0,Yes
Amber Cooper,26.0,IT,70100.0,2.0,No
Marie Reynolds,33.0,Engineering,87500.0,5.0,Yes
John Mcneil,47.0,Engineering,89500.0,10.0,Yes
Melissa Foster,31.0,Finance,57300.0,6.0,Yes
Greg Dyer,33.0,Operations,65400.0,9.0,Yes
Susan May,41.0,IT,79300.0,9.0,Yes
Stephanie Brown,35.0,Engineering,77100.0,9.0,Yes
Abigail Hart,36.0,Operations,50500.0,6.0,No
Brandy James,38.0,Sales,76100.0,14.0,Yes
Samuel Stuart,21.0,Sales,50400.0,0.0,No
Cynthia Moore,21.0,HR,43500.0,0.0,No
James Bennett,23.0,Finance,64500.0,2.0,No
Maria Sanders,33.0,Engineering,73600.0,6.0,No
Monica Aguilar,31.0,Finance,71800.0,8.0,Yes
John Hebert,26.0,Operations,54300.0,4.0,No
Jason Hayes,31.0,Engineering,81300.0,8.0,Yes
Megan Baker,37.0,IT,84000.0,10.0,Yes
Lauren Watts,34.0,Sales,60500.0,8.0,Yes
Stephen Anderson,44.0,,80400.0,15.0,Yes
Carrie Ware,27.0,Finance,67800.0,5.0,Yes
Alyssa Vance,45.0,Operations,62300.0,10.0,Yes
Anthony Ayala,32.0,Finance,62600.0,6.0,Yes
Michael Miller,38.0,Engineering,91700.0,11.0,Yes
Gregory Martinez,39.0,Engineering,95100.0,14.0,Yes
Matthew Carroll,29.0,,75300.0,6.0,Yes
Emily Riley MD,30.0,Customer Support,46500.0,3.0,No
Debbie Ward,45.0,Engineering,97800.0,14.0,Yes
Paula Caldwell,40.0,Operations,65700.0,10.0,No
Kelsey Smith,42.0,Marketing,65600.0,12.0,Yes
Larry Robertson,39.0,Operations,59800.0,8.0,Yes
Maureen Bates,41.0,Sales,64100.0,10.0,Yes
Heather Trujillo,34.0,IT,345400.0,5.0,Yes
Heather Bradford,29.0,Marketing,62400.0,6.0,No
Michelle Williams,29.0,HR,39300.0,5.0,No
Carrie Rodriguez,31.0,Finance,74000.0,6.0,Yes
Christine Baker,36.0,Operations,51000.0,7.0,No
James Smith,38.0,IT,92000.0,13.0,Yes
Donna Snyder,36.0,Operations,,7.0,Yes
Travis Allen,32.0,IT,73700.0,4.0,No
Paul Keller,25.0,Engineering,82400.0,3.0,No
Jason Quinn,32.0,HR,49200.0,7.0,Yes
Amanda Davis,40.0,Engineering,88100.0,10.0,Yes
Krista White,32.0,HR,66500.0,6.0,Yes
Christopher Dalton,39.0,Finance,72200.0,11.0,Yes
Mr. Phillip Edwards,31.0,Customer Support,54400.0,8.0,Yes
Charles Willis,47.0,Operations,77700.0,13.0,
Danielle Smith,38.0,Marketing,79800.0,12.0,Yes
Leslie Barton,,Customer Support,42200.0,6.0,Yes
Benjamin Chavez,39.0,Engineering,97700.0,14.0,Yes
Jeffrey Leon,37.0,Sales,55700.0,6.0,No
Steven Morales,24.0,IT,71800.0,2.0,No
Timothy Bauer,39.0,Marketing,78000.0,10.0,Yes
Kevin Young,23.0,HR,52800.0,1.0,No
James Hood,30.0,IT,78500.0,5.0,No
Angelica Clark,35.0,Marketing,68800.0,8.0,Yes
Mariah Brown,25.0,IT,55300.0,2.0,No
Rachel Franco DDS,21.0,Marketing,47500.0,0.0,No
William Keith,45.0,Finance,86200.0,11.0,Yes
Debra Blackburn,22.0,Engineering,84200.0,1.0,No
Maureen Carter,32.0,Engineering,86500.0,9.0,Yes
George Hall,,Customer Support,45100.0,10.0,Yes
Anna Pierce,35.0,HR,50600.0,8.0,Yes
Christopher Cain,43.0,Finance,68100.0,9.0,No
April Taylor,33.0,Sales,57700.0,7.0,Yes
Samantha Salinas,42.0,Sales,65800.0,7.0,Yes
Mr. Raymond Lawson,44.0,IT,90300.0,14.0,Yes
Anthony Berg,33.0,Sales,60300.0,8.0,Yes
Jason Graves,26.0,Finance,68000.0,4.0,No
David Hamilton,35.0,Sales,56100.0,8.0,Yes
Jackie Jones,,Marketing,63000.0,10.0,Yes
Christopher Cameron,46.0,Marketing,83700.0,21.0,Yes
Emily Arnold,37.0,Engineering,94700.0,10.0,Yes
Matthew Miles,27.0,Engineering,84500.0,4.0,No
Zachary Yu,52.0,Operations,67000.0,10.0,No
Teresa Obrien,23.0,Sales,59400.0,1.0,No
Richard Chandler,45.0,Marketing,64800.0,10.0,Yes
Debbie Dunn,31.0,HR,57800.0,7.0,Yes
Emily Lane,46.0,Marketing,80000.0,18.0,Yes
Mark Anderson,36.0,Engineering,91800.0,10.0,Yes
Alicia Navarro,37.0,IT,87900.0,10.0,Yes
Susan Serrano,37.0,Engineering,83400.0,11.0,Yes
John Garcia,41.0,Marketing,,8.0,Yes
Christopher Ayala,27.0,Sales,62800.0,2.0,No
Rhonda Evans,28.0,Engineering,84000.0,4.0,Yes
Jordan Calhoun MD,36.0,IT,71300.0,6.0,Yes
Michael Marsh,47.0,Sales,77400.0,11.0,Yes
Heather Herman,45.0,Engineering,91600.0,11.0,Yes
Alex Lamb,27.0,Engineering,81700.0,5.0,No
Jennifer Moore,28.0,Sales,53500.0,5.0,No
Wendy Fisher,21.0,Engineering,66000.0,0.0,No
Ryan Murphy,41.0,Customer Support,53400.0,10.0,Yes
Teresa Velasquez,38.0,HR,61700.0,11.0,Yes
Chelsey Clark,21.0,Marketing,42900.0,0.0,No
Kayla Schneider,28.0,IT,68800.0,6.0,No
Ernest Bush,41.0,Engineering,80000.0,10.0,Yes
Mr. Logan Gregory,30.0,Finance,62200.0,5.0,Yes
Diana Hawkins,23.0,Marketing,45700.0,2.0,No
Mr. Alexander Davies,26.0,Marketing,52300.0,3.0,No
April Schneider,57.0,Operations,72900.0,17.0,Yes
James Anderson,28.0,Sales,43300.0,3.0,No
Raymond Santos,49.0,Operations,70000.0,15.0,Yes
Melissa Brewer,38.0,IT,,11.0,Yes
Casey Francis,21.0,IT,72500.0,0.0,No
Daniel Murphy,28.0,Finance,62000.0,3.0,No
Edward Hill,47.0,Customer Support,65700.0,11.0,Yes
Anthony Cherry,34.0,IT,77900.0,6.0,No
James Gonzalez,39.0,IT,80500.0,8.0,Yes
Megan Juarez,42.0,IT,92500.0,13.0,Yes
Robert Durham,21.0,Sales,53600.0,0.0,No
Cody Hoover,29.0,,57300.0,4.0,Yes
Janet Flowers,50.0,Engineering,,15.0,Yes
Kari Jones,40.0,Marketing,61700.0,12.0,Yes
Brian Porter MD,41.0,Marketing,77700.0,15.0,Yes
Kelly Hubbard,21.0,IT,70100.0,0.0,No
Andre Farrell,29.0,Customer Support,40800.0,4.0,Yes
Rebecca Perez,35.0,Sales,75800.0,12.0,Yes
Jason Nguyen,41.0,Engineering,102200.0,15.0,Yes
Brenda Harvey,40.0,Sales,64100.0,9.0,Yes
Christopher Cox,26.0,Customer Support,45000.0,3.0,Yes
David Simpson,45.0,Sales,76400.0,12.0,Yes
Stephen Ho,43.0,Sales,77500.0,7.0,Yes
Rebecca Estrada,49.0,Marketing,95200.0,16.0,Yes
Sandra Mccoy,47.0,Engineering,89700.0,10.0,No
April Ryan,37.0,Finance,93800.0,13.0,Yes
Jeffrey Owens,21.0,Sales,40200.0,0.0,No
Michael Clay,,HR,54200.0,4.0,No
Lauren Hooper,36.0,Operations,73600.0,5.0,Yes
Mark Edwards,33.0,Engineering,87200.0,7.0,Yes
Michael Robinson,35.0,IT,71500.0,5.0,
Alicia James,40.0,Engineering,101400.0,14.0,Yes
Tiffany Jackson,,Operations,69100.0,7.0,Yes
Jeffrey Long,41.0,Engineering,109800.0,16.0,Yes
Alexis Nelson,37.0,IT,72900.0,6.0,No
Jill Barajas,29.0,Engineering,89500.0,4.0,No
Scott Lin,35.0,Marketing,61100.0,,No
Isaac Chase,25.0,Sales,53000.0,3.0,Yes
Patricia Le,35.0,Marketing,64900.0,8.0,Yes
Cody Hart,54.0,Customer Support,86800.0,27.0,Yes
Grant Wood,35.0,Engineering,91500.0,10.0,Yes
Anna Jackson,32.0,Sales,54700.0,4.0,No
Rachel Smith,21.0,Finance,67800.0,0.0,No
Kelly Romero,50.0,Operations,88300.0,19.0,Yes
Chase Young MD,31.0,Finance,66900.0,4.0,Yes
Eric Jordan,24.0,Sales,47800.0,2.0,No
Anthony James DVM,24.0,,77700.0,2.0,No
Carrie Lewis,30.0,Operations,55300.0,3.0,No
Savannah Johns,38.0,Engineering,93700.0,11.0,Yes
Sara Barrett,36.0,Operations,76800.0,10.0,Yes
Tony Thomas,37.0,Finance,77900.0,10.0,Yes
Samuel Suarez,37.0,,72200.0,11.0,Yes
Hunter Williamson,42.0,HR,83300.0,16.0,Yes
Zachary Mitchell,40.0,Customer Support,51600.0,10.0,Yes
Jennifer Underwood,39.0,Engineering,,6.0,No
Joshua Henderson,48.0,Sales,95400.0,22.0,Yes
Mr. Kyle Thomas DDS,21.0,Customer Support,42000.0,0.0,No
Krista Williams,21.0,Marketing,52100.0,0.0,No
Thomas Mills,33.0,IT,74800.0,,Yes
Ronald Marshall,31.0,Finance,71200.0,8.0,Yes
Mary Moss,32.0,Operations,64600.0,9.0,Yes
Stephanie Valdez,22.0,IT,64200.0,1.0,Yes
Matthew White,41.0,Finance,70100.0,11.0,Yes
Anthony Armstrong,26.0,Marketing,62800.0,2.0,Yes
Diana May,38.0,HR,59600.0,6.0,
Michael Henderson,31.0,HR,56000.0,4.0,No
Elizabeth Brock,37.0,HR,58500.0,12.0,Yes
Ryan Harmon,35.0,Marketing,73800.0,10.0,Yes
Diane Bishop,26.0,Finance,57200.0,2.0,No
Janice Fernandez,38.0,Sales,67900.0,13.0,Yes
Andrew Whitney,30.0,IT,79500.0,3.0,No
Brittney Martinez,34.0,,80200.0,6.0,No
Mrs. Jacqueline Jackson,30.0,Engineering,73200.0,5.0,No
Danny Lowe PhD,21.0,HR,36800.0,0.0,No
Brittany Hoffman,27.0,IT,68100.0,3.0,Yes
Lisa Ryan,32.0,Operations,59700.0,5.0,No
Michael Smith,51.0,Engineering,104000.0,20.0,
Tina Melendez,34.0,Operations,69400.0,11.0,Yes
Megan Aguilar,36.0,Operations,64000.0,11.0,Yes
Ann Hobbs,25.0,Sales,49100.0,3.0,No
Melanie Garrett,29.0,HR,55800.0,4.0,No
Arthur Mcneil,42.0,IT,71700.0,7.0,Yes
Adam Delgado,32.0,Engineering,89000.0,7.0,Yes
Ricky Diaz,21.0,Operations,51300.0,0.0,No
Patricia Hayes,43.0,HR,69400.0,14.0,Yes
Kathryn Mccann,32.0,Engineering,80400.0,5.0,Yes
Candace Mitchell,36.0,Engineering,86400.0,5.0,Yes
Jeremy Turner,34.0,Engineering,79000.0,7.0,Yes
Christopher Klein,32.0,Sales,58100.0,7.0,No
Edwin Carter,39.0,Sales,64600.0,8.0,Yes
Samantha Zavala MD,38.0,Engineering,,13.0,Yes
Gina Wallace,24.0,Engineering,69600.0,2.0,No
Thomas Phillips,21.0,Finance,55100.0,0.0,No
Sarah Thompson,38.0,Engineering,89000.0,13.0,Yes
Kevin Oconnor,36.0,Operations,54900.0,6.0,Yes
Dennis Blanchard,45.0,Operations,87200.0,20.0,Yes
Bradley Pacheco,40.0,HR,64000.0,13.0,Yes
Christopher Knox,30.0,HR,54900.0,5.0,Yes
Johnathan Harper,41.0,IT,81600.0,13.0,Yes
Sarah Pittman,39.0,Operations,69600.0,13.0,Yes
Juan Gilbert,35.0,Engineering,84700.0,8.0,Yes
Kiara Mcintyre,40.0,Sales,62900.0,8.0,Yes
Sally Fernandez,24.0,Engineering,77200.0,2.0,No
Luke Moore,35.0,IT,77300.0,5.0,Yes
Anna Lee,37.0,HR,66000.0,11.0,Yes
Rebecca Davis,28.0,Finance,57400.0,4.0,Yes
Teresa Thompson,38.0,Finance,88100.0,14.0,Yes
Erin Summers,30.0,Engineering,75900.0,5.0,No
Thomas Bowman MD,38.0,Marketing,61700.0,5.0,Yes
Anna Andersen,26.0,Marketing,50300.0,2.0,Yes
Jodi Miller,25.0,Operations,45800.0,2.0,No
Miss Gina Walton,37.0,IT,81300.0,6.0,No
Shannon Ramirez,50.0,IT,116500.0,20.0,Yes
Joanne Olsen,48.0,Marketing,82600.0,19.0,Yes
Kelsey Griffith,40.0,IT,66300.0,6.0,Yes
Heather Wolf,36.0,Finance,73300.0,8.0,Yes
Sophia Wolf,46.0,IT,96000.0,15.0,Yes
Jessica Johnson,45.0,HR,76200.0,17.0,
Susan Williams,35.0,Finance,66700.0,,Yes
Anthony Ashley,43.0,IT,91100.0,11.0,Yes
Cynthia Le,37.0,Customer Support,66600.0,12.0,Yes
Shelly Spencer,27.0,Engineering,77300.0,4.0,No
Michael Stevens,,Operations,87700.0,20.0,Yes
Lindsey York,27.0,Operations,57400.0,3.0,No
Tammy Hendrix,33.0,Engineering,96500.0,8.0,Yes
Andrew Robinson,44.0,IT,88300.0,17.0,Yes
Riley Bryant,29.0,Operations,50300.0,3.0,No
Dr. Mario Harris DDS,47.0,Customer Support,79100.0,22.0,Yes
Angela Brown,41.0,IT,74000.0,8.0,No
Sheri Murphy,36.0,Customer Support,63100.0,7.0,No
Sharon Smith,33.0,IT,72100.0,4.0,No
Elizabeth Miller,29.0,IT,68300.0,4.0,No
Christian Rowe,27.0,IT,76400.0,3.0,Yes
Lori Guerrero,41.0,Marketing,73800.0,15.0,Yes
Joseph Miller,21.0,Engineering,68500.0,0.0,No
Sean White,38.0,Customer Support,69000.0,11.0,Yes
Pamela White,21.0,Operations,53700.0,0.0,No
Taylor Espinoza,31.0,IT,,6.0,No
Michele Hill,31.0,Engineering,70300.0,4.0,Yes
Dennis Huffman,40.0,HR,63400.0,6.0,No
Jeffery Jordan,37.0,Engineering,91100.0,10.0,No
Justin Moreno,33.0,Engineering,88500.0,10.0,Yes
Megan Carlson,34.0,IT,97200.0,9.0,Yes
Tyler Patel,40.0,HR,63900.0,12.0,Yes
Maria Campbell,40.0,Customer Support,72400.0,15.0,Yes
Chad Palmer,22.0,Finance,62700.0,1.0,No
Allen Porter,28.0,Engineering,77400.0,4.0,Yes
Paul Moreno,29.0,IT,73300.0,6.0,Yes
Robert Hampton,31.0,Sales,59800.0,4.0,
Brent Stewart,37.0,Marketing,83300.0,13.0,Yes
Kelly Hughes,31.0,IT,76000.0,8.0,No
David Morse Jr.,36.0,IT,,9.0,No
Jennifer Jones,35.0,Finance,84600.0,7.0,Yes
Dr. Travis Morris DDS,41.0,Marketing,69700.0,8.0,Yes
Jon Garza,38.0,Operations,58500.0,8.0,No
Jason Khan,21.0,Operations,52200.0,0.0,No
Devon Davis,,Operations,39200.0,0.0,No
Christina Flores,35.0,HR,,11.0,Yes
Nicholas Massey,41.0,Operations,82300.0,12.0,Yes
Lori Mitchell,,Sales,53000.0,0.0,No
Bridget Carter,40.0,Operations,70500.0,16.0,Yes
Marc Mitchell,39.0,Finance,89200.0,13.0,Yes
Jillian Carrillo,33.0,HR,68000.0,10.0,Yes
Elizabeth Taylor,39.0,Engineering,83000.0,13.0,Yes
Michelle Davis DVM,23.0,HR,48200.0,1.0,No
Kara Sandoval,32.0,IT,80600.0,8.0,Yes
Dr. John Ramirez,26.0,HR,56400.0,4.0,No
Richard Potter,51.0,Sales,88300.0,19.0,Yes
April King,43.0,Finance,98800.0,18.0,Yes
Matthew Roberts,42.0,Sales,91200.0,16.0,Yes
Robert Walker,42.0,IT,87400.0,14.0,Yes
Richard Mccormick,34.0,HR,57800.0,4.0,No
Philip Munoz,21.0,Marketing,46600.0,0.0,No
Michael Wang,48.0,IT,89500.0,23.0,Yes
Allison Hill,34.0,Marketing,66000.0,9.0,Yes
Deanna Kennedy,21.0,Customer Support,34900.0,0.0,No
Deborah Johnson,36.0,Customer Support,63100.0,13.0,Yes
Austin Smith,28.0,Customer Support,49600.0,2.0,No
David Smith,47.0,Sales,83400.0,19.0,Yes
Benjamin Sullivan,36.0,Marketing,62800.0,8.0,Yes
Thomas Sellers,45.0,Engineering,97900.0,19.0,Yes
Jacqueline Turner,48.0,Marketing,85300.0,17.0,Yes
George Taylor,44.0,Finance,82600.0,15.0,Yes
Sergio Andrews,23.0,IT,77300.0,1.0,No
Joanna Pacheco,,Marketing,80200.0,14.0,Yes
Bonnie Santos,35.0,Operations,49400.0,7.0,Yes
Molly Mckenzie,,Engineering,87400.0,4.0,No
Matthew Guzman,46.0,Engineering,,21.0,Yes
Erica Turner,42.0,Finance,85700.0,12.0,Yes
Marcus Brown,24.0,Engineering,81800.0,1.0,No
Christine King,46.0,Operations,63700.0,12.0,Yes
Brooke Harmon,49.0,IT,93200.0,,Yes
Leslie Martin,23.0,IT,64700.0,1.0,No
Tammy Mcdowell,43.0,IT,84700.0,15.0,Yes
Renee Shields,52.0,Customer Support,70400.0,17.0,Yes
Charles Shah,40.0,Sales,79200.0,14.0,Yes
Kristen Smith,36.0,Engineering,99600.0,13.0,Yes
Anthony Mueller,28.0,Engineering,80000.0,4.0,Yes
Daniel Williams,,Sales,54900.0,0.0,No
Walter Hansen,33.0,Sales,64300.0,,Yes
Elaine Martin,54.0,Sales,85600.0,21.0,Yes
Katherine Taylor,24.0,Engineering,72000.0,2.0,No
Laura Alvarez,29.0,IT,71000.0,6.0,No
Adam Garcia,39.0,Marketing,60200.0,7.0,Yes
William Juarez,31.0,IT,80500.0,6.0,Yes
Stephen Lopez,21.0,IT,74000.0,0.0,No
Bonnie Larson,49.0,IT,111000.0,22.0,Yes
Chad Moreno,36.0,Operations,65200.0,12.0,Yes
Louis Martin,,Finance,71400.0,7.0,Yes
Annette Knapp,32.0,HR,51600.0,6.0,No
Erin Smith,34.0,Finance,58200.0,4.0,No
Stefanie Simmons,51.0,IT,86500.0,16.0,
Michael Cooper,26.0,Marketing,73900.0,4.0,Yes
Michael Jones,43.0,HR,73800.0,15.0,Yes
Nichole Alvarez,30.0,IT,68000.0,6.0,Yes
Gregory Jacobs,46.0,Sales,71600.0,14.0,Yes
Gabriel Copeland MD,42.0,IT,102200.0,16.0,Yes
Mark Hill,36.0,IT,85100.0,11.0,Yes
Douglas Morton,33.0,Marketing,52600.0,5.0,No
Brandy Myers,30.0,Marketing,58300.0,7.0,Yes
Tiffany Wilson,29.0,Sales,56100.0,3.0,No
Steven Hull,29.0,IT,86700.0,6.0,Yes
Carla Jones,35.0,HR,65500.0,11.0,Yes
Julie Lee,46.0,Operations,74600.0,13.0,Yes
Robert Green,50.0,Operations,69600.0,23.0,Yes
Hayley Carter,25.0,Engineering,72200.0,1.0,No
Pam Baker,32.0,Marketing,69500.0,,Yes
Christina Taylor,21.0,Finance,63500.0,0.0,Yes
Aaron Cochran,41.0,Marketing,66100.0,,Yes
Aaron Zamora,32.0,Finance,74500.0,9.0,Yes
Destiny Duncan,47.0,Sales,79800.0,16.0,Yes
Andrea Hughes,30.0,IT,71500.0,3.0,No
Jennifer Garcia,49.0,Finance,94800.0,15.0,Yes
Shelly Alexander,35.0,Finance,82900.0,12.0,Yes
Jamie Solomon,25.0,HR,51700.0,2.0,No
Madison Richardson,38.0,Marketing,70000.0,11.0,
Anthony Hoover,32.0,HR,52800.0,6.0,Yes
Timothy Buck,39.0,Finance,76700.0,7.0,Yes
Brandon Kelly,31.0,IT,70900.0,4.0,No
Tracy Ballard,,Engineering,85100.0,7.0,No
Kevin Barton,35.0,Customer Support,56600.0,8.0,Yes
Justin Glover,27.0,HR,52200.0,4.0,Yes
David Peterson,37.0,Sales,61100.0,5.0,No
Kimberly Kaufman,32.0,IT,70500.0,5.0,No
Robert Walker PhD,34.0,IT,85800.0,8.0,Yes
Jimmy Hernandez,40.0,IT,97700.0,12.0,Yes
Tracy Frye,39.0,HR,64800.0,10.0,Yes
Lisa Martin,21.0,IT,58000.0,0.0,No
Erica Johnson,36.0,Sales,,13.0,Yes
Tammy Cameron,37.0,Finance,83600.0,12.0,Yes
Joseph Smith,57.0,HR,69100.0,14.0,Yes
Daniel Mendoza,22.0,Operations,39500.0,0.0,No
Kelly King,29.0,Sales,50700.0,5.0,No
Patrick Perez,29.0,Operations,47900.0,4.0,
Christopher Williams,40.0,Sales,72700.0,15.0,Yes
Sherry Miller,38.0,Marketing,68200.0,7.0,Yes
Ricky Reid,32.0,Engineering,81800.0,5.0,No
Jonathon Knapp,43.0,Marketing,68900.0,9.0,Yes
Scott Lopez,28.0,IT,67100.0,3.0,Yes
Christine Lopez,43.0,Operations,64500.0,10.0,Yes
Jackie Stewart,55.0,Operations,80700.0,15.0,Yes
Joseph Myers,46.0,Sales,58600.0,8.0,Yes
Anthony Proctor,37.0,IT,88200.0,13.0,Yes
Patricia Atkinson,21.0,Marketing,53600.0,0.0,No
Zachary White,38.0,Engineering,95100.0,14.0,Yes
Mark Davis,37.0,IT,73400.0,5.0,Yes
Kimberly Adams,35.0,Finance,65100.0,4.0,No
Terry Murphy,48.0,Engineering,96400.0,14.0,Yes
Emily Fleming,23.0,HR,46100.0,1.0,No
Christopher Mcmillan,30.0,Operations,53900.0,3.0,No
Christine Dillon,44.0,Operations,80300.0,17.0,Yes
Kathryn Price,34.0,Marketing,68000.0,10.0,Yes
Holly Austin,50.0,Marketing,101900.0,23.0,Yes
Tamara Davis,46.0,Marketing,78100.0,17.0,Yes
Kristin Hudson,32.0,Finance,71700.0,4.0,Yes
Scott Williams,30.0,HR,59200.0,6.0,Yes
Martha Williams,46.0,Sales,85100.0,20.0,Yes
Danielle Briggs,38.0,Engineering,,9.0,Yes
Ryan Smith,22.0,Engineering,81700.0,1.0,No
Ashley Sanchez,38.0,HR,53600.0,6.0,Yes
Shawn Luna,41.0,Engineering,82900.0,8.0,Yes
Aaron Lee,34.0,IT,87100.0,7.0,Yes
Gina Spencer,47.0,Engineering,94100.0,11.0,Yes
Susan Thompson,38.0,IT,80700.0,9.0,Yes
Patricia Andrews,,HR,66900.0,10.0,Yes
Scott Lopez,40.0,IT,81800.0,6.0,Yes
Caitlyn Horton,38.0,Engineering,,7.0,Yes
Dalton Santos,30.0,Finance,76800.0,7.0,No
Michael Evans,48.0,Customer Support,77600.0,20.0,Yes
Tammy Taylor,37.0,Marketing,51900.0,7.0,No
Michael Taylor,41.0,IT,93700.0,11.0,Yes
Samantha Walker,,Sales,78100.0,13.0,Yes
Steven Scott,21.0,Operations,49400.0,0.0,No
Tracy Smith,,HR,44400.0,8.0,Yes
Lori Davis,42.0,Engineering,95500.0,14.0,Yes
Katelyn Kim,32.0,Sales,54900.0,4.0,No
Thomas Morrison,23.0,Finance,51400.0,1.0,No
Deborah Patel,33.0,Marketing,71000.0,7.0,Yes
Steven Lee,33.0,IT,83600.0,6.0,Yes
Rachel Henderson,32.0,IT,82000.0,8.0,Yes
Mary Hill,28.0,Marketing,51700.0,4.0,Yes
Victoria Keller,38.0,IT,95700.0,13.0,Yes
Christine Tyler,38.0,Customer Support,50800.0,5.0,No
Nicole Lewis,21.0,IT,71700.0,0.0,No
Harold Wagner,51.0,Operations,78300.0,15.0,Yes
Kathy Robinson,36.0,HR,65400.0,8.0,Yes
Darlene Collins,26.0,Sales,59300.0,3.0,Yes
Christopher Fitzgerald,52.0,Customer Support,82100.0,21.0,Yes
Jose Travis,51.0,Engineering,102900.0,,
Jason Stein,39.0,Finance,86300.0,15.0,Yes
Michael Dennis,34.0,Customer Support,70900.0,9.0,
Cory Guerrero,45.0,HR,77000.0,11.0,Yes
Thomas Brewer,21.0,Operations,56500.0,0.0,Yes
Hunter Robinson,24.0,Operations,51600.0,2.0,Yes
Kimberly Elliott,32.0,Sales,,9.0,No
Courtney Mills,56.0,Engineering,89400.0,11.0,Yes
Raymond Quinn,32.0,IT,76800.0,6.0,No
Yvonne Chambers,43.0,Engineering,96000.0,14.0,Yes
William Hunter,25.0,Sales,58200.0,,No
Debra Christian,37.0,IT,83300.0,8.0,Yes
Candace Soto,32.0,Customer Support,42400.0,3.0,No
Ashley May DDS,39.0,Operations,60200.0,14.0,Yes
Justin Anderson,29.0,Customer Support,50300.0,3.0,No
Howard Norman,26.0,Finance,64000.0,3.0,No
Alexander Anderson,52.0,Marketing,95100.0,,Yes
Abigail Wilson,35.0,IT,78900.0,8.0,Yes
Tasha Cochran,51.0,Sales,72600.0,12.0,Yes
Lauren Walker,24.0,Marketing,63100.0,1.0,No
Haley Johnson,51.0,,88000.0,22.0,Yes
Jill Powers,36.0,Engineering,91400.0,8.0,Yes
Timothy Smith,36.0,Customer Support,54800.0,8.0,Yes
Robert Keith,26.0,Engineering,73500.0,4.0,Yes
Robert Gross,47.0,Sales,65500.0,11.0,Yes
Laura Wilson,34.0,Marketing,63500.0,9.0,Yes
Roger White,23.0,Customer Support,32200.0,1.0,No
Melinda Cervantes,28.0,IT,65200.0,4.0,No
Kathy Ortega,33.0,Sales,67100.0,,Yes
Sharon Cross,21.0,Finance,,0.0,No
Anthony Murphy,48.0,Operations,67100.0,14.0,Yes
Michelle Ho,28.0,Operations,60100.0,5.0,Yes
Devin Mayer,33.0,IT,77300.0,5.0,Yes
Aaron Black,31.0,IT,77800.0,6.0,Yes
Heather Sweeney,32.0,Customer Support,53300.0,6.0,Yes
Cindy Tucker,32.0,IT,75800.0,5.0,No
Karla Burton,53.0,Engineering,95800.0,14.0,Yes
Ryan Brown,23.0,Marketing,53800.0,1.0,No
Lisa Lopez MD,38.0,HR,64100.0,9.0,Yes
Anthony Simmons,31.0,Finance,62800.0,4.0,Yes
Valerie Patterson,39.0,Marketing,61100.0,7.0,Yes
Ariana Stewart,33.0,IT,81500.0,8.0,Yes
Joseph Green,40.0,Marketing,69000.0,6.0,Yes
Stacy Taylor,39.0,Sales,86800.0,15.0,Yes
Jonathan Perry,43.0,Marketing,75300.0,11.0,Yes
Christina Simon,38.0,IT,,6.0,No
Michael Brown,48.0,HR,65200.0,17.0,Yes
Janice Roberts,50.0,Finance,82700.0,11.0,Yes
Chad Jones,41.0,Finance,77600.0,14.0,Yes
Kimberly Price,,Finance,79300.0,12.0,Yes
Rachel Sullivan,31.0,Customer Support,52600.0,6.0,No
Matthew Mcmillan,36.0,Sales,61400.0,6.0,Yes
Heather Guzman,30.0,Marketing,67700.0,6.0,Yes
Rachel Jones,59.0,IT,113500.0,25.0,Yes
Tony Swanson,42.0,Engineering,,10.0,Yes
Matthew Bartlett,26.0,Customer Support,46100.0,3.0,No
Susan Larsen,34.0,Finance,79900.0,10.0,Yes
Cameron Parker,31.0,IT,66500.0,5.0,No
Lynn Smith,26.0,Sales,46400.0,2.0,No
Alex Barton,26.0,Sales,,4.0,Yes
Megan Mcneil,39.0,Marketing,66000.0,10.0,Yes
Susan Powers,35.0,IT,75200.0,4.0,No
Dale Ryan,42.0,IT,79000.0,9.0,Yes
Vincent Watson,47.0,IT,96800.0,12.0,Yes
Laura Hernandez,34.0,Finance,70900.0,6.0,Yes
Michael Gonzales,23.0,IT,55900.0,1.0,No
Rebecca Barrett,37.0,Sales,68700.0,13.0,Yes
Gregory Wiley,47.0,Sales,68500.0,14.0,Yes
Daniel Guerrero,44.0,Sales,78100.0,11.0,Yes
Michael Cruz,33.0,Engineering,80500.0,8.0,Yes
Mr. Thomas Thompson,36.0,Sales,56100.0,6.0,Yes
Dr. Gregory Arnold,50.0,IT,,18.0,Yes
Bryan Newman,44.0,Marketing,66200.0,11.0,Yes
Deborah Cherry,34.0,Marketing,76300.0,9.0,Yes
Bradley Jones,,Finance,53100.0,0.0,No
Leslie Torres,28.0,IT,70500.0,5.0,No
David Hall,25.0,Finance,60600.0,2.0,No
Morgan Cummings,21.0,IT,61800.0,0.0,No
Lindsey Chen,56.0,,107700.0,24.0,Yes
Abigail Riddle,21.0,Engineering,75000.0,0.0,No
William Hughes,39.0,Finance,81100.0,10.0,Yes
Ashley Malone,21.0,Sales,51200.0,0.0,No
Ralph Yoder,21.0,Engineering,72900.0,0.0,No
Valerie Benson,26.0,Sales,58700.0,,No
Jesus Shaw,29.0,Marketing,78300.0,6.0,No
Mary Mathews,39.0,Customer Support,57400.0,8.0,Yes
Nicole Gonzalez,31.0,Engineering,85100.0,5.0,No
Dana Hernandez,39.0,HR,60100.0,8.0,Yes
Ryan Walker,48.0,Finance,92100.0,16.0,Yes
Jennifer Brooks,33.0,Sales,,10.0,Yes
Gregory Martin,26.0,Operations,48200.0,2.0,Yes
Robert Vargas,39.0,Engineering,91400.0,11.0,
Christopher Black,57.0,Customer Support,91500.0,27.0,Yes
Ruth Clayton,40.0,HR,,15.0,Yes
Kristin Graham,52.0,HR,86800.0,20.0,Yes
Mark Webster,43.0,Marketing,68800.0,11.0,Yes
Leah Collier,35.0,IT,79900.0,8.0,Yes
James Tran,40.0,Engineering,91500.0,15.0,Yes
Vincent Reyes,34.0,Engineering,88700.0,6.0,No
Timothy Collins,30.0,Engineering,80900.0,5.0,Yes
Richard Hartman,32.0,HR,,6.0,Yes
Jennifer Johnson,37.0,Finance,75800.0,8.0,No
Patrick Buckley,,Customer Support,63300.0,18.0,Yes
Cynthia Haas,21.0,Engineering,72000.0,0.0,No
Andrea Baker,32.0,Engineering,83900.0,4.0,No
Stephanie Salazar,23.0,IT,62800.0,2.0,No
Michael Jackson,41.0,IT,104700.0,16.0,Yes
Kathleen Robertson,48.0,Operations,65600.0,9.0,Yes
Julia Johnston,34.0,Finance,76500.0,9.0,Yes
Angela May MD,35.0,Finance,64400.0,7.0,Yes
Sandra Becker,28.0,Operations,54700.0,5.0,No
Jimmy Terry,36.0,Engineering,84400.0,11.0,No
Jennifer Cooper,40.0,Engineering,90500.0,10.0,Yes
Garrett Robinson,41.0,Engineering,74800.0,6.0,Yes
Kevin Torres,37.0,HR,54400.0,8.0,Yes
Charlotte Roy,40.0,Customer Support,59300.0,15.0,Yes
Melinda French,25.0,Customer Support,,3.0,
Samuel Rocha,39.0,Finance,66100.0,6.0,Yes
Tanner James,31.0,Engineering,84900.0,5.0,No
Candice Ramirez,38.0,Sales,66700.0,11.0,Yes
Lisa Patterson,33.0,Finance,74800.0,9.0,Yes
Diana Hays,46.0,Customer Support,,17.0,Yes
Kelly Rodriguez,35.0,Marketing,60600.0,7.0,Yes
Jennifer Johnson,50.0,Sales,91300.0,24.0,Yes
Gerald Vega,21.0,,36900.0,0.0,Yes
James Hart,34.0,IT,62600.0,5.0,Yes
Louis Brown,33.0,Finance,69300.0,6.0,Yes
Dustin Hernandez,27.0,Engineering,67500.0,3.0,No
Joseph Garcia,30.0,IT,77900.0,7.0,No
Michelle Greer,22.0,Finance,72200.0,1.0,No
Andrew Lam,43.0,Sales,78500.0,18.0,Yes
Aaron Diaz,35.0,IT,90700.0,8.0,No
Jessica Buck,41.0,IT,71600.0,7.0,No
Ann Martin,31.0,Engineering,76400.0,4.0,Yes
Sandra Lyons,35.0,Operations,50300.0,5.0,No
Jackie Clements,32.0,Finance,73900.0,4.0,No
Eric Huerta,40.0,Finance,,13.0,Yes
Jason Flores,21.0,Customer Support,36800.0,0.0,No
Emily Robinson,27.0,Customer Support,56400.0,3.0,No
Jennifer Wise,26.0,Sales,60600.0,4.0,No
Mary Miller,37.0,IT,80600.0,11.0,Yes
Larry Rivera,48.0,Sales,86000.0,20.0,Yes
Kimberly Morris,30.0,Operations,65000.0,7.0,Yes
Lance Lynn,43.0,IT,82600.0,11.0,Yes
Patricia Harvey,33.0,IT,78100.0,4.0,No
Robert Flowers,35.0,Sales,64200.0,10.0,Yes
Lisa Fox,42.0,Marketing,81500.0,17.0,Yes
Melissa Banks,30.0,IT,242100.0,4.0,Yes
Stacey Clements,34.0,,85100.0,9.0,Yes
Joseph Coleman,44.0,Operations,75600.0,17.0,Yes
Anthony Brown,42.0,Operations,68600.0,9.0,Yes
James Williams,21.0,Customer Support,49400.0,0.0,No
Christina Roberts,43.0,Operations,67500.0,14.0,Yes
Carrie Stafford,38.0,Finance,69800.0,6.0,Yes
Breanna Lopez,30.0,Marketing,60100.0,6.0,Yes
Robin Donovan,,Customer Support,51600.0,9.0,Yes
Melissa Taylor,27.0,Operations,50400.0,3.0,No
Heather Duffy,45.0,Engineering,95100.0,13.0,Yes
Kristin Andrews,58.0,Sales,,,Yes
Ellen Morgan,48.0,Finance,96500.0,21.0,Yes
Larry Lane,26.0,Engineering,87200.0,,Yes
Jacqueline Mccoy,38.0,,72400.0,7.0,Yes
Sandra Torres,21.0,IT,73200.0,0.0,No
Nicholas Richardson,27.0,Customer Support,48500.0,5.0,No
Matthew Farley,21.0,Finance,60000.0,0.0,No
Mark Brown,33.0,Finance,77600.0,7.0,Yes
Alex Clements,31.0,Operations,54600.0,5.0,No
Mark Williamson,39.0,HR,81500.0,14.0,Yes
Christopher Hill,38.0,IT,73600.0,9.0,Yes
Destiny Bishop,33.0,HR,60300.0,5.0,Yes
Mrs. Valerie Owens,45.0,Engineering,91200.0,9.0,Yes
Desiree Spencer,36.0,HR,55600.0,9.0,Yes
Brittany Ward,32.0,IT,86200.0,7.0,Yes
Carla Goodman,39.0,IT,82600.0,13.0,Yes
Christopher Mullen,38.0,Engineering,94500.0,13.0,Yes
Daisy Larson,41.0,IT,100400.0,16.0,Yes
Jesse Lynch,35.0,Engineering,68600.0,4.0,No
William Holmes,34.0,Sales,53900.0,5.0,No
Kathy Lewis,42.0,Operations,65800.0,9.0,Yes
Christopher Patterson,21.0,IT,75800.0,0.0,No
Emily Coleman,25.0,Engineering,73900.0,3.0,No
David Jones,38.0,Engineering,85200.0,10.0,Yes
Dr. Roberto Johnston,41.0,Sales,71500.0,6.0,No
Ellen Thornton,42.0,Engineering,82600.0,10.0,Yes
John Lowe,46.0,Finance,94200.0,17.0,Yes
Colin Fletcher,40.0,IT,94200.0,14.0,Yes
Roger Johnson,28.0,Sales,60800.0,3.0,No
Jennifer Johnson,45.0,Marketing,78000.0,19.0,Yes
Terry Carr,27.0,HR,50100.0,4.0,Yes
Joshua Leonard,50.0,Operations,86300.0,19.0,Yes
Arthur Stout,39.0,Engineering,77200.0,6.0,No
Robert Byrd,28.0,IT,75600.0,5.0,Yes
Jesse Murphy,,IT,72300.0,8.0,Yes
Michael Wilson,32.0,Finance,73300.0,8.0,Yes
Ethan Jones,32.0,HR,57300.0,4.0,No
Linda Newman,27.0,IT,73400.0,5.0,No
Beth Ellis,22.0,Engineering,80200.0,1.0,Yes
Norman Porter,23.0,Finance,59200.0,1.0,No
Heather Woodard,27.0,IT,68900.0,2.0,No
Scott Stephens,40.0,HR,,12.0,Yes
Aaron Johnson,45.0,Marketing,73300.0,12.0,Yes
Jim Skinner,22.0,Operations,51100.0,0.0,No
Veronica King,33.0,Marketing,64100.0,10.0,Yes
David Reed,31.0,Operations,63400.0,5.0,Yes
Sheila Johnson,42.0,Finance,79000.0,12.0,Yes
Colton Martinez,27.0,,85600.0,5.0,No
Jason Snow,39.0,IT,74100.0,6.0,No
Isaiah Avila,24.0,Engineering,65800.0,1.0,No
Rebecca Edwards,37.0,IT,91200.0,9.0,Yes
Max Mcclain,34.0,,63300.0,9.0,Yes
Sherry Cox,40.0,HR,60500.0,9.0,Yes
Katherine Andrade,40.0,Operations,78200.0,16.0,Yes
William Herrera,35.0,Marketing,45700.0,5.0,Yes
Erin Stewart,46.0,Engineering,95400.0,20.0,Yes
Richard Reynolds,31.0,IT,72200.0,3.0,Yes
Kristin Herman,55.0,Finance,108400.0,26.0,Yes
Glen Wood,43.0,Marketing,72500.0,15.0,Yes
Felicia Murphy,21.0,,49400.0,0.0,No
Steven Clark,21.0,Engineering,72800.0,0.0,No
Allison Cunningham,22.0,Engineering,56000.0,0.0,No
Sean Nguyen,25.0,Finance,62200.0,2.0,No
Jordan Reeves,26.0,IT,72400.0,3.0,No
Terry Ward,41.0,Customer Support,74000.0,16.0,Yes
Tammy Lee,51.0,Marketing,92000.0,21.0,Yes
Donald Franklin,42.0,Sales,69100.0,7.0,No
Sally Leon,34.0,Finance,90600.0,7.0,No
Joseph Cooper,44.0,Engineering,101600.0,17.0,Yes
Latoya Howell,36.0,Engineering,84200.0,8.0,Yes
Thomas Garcia,47.0,IT,83400.0,10.0,Yes
Rebecca Jackson,27.0,Engineering,85800.0,4.0,No
Michael Martin,33.0,Customer Support,55600.0,5.0,Yes
Jason Gomez,36.0,Finance,82800.0,10.0,Yes
Dale Heath,45.0,HR,65800.0,10.0,Yes
Tanner Mann,37.0,Marketing,59200.0,9.0,Yes
Sandra Brown,45.0,Engineering,108900.0,19.0,Yes
Julia Mullins,33.0,,65200.0,10.0,Yes
Carl Leach,39.0,IT,93600.0,13.0,Yes
Bridget Wallace,34.0,IT,68800.0,,Yes
Lori Franco,34.0,IT,65200.0,7.0,Yes
Dana Smith,31.0,Engineering,78500.0,6.0,Yes
Tonya Kemp,25.0,HR,56500.0,2.0,No
Adam Burgess,38.0,Marketing,67200.0,7.0,Yes
Sarah Clements,48.0,IT,78100.0,8.0,Yes
Melissa Patrick,51.0,Engineering,88100.0,13.0,Yes
Jason Oliver,45.0,Operations,87900.0,19.0,Yes
Angel Hayes,39.0,Operations,57600.0,10.0,Yes
Tyler Chapman MD,30.0,IT,76000.0,5.0,Yes
Carl Campbell,40.0,Sales,68100.0,7.0,Yes
Michael Henry,30.0,Marketing,61100.0,3.0,No
Juan Parker,45.0,Engineering,96600.0,17.0,
Donna Moore,40.0,Customer Support,51900.0,9.0,No
Jennifer Sparks,21.0,IT,78600.0,0.0,No
Daniel Meyer,31.0,Engineering,78200.0,8.0,Yes
Joy Zimmerman,27.0,HR,54700.0,4.0,Yes
Rhonda Martin,21.0,IT,62000.0,0.0,No
Alex Steele,48.0,Finance,69400.0,12.0,Yes
Susan Armstrong,35.0,Finance,62100.0,6.0,Yes
Randall Cox,34.0,Sales,60900.0,4.0,Yes
Eric Foster,25.0,Marketing,48300.0,2.0,No
Robert Dennis,58.0,IT,79000.0,13.0,Yes
Crystal Davis,44.0,Sales,73500.0,10.0,Yes
Casey Blanchard,45.0,Finance,87100.0,12.0,Yes
Linda Jones,35.0,HR,53500.0,5.0,No
Dawn Jones,38.0,Sales,64200.0,12.0,Yes
Abigail Baird,48.0,Marketing,85200.0,21.0,Yes
Robin Jones,22.0,IT,68100.0,1.0,No
Cindy Gomez,28.0,Finance,,3.0,No
Bradley Cobb,49.0,Operations,79900.0,17.0,Yes
Michael Flores,35.0,IT,331600.0,8.0,Yes
Emma Owens,44.0,IT,94800.0,16.0,Yes
Tammy Lynch,,,51800.0,11.0,Yes
Derek Hall,28.0,IT,71800.0,3.0,No
Shannon Rogers,37.0,Engineering,89400.0,8.0,Yes
Victor Brown,45.0,,52300.0,14.0,Yes
Olivia Dorsey,29.0,Operations,44700.0,3.0,No
Jonathan Torres,22.0,Engineering,70300.0,1.0,No
Ashley Schaefer,21.0,HR,38600.0,0.0,No
Sara Hernandez,28.0,Finance,67400.0,5.0,Yes
Sylvia Schroeder,47.0,Engineering,99000.0,10.0,Yes
Sarah Jordan,28.0,Sales,57500.0,2.0,No
Crystal Pierce,38.0,IT,66800.0,9.0,Yes
Michelle Rodriguez,40.0,IT,74400.0,7.0,No
Cody Sanchez,27.0,Finance,53100.0,4.0,No
Alison Adams,46.0,Finance,81800.0,12.0,Yes
Kyle Mccarthy,,Marketing,70300.0,13.0,Yes
Nancy Chavez,33.0,Finance,72900.0,4.0,Yes
Robert Frank,27.0,Engineering,76100.0,3.0,Yes
Jeffrey Benton Jr.,31.0,Sales,55700.0,3.0,Yes
Bryan King,46.0,IT,,19.0,Yes
Brenda Oconnor,23.0,Marketing,57900.0,2.0,No
Allison Murray,41.0,Customer Support,49200.0,6.0,Yes
Valerie English,47.0,HR,59800.0,10.0,Yes
Jonathan Moss,28.0,Marketing,61200.0,6.0,Yes
Richard Howard,38.0,IT,,14.0,Yes
Lauren Smith,36.0,Engineering,85300.0,10.0,Yes
Shannon Hill,38.0,Engineering,100800.0,12.0,Yes
Robert Fleming,33.0,Customer Support,50200.0,9.0,No
Tracy Chavez,34.0,Sales,66800.0,11.0,Yes
Julie Anderson,31.0,Engineering,74300.0,4.0,No
Elaine Brooks,21.0,Engineering,74900.0,0.0,No
Richard Smith,47.0,Engineering,109300.0,20.0,Yes
Courtney Chapman,35.0,Finance,75900.0,12.0,Yes
Frank Lawson,49.0,HR,77000.0,18.0,Yes
James Morales DVM,21.0,Sales,48000.0,0.0,No
Tiffany Mcgee,32.0,Operations,58600.0,5.0,Yes
Omar Kelly,21.0,Sales,54800.0,0.0,No
Brian Black,48.0,HR,86500.0,22.0,Yes
Larry Harris,28.0,Marketing,56000.0,2.0,No
Ann Kennedy,45.0,HR,60300.0,9.0,
Jerry Hamilton,36.0,IT,81900.0,9.0,Yes
Adriana Parks,21.0,Sales,43300.0,0.0,No
Brent Jordan,38.0,IT,80300.0,11.0,Yes
Richard Washington,29.0,HR,69000.0,6.0,
Alexa Buck,39.0,IT,86700.0,15.0,Yes
Marilyn Henry,32.0,Finance,69600.0,6.0,No
Michael Stewart,37.0,Finance,85700.0,12.0,Yes
Kelly Gilbert,33.0,Marketing,68300.0,9.0,Yes
Nancy Gaines,23.0,IT,59600.0,1.0,No
Kendra Burton,52.0,Customer Support,88500.0,26.0,Yes
Stephanie Marshall,46.0,HR,59600.0,,Yes
Kimberly Thomas,40.0,Sales,75400.0,13.0,Yes
Karen Thomas,36.0,Sales,73500.0,12.0,Yes
Amanda Terrell,36.0,Marketing,64900.0,9.0,Yes
Carolyn Cantu,25.0,IT,66300.0,2.0,No
Bobby Matthews,35.0,Finance,68800.0,8.0,Yes
Madison Rodriguez,21.0,Sales,44400.0,0.0,No
Alicia Phillips MD,34.0,Customer Support,55500.0,7.0,Yes
John Browning,43.0,Marketing,79200.0,12.0,Yes
Virginia Johns,22.0,HR,37700.0,1.0,No
Rachel Williams,25.0,HR,43100.0,1.0,Yes
Michelle Smith,39.0,IT,95900.0,14.0,Yes
Tracy Mcguire,39.0,Engineering,100600.0,,Yes
Anthony Morales,26.0,IT,76200.0,2.0,No
David Lopez,24.0,Engineering,66300.0,2.0,No
Steven Rivera,36.0,Operations,,6.0,Yes
Lee Morton,26.0,Operations,61700.0,4.0,No
Deborah Smith,47.0,Engineering,106600.0,22.0,Yes
Allison Clark,21.0,Engineering,65800.0,0.0,No
Kelly Moore,28.0,IT,67500.0,2.0,No
Thomas Ramos,42.0,Operations,58200.0,7.0,Yes
Susan Jones,50.0,HR,91400.0,23.0,Yes
Timothy Thompson,37.0,Finance,78500.0,13.0,Yes
James Griffith,35.0,Sales,68100.0,10.0,Yes
Kimberly Lutz,40.0,Sales,58500.0,6.0,Yes
Jonathan Cortez,37.0,Engineering,80900.0,5.0,No
Teresa Jones,31.0,Finance,69500.0,7.0,Yes
Jennifer Vaughn,53.0,Engineering,104600.0,16.0,Yes
Charles Rodriguez,21.0,Engineering,74900.0,0.0,No
Kimberly Stone DDS,31.0,IT,80200.0,7.0,Yes
Lucas Schultz,33.0,Sales,50900.0,8.0,Yes
Alexis Tucker,36.0,Engineering,84200.0,,Yes
Jennifer Crawford,45.0,IT,84300.0,9.0,Yes
Lisa Torres,44.0,,57400.0,9.0,Yes
Jeanne Rose,42.0,Finance,85200.0,13.0,Yes
Crystal Hill,45.0,Marketing,67600.0,13.0,Yes
Ronald Martinez,39.0,Engineering,81700.0,6.0,Yes
Phillip Byrd,43.0,Engineering,73000.0,8.0,Yes
Ashley Brown,35.0,,79400.0,11.0,Yes
Gina Moore,42.0,Sales,66300.0,10.0,Yes
Victoria Wright,37.0,Operations,71100.0,12.0,Yes
Charles Strickland,28.0,Operations,51500.0,3.0,No
Tony Moore,45.0,IT,113100.0,20.0,Yes
Mitchell Anderson,37.0,IT,74600.0,9.0,Yes
Joann Forbes,29.0,Customer Support,53100.0,6.0,Yes
Melinda Anderson,31.0,Finance,74600.0,4.0,No
Vickie Hall,37.0,Finance,81700.0,10.0,Yes
Mr. Alexander Landry MD,21.0,Sales,,0.0,Yes
Jade Allen,57.0,Sales,81500.0,,Yes
Nicholas Cisneros,,Marketing,68000.0,13.0,Yes
Kim Beltran,40.0,Sales,77100.0,14.0,Yes
Hannah Perez MD,25.0,Sales,53500.0,3.0,No
Luke Solomon,36.0,Sales,58500.0,6.0,No
Robert Price,39.0,Operations,72500.0,15.0,Yes
Kari Simmons,22.0,Marketing,48800.0,1.0,No
Michele Bennett,36.0,Engineering,92000.0,11.0,Yes
Dustin Stein,44.0,Sales,88100.0,,Yes
Jessica Larsen,40.0,Engineering,85200.0,12.0,Yes
Courtney Morgan,21.0,,74900.0,0.0,
Mr. Carl Rios,50.0,Engineering,103200.0,21.0,Yes
Robert Jackson,32.0,Engineering,84800.0,8.0,Yes
Jason Chase,33.0,Operations,70200.0,7.0,No
Jeffrey Lynch,33.0,IT,,6.0,Yes
Jennifer Norman,41.0,Finance,79400.0,12.0,Yes
Donald Coleman,32.0,Operations,55200.0,4.0,Yes
Audrey Gomez,37.0,Engineering,87300.0,8.0,Yes
Travis Walters,59.0,Marketing,110500.0,25.0,Yes
Christina Myers,49.0,Operations,96800.0,19.0,Yes
Tammy Long,40.0,Marketing,69000.0,12.0,Yes
Ryan Rosales,30.0,Engineering,76100.0,6.0,No
James Montoya,39.0,Operations,70600.0,13.0,Yes
Jeffrey Ayala,30.0,Finance,68700.0,4.0,No
Christopher Farrell,43.0,Engineering,,14.0,Yes
Nicholas George,30.0,Marketing,76700.0,5.0,No
Cassandra Vasquez,37.0,Sales,75500.0,12.0,Yes
Brittany Rios,38.0,Engineering,85200.0,7.0,No
Jacob Hoover,31.0,Finance,74200.0,7.0,
Michael Baker,47.0,IT,94600.0,13.0,Yes
Mr. John Khan,24.0,IT,72500.0,1.0,No
Matthew Austin,36.0,HR,54700.0,6.0,Yes
Michael Buchanan,33.0,Sales,,4.0,No
Robert Moore,32.0,Finance,76600.0,9.0,Yes
Jerry Peters,37.0,HR,64800.0,5.0,No
Anthony Harmon,37.0,Engineering,93400.0,,Yes
Joanna Kelly,21.0,Customer Support,34000.0,0.0,No
Sarah Johnson,44.0,IT,99900.0,18.0,Yes
Marcus Fields,,Engineering,77000.0,3.0,
Eric Walker,,Finance,75500.0,7.0,No
Emma Reed,27.0,Engineering,70100.0,3.0,No
Claire Mcintosh,50.0,Sales,66600.0,10.0,No
Andrew Chavez,40.0,Marketing,89900.0,16.0,Yes
Matthew Baker,27.0,Engineering,76800.0,3.0,No
Joshua Ramos DDS,24.0,Operations,55700.0,2.0,No
Christopher Hudson,37.0,Customer Support,49300.0,6.0,No
Nicole Mcbride,32.0,IT,76600.0,6.0,
Jeffery Jennings,42.0,IT,92500.0,16.0,Yes
Brenda Hinton,36.0,IT,93300.0,,Yes
Aaron Hernandez,28.0,IT,62400.0,2.0,Yes
Dustin Wilson,39.0,IT,84600.0,14.0,Yes
Miss Tina Gordon,21.0,HR,43100.0,0.0,No
Theodore Long,27.0,HR,44900.0,,Yes
Matthew Evans,21.0,Finance,62900.0,0.0,No
Yolanda Martin,42.0,IT,94900.0,18.0,Yes
Joel Thomas,38.0,Customer Support,37000.0,8.0,Yes
Michael Lee,41.0,IT,102100.0,17.0,Yes
Andrew Cruz,32.0,Finance,71300.0,5.0,Yes
Robert Berg,44.0,IT,97200.0,19.0,Yes
Lauren Trevino,34.0,Sales,70900.0,8.0,Yes
Jason Smith,34.0,HR,45300.0,5.0,No
Cody Jimenez,37.0,IT,72600.0,6.0,No
Cynthia Shannon,39.0,Finance,68300.0,6.0,Yes
Jesse Gardner,33.0,Sales,73300.0,9.0,Yes
David Hayes,34.0,Sales,66500.0,6.0,
Richard Perry,33.0,Engineering,79500.0,7.0,Yes
Joshua Jacobs,28.0,Finance,60400.0,,Yes
Nicole Williams,42.0,Marketing,69300.0,10.0,Yes
Tiffany Hughes,31.0,IT,71500.0,7.0,Yes
Joshua Miller,32.0,Sales,72800.0,9.0,Yes
Colleen Wright,47.0,IT,91300.0,13.0,Yes
Jeffrey Romero,40.0,Finance,83800.0,11.0,Yes
Natalie Huff,33.0,Customer Support,,8.0,Yes
Matthew Garcia MD,23.0,Operations,55800.0,,No
Kimberly Orozco,32.0,Finance,72400.0,8.0,Yes
Melody Stevens,,IT,46700.0,0.0,No
Sarah Davis,36.0,IT,68900.0,5.0,No
Katherine Miller,32.0,Engineering,80800.0,5.0,No
Erica Huang,26.0,Marketing,50200.0,2.0,
Patty Allen,41.0,Engineering,87700.0,8.0,Yes
Nathan Burke,38.0,Engineering,79900.0,7.0,Yes
Jose Mckinney,28.0,IT,66400.0,4.0,No
Daniel James,31.0,IT,83600.0,8.0,Yes
Olivia Harris,43.0,Marketing,82700.0,18.0,Yes
James Gilbert,48.0,Sales,75900.0,16.0,Yes
Jasmine Frye,40.0,IT,84300.0,12.0,Yes
Ashley King,37.0,Marketing,60600.0,7.0,Yes
Patricia Hayes,24.0,IT,61900.0,1.0,No
Andrew Roberts,25.0,Sales,55500.0,2.0,No
Jose Ramirez,56.0,Sales,96200.0,23.0,Yes
Kimberly Smith,46.0,HR,68800.0,15.0,Yes
Debra Davidson,42.0,IT,103400.0,16.0,Yes
Zachary Santiago,52.0,Marketing,87000.0,20.0,Yes
Chris Lewis,28.0,Engineering,80700.0,4.0,No
Daniel Lee,37.0,Customer Support,49800.0,5.0,No
Shannon Taylor,34.0,IT,81500.0,5.0,Yes
Jesse Brooks,36.0,IT,79800.0,8.0,Yes
Randy Perez,22.0,IT,68200.0,1.0,No
Charles Owens,27.0,Customer Support,58100.0,4.0,No
Courtney Nelson,38.0,Engineering,98800.0,13.0,Yes
Lauren Thompson,41.0,Engineering,91700.0,12.0,Yes
Andrea Bowman,35.0,Marketing,75600.0,10.0,Yes
Anthony Carlson,24.0,IT,71900.0,2.0,Yes
Sarah Randolph,38.0,Marketing,71600.0,11.0,Yes
Jeremy Manning,22.0,Engineering,76800.0,1.0,No
Timothy Edwards,30.0,Marketing,51800.0,,No
Nicole Bright,21.0,Sales,47800.0,0.0,No
Hunter Williams,48.0,IT,107200.0,18.0,Yes
Lindsey Gray,35.0,Customer Support,47600.0,6.0,Yes
William Christian,40.0,Engineering,85600.0,8.0,Yes
Brian Lee,34.0,IT,76900.0,10.0,Yes
Richard Rivera,28.0,Sales,56000.0,5.0,Yes
Mary Adkins,46.0,IT,116100.0,21.0,Yes
Nicholas Stanley,33.0,Customer Support,49100.0,9.0,Yes
Jason Crawford,25.0,Marketing,67700.0,3.0,No
David Jones,29.0,Engineering,84200.0,6.0,Yes
Jacqueline Owens,40.0,HR,57300.0,8.0,Yes
Victoria Smith,21.0,Customer Support,33300.0,0.0,No
Dean Harris,39.0,IT,87600.0,,Yes
Parker Knight,31.0,Engineering,86900.0,4.0,Yes
Elizabeth Brock,52.0,Customer Support,82200.0,21.0,Yes
Mark Knight,45.0,Operations,86900.0,16.0,Yes
Thomas Sparks,60.0,Engineering,123400.0,29.0,Yes
William Prince PhD,21.0,Sales,51800.0,0.0,No
Joshua Cunningham,42.0,IT,103000.0,18.0,Yes
Kayla Burns,31.0,Engineering,311600.0,6.0,Yes
Terri Cisneros,36.0,Marketing,58200.0,8.0,Yes
Jason Smith,41.0,Sales,76300.0,10.0,Yes
David Washington,29.0,Sales,55600.0,3.0,No
Zachary Hicks,30.0,Sales,60700.0,4.0,No
James Anderson,37.0,Engineering,86500.0,10.0,Yes
Jeffrey Stanton,30.0,Operations,44500.0,3.0,No
Matthew Doyle,25.0,IT,71600.0,2.0,Yes
Paula Lopez,22.0,Operations,53100.0,0.0,No
Tamara Gonzales,42.0,HR,85500.0,17.0,Yes
Dean Sanchez,41.0,Sales,70900.0,8.0,Yes
Jesse Wright,38.0,Customer Support,60400.0,14.0,Yes
James Cox,41.0,Engineering,105400.0,14.0,Yes
Alejandra Price,34.0,IT,60100.0,4.0,No
Robert Morgan,38.0,Engineering,92500.0,9.0,Yes
Eddie Duffy,21.0,Finance,,0.0,No
Alexander Stein,41.0,Marketing,71900.0,12.0,Yes
Scott Norman,38.0,Operations,63900.0,9.0,Yes
Melanie Villarreal,38.0,Finance,81300.0,9.0,Yes
Derek Mckinney,39.0,Customer Support,60900.0,14.0,Yes
Denise Wiley,32.0,Operations,69500.0,9.0,Yes
John Vaughn,34.0,Sales,70200.0,11.0,Yes
Ricky Davis II,40.0,Marketing,70100.0,11.0,Yes
Larry Curtis,30.0,Operations,59000.0,8.0,Yes
Tracy Santiago,30.0,Finance,76600.0,,Yes
James Smith,50.0,IT,92800.0,15.0,Yes
Linda Bautista,35.0,IT,87000.0,8.0,No
Heather Fields,30.0,Engineering,75100.0,,No
Steven Knight,37.0,HR,63000.0,12.0,Yes
Madison Wilson,42.0,Finance,88700.0,14.0,Yes
Becky Hansen,41.0,IT,72400.0,7.0,No
Vincent Novak,28.0,Operations,49100.0,5.0,No
Leslie Case,23.0,Finance,67300.0,,No
Kristine Carrillo,30.0,HR,61300.0,7.0,No
Pamela Hernandez DVM,40.0,Sales,,7.0,Yes
Zachary Johnson,,Sales,63800.0,5.0,No
Nancy Moreno,30.0,Engineering,89300.0,5.0,Yes
Candace Perez,28.0,Sales,59600.0,4.0,No
Rebecca Summers,43.0,Engineering,111400.0,18.0,Yes
Mercedes Miller,47.0,IT,89000.0,16.0,Yes
David Douglas Jr.,47.0,Finance,86300.0,12.0,Yes
Tanner King,32.0,Engineering,90500.0,8.0,Yes
Amanda Arroyo,43.0,,72400.0,17.0,Yes
Sarah Fields,41.0,Marketing,63200.0,7.0,No
Brandon Smith,40.0,Engineering,84800.0,13.0,Yes
Danielle Bennett,26.0,Customer Support,45900.0,4.0,No
Sarah Smith,22.0,Sales,54600.0,0.0,No
Jessica Smith,35.0,Engineering,84000.0,5.0,Yes
Victor Brown,22.0,Customer Support,,,No
Matthew Shaw,35.0,Finance,72500.0,6.0,Yes
Tyler Taylor,25.0,Finance,68300.0,3.0,No
Carlos Adams,55.0,Engineering,111000.0,18.0,Yes
Linda Henderson,28.0,Finance,72300.0,3.0,No
Shannon Jones,44.0,IT,90700.0,14.0,Yes
Mary Miller,42.0,IT,91400.0,18.0,Yes
Daniel Quinn,35.0,HR,68200.0,12.0,Yes
Lance Macdonald DVM,37.0,Customer Support,69400.0,13.0,Yes
Amy Garcia,23.0,Marketing,44400.0,1.0,No
Monica Atkinson,23.0,Marketing,55000.0,1.0,No
Michael Morrison,45.0,Marketing,90200.0,18.0,Yes
Rhonda Patterson,25.0,Customer Support,58800.0,2.0,No
Kelly Edwards,21.0,HR,46300.0,0.0,No
William Webb,38.0,Sales,50100.0,5.0,Yes
Rebecca Lopez,40.0,Sales,62400.0,8.0,Yes
Nancy Tran,21.0,Customer Support,39700.0,0.0,Yes
Jennifer Parks,44.0,,75200.0,7.0,Yes
Lisa Barnes,21.0,IT,69200.0,0.0,No
Robert Lucas,,Engineering,67600.0,,No
Cynthia Jones,35.0,IT,87300.0,6.0,Yes
James Webster,35.0,HR,,7.0,No
Ann Boyd,36.0,Engineering,100600.0,10.0,No
Daniel Roberson,33.0,Engineering,88700.0,7.0,Yes
Patricia Hernandez,29.0,Finance,66400.0,5.0,Yes
John Johnson,41.0,Operations,57400.0,9.0,Yes
Angel Johnson,39.0,Engineering,91400.0,15.0,Yes
Victor Morris,33.0,Engineering,74500.0,7.0,Yes
Donna Johnson,44.0,Sales,85200.0,18.0,Yes
Karen Ortiz,36.0,Operations,54700.0,10.0,Yes
Wendy Chavez,27.0,Engineering,,5.0,No
Anne Jones,31.0,Sales,64500.0,6.0,No
Bryan Harris,27.0,Sales,58400.0,3.0,No
Angelica Tucker,22.0,Operations,,0.0,No
Amy Watts,40.0,Sales,80300.0,14.0,Yes
Sheri Hoover,40.0,Operations,76800.0,12.0,Yes
Michelle Howard,35.0,Marketing,63900.0,5.0,No
John Watts,53.0,,85200.0,15.0,Yes
Billy Williams,29.0,Engineering,84900.0,5.0,Yes
Jon Gonzalez,26.0,Sales,60000.0,2.0,No
John Taylor,34.0,Sales,65700.0,5.0,Yes
Phyllis Schmidt,,Engineering,101100.0,14.0,
Anita Pitts,37.0,,70800.0,5.0,Yes
Mark Mueller,,Sales,,10.0,Yes
Susan Zimmerman,28.0,Customer Support,45700.0,5.0,No
Nathaniel Wright,35.0,IT,81800.0,10.0,Yes
Keith Morales,28.0,Sales,62300.0,4.0,No
John Whitehead,31.0,,75400.0,4.0,Yes
Toni Lamb,27.0,Sales,51700.0,2.0,No
Mrs. Susan Newton MD,41.0,Customer Support,63700.0,16.0,Yes
Brandon Carrillo,41.0,Sales,55400.0,8.0,Yes
James Greene,27.0,Engineering,85300.0,4.0,No
Rebecca Roberts,31.0,Engineering,,8.0,Yes
Samantha Washington,30.0,Finance,71200.0,4.0,No
Erica Huynh,41.0,HR,65300.0,16.0,Yes
James Cox,47.0,Engineering,105700.0,20.0,Yes
Michael Singleton,35.0,Operations,60000.0,8.0,Yes
Cynthia Green,37.0,,73800.0,5.0,Yes
Thomas Rodgers,21.0,IT,53100.0,0.0,No
Alyssa Long,42.0,Engineering,93100.0,12.0,Yes
Melanie Baker,52.0,Sales,84500.0,15.0,Yes
Roger Petty,47.0,Operations,72100.0,15.0,Yes
Ashley Coleman,33.0,Sales,59900.0,6.0,Yes
Madison Poole,27.0,Sales,45600.0,2.0,No
Stephanie Byrd,31.0,IT,75800.0,7.0,Yes
Richard Wood,38.0,HR,55100.0,9.0,Yes
Jennifer Parker,39.0,IT,91600.0,14.0,Yes
Crystal Wallace,30.0,Engineering,76200.0,5.0,Yes
Robin Parker,42.0,Finance,74900.0,9.0,Yes
Nathan Maldonado,25.0,IT,70500.0,1.0,No
Garrett Riley,42.0,Engineering,92900.0,10.0,Yes
Denise Hendricks,36.0,Engineering,72300.0,5.0,Yes
Benjamin Mosley,46.0,IT,111200.0,,Yes
Robert Waller,35.0,Marketing,63000.0,5.0,Yes
Megan Hall,45.0,Marketing,94800.0,19.0,Yes
Dr. Melissa Sullivan DDS,30.0,Engineering,,5.0,No
Manuel Robinson,43.0,Customer Support,52300.0,10.0,Yes
Patrick Mccall,41.0,Sales,56200.0,7.0,No
Paul Sheppard,43.0,Marketing,71600.0,12.0,Yes
Laura Spence,27.0,Sales,44500.0,3.0,Yes
Michelle Schultz,34.0,Sales,59500.0,8.0,Yes
Angela Richards,44.0,Customer Support,78700.0,,Yes
David Harris,33.0,Finance,87900.0,10.0,No
Margaret Orr,31.0,Engineering,87900.0,7.0,Yes
Jeffery Neal,30.0,,52700.0,4.0,Yes
Dennis Marshall,36.0,IT,82000.0,10.0,Yes
Margaret Johnson,33.0,Operations,57000.0,10.0,Yes
Benjamin Townsend,33.0,Engineering,88000.0,8.0,Yes
James Grimes,28.0,Finance,71300.0,5.0,Yes
Benjamin White,36.0,Engineering,84500.0,5.0,Yes
Kim Morrow,33.0,IT,76700.0,8.0,Yes
Michael Berg,48.0,IT,88600.0,,Yes
Rachel Jones,39.0,Sales,79000.0,12.0,Yes
Emily Brady,30.0,IT,80300.0,6.0,Yes
Diana Miller,21.0,Sales,49200.0,,No
Michael Hendricks,38.0,HR,54300.0,10.0,Yes
Shannon Thompson,49.0,Engineering,109100.0,19.0,Yes
Jessica White,50.0,Operations,77900.0,12.0,Yes
Melinda Mitchell,38.0,IT,78500.0,7.0,Yes
Jason Hardy,39.0,Engineering,89800.0,6.0,Yes
John Ho,26.0,Engineering,76700.0,4.0,No
Sara Schwartz,42.0,Engineering,97000.0,13.0,
Michael Bolton,30.0,Sales,54300.0,7.0,Yes
Annette Walters,41.0,Operations,61200.0,7.0,Yes
Emma Chan,36.0,HR,66500.0,12.0,Yes
Edward Lawson,40.0,IT,84500.0,9.0,Yes
Kenneth Stokes,23.0,Finance,53800.0,1.0,No
Jessica Smith,50.0,,75700.0,17.0,Yes
Shaun Thompson,30.0,Customer Support,54100.0,6.0,Yes
Kevin Mccullough,31.0,Sales,53900.0,5.0,Yes
Tammie Castillo,37.0,HR,63400.0,10.0,Yes
Brandi Cunningham,42.0,IT,79700.0,11.0,Yes
Savannah Stokes,43.0,IT,100300.0,18.0,Yes
Jamie Scott,44.0,HR,86000.0,19.0,Yes
Mary Donaldson,56.0,Sales,83000.0,22.0,Yes
Joseph Stevens,34.0,Engineering,91400.0,10.0,Yes
Joseph Rice,46.0,Operations,98100.0,18.0,Yes
Henry Taylor,30.0,Marketing,56100.0,6.0,Yes
Sharon Martinez,26.0,IT,62900.0,3.0,No
Christie Mccullough,28.0,Engineering,69200.0,2.0,No
James Morse,42.0,Sales,63900.0,10.0,Yes
Peter Williams,25.0,Engineering,70800.0,3.0,No
Brandon Brown,34.0,Engineering,73200.0,6.0,Yes
Joshua Martinez,,Sales,65900.0,,
Ronald Brown,24.0,HR,45900.0,1.0,No
Brian Soto,38.0,Finance,,9.0,
Edgar Brown,47.0,Sales,79900.0,13.0,Yes
Lauren Howell,30.0,IT,72600.0,4.0,No
Maria Case,30.0,Customer Support,59200.0,3.0,Yes
Mariah Robles,39.0,IT,102300.0,15.0,Yes
Douglas Gregory,21.0,Engineering,,0.0,No
Mark Adams,40.0,Engineering,87200.0,11.0,Yes
Johnny Garcia,37.0,Finance,76700.0,6.0,Yes
Logan Golden,30.0,,59900.0,6.0,Yes
Rebecca Gibson,39.0,Marketing,61500.0,8.0,Yes
Kim Sanchez,29.0,Sales,57600.0,6.0,Yes
Richard Molina,46.0,Sales,74400.0,12.0,
Zachary Mendoza,22.0,Operations,48500.0,1.0,No
Sheila Stephens,37.0,Marketing,63200.0,6.0,Yes
Natalie Perkins,45.0,Marketing,57700.0,10.0,Yes
Kristen Davis,31.0,Operations,54900.0,6.0,Yes
Mitchell Williams,57.0,IT,105100.0,19.0,Yes
Eric Warner,24.0,Engineering,68200.0,1.0,No
Sydney Green,30.0,Marketing,52900.0,3.0,No
Rachel Yang,33.0,IT,83700.0,6.0,No
Robert Johnson,37.0,Marketing,69800.0,8.0,No
Tara King,38.0,Marketing,75200.0,12.0,Yes
Anita Luna,32.0,Finance,68000.0,6.0,No
Jessica Holloway,44.0,Engineering,110600.0,19.0,Yes
Matthew Patton,,HR,41900.0,1.0,Yes
Tammy Morris,38.0,Engineering,86500.0,9.0,Yes
Cindy Cannon,28.0,Sales,60300.0,4.0,Yes
Casey Perez,,Operations,64000.0,11.0,Yes
Rebecca Lambert,32.0,Customer Support,42700.0,4.0,No
Jason Patrick,32.0,Finance,74000.0,4.0,No
Kevin Figueroa,32.0,Finance,63400.0,3.0,No
Brendan Palmer,28.0,IT,77500.0,,No
Andrew Freeman,21.0,HR,40600.0,0.0,No
Ronald Gonzalez,47.0,IT,83200.0,12.0,Yes
Gary Phillips,35.0,HR,60400.0,8.0,Yes
Laura Sweeney,41.0,Sales,64800.0,8.0,Yes
Tina Jennings,48.0,Operations,72900.0,11.0,Yes
Mr. Andrew Foster,30.0,Sales,57600.0,7.0,Yes
Michael Weber,44.0,Marketing,75900.0,14.0,Yes
William Marsh,29.0,IT,66400.0,3.0,No
Jenny Soto,37.0,Customer Support,48800.0,9.0,Yes
Justin Brooks,35.0,Marketing,77900.0,12.0,Yes
Wyatt Rodriguez,32.0,HR,62200.0,7.0,Yes
Chad Evans,38.0,Operations,68800.0,10.0,Yes
Brenda Hale,26.0,HR,59100.0,3.0,No
James Ferguson,32.0,Engineering,79600.0,5.0,Yes
Robert Chang,43.0,HR,60400.0,13.0,Yes
Jeffrey Vaughn,45.0,Marketing,70800.0,15.0,Yes
Christopher Miranda,31.0,IT,74100.0,4.0,No
Jamie Griffin,26.0,Engineering,79700.0,3.0,No
Bethany Robles,40.0,Engineering,101700.0,12.0,Yes
Janet Kane DVM,23.0,IT,68100.0,2.0,No
James Howard,44.0,Finance,77200.0,13.0,Yes
Sharon Brown,51.0,Engineering,105500.0,20.0,Yes
Kimberly Valenzuela,45.0,IT,81400.0,8.0,Yes
Erin Edwards,55.0,HR,95900.0,25.0,Yes
Micheal Ramos,38.0,Engineering,79100.0,5.0,Yes
Mark Johns,27.0,IT,60400.0,3.0,No
Kimberly Sanchez,,Engineering,85000.0,5.0,Yes
Judy Baker,36.0,IT,81900.0,8.0,Yes
Maria Cooke,37.0,IT,67600.0,9.0,Yes
Joanna Cook,32.0,Sales,55500.0,4.0,Yes
Julia Brown,46.0,Engineering,79400.0,10.0,Yes
Brittany Flowers,42.0,Operations,69700.0,15.0,Yes
Kevin Miller,41.0,Finance,76600.0,9.0,Yes
Eric Fitzgerald,31.0,Marketing,63000.0,8.0,Yes
Mr. Michael Scott PhD,41.0,Sales,73000.0,13.0,Yes
Nicholas Ali,22.0,HR,41300.0,0.0,No
Anthony Parker,39.0,Sales,58500.0,6.0,Yes
Terry Jones,43.0,Sales,73900.0,9.0,Yes
Marvin Vargas,42.0,Finance,,11.0,Yes
Matthew Peters,35.0,Sales,59100.0,6.0,Yes
Michelle Huber,32.0,HR,,9.0,Yes
Sharon Wilson,60.0,HR,95900.0,26.0,Yes
David Johnson,37.0,Marketing,58500.0,7.0,Yes
David Sullivan,31.0,Operations,50200.0,3.0,Yes
Paul Young,25.0,IT,73100.0,3.0,No
Kelly Walker,31.0,Engineering,84500.0,6.0,Yes
Carol Tucker,44.0,IT,100200.0,16.0,Yes
Robert Roberts,40.0,Engineering,,9.0,Yes
Danielle Wang,28.0,IT,70500.0,3.0,No
Christopher Pena,29.0,Marketing,59900.0,6.0,Yes
Steven Jensen,33.0,Sales,70600.0,8.0,No
Alexis Arroyo,36.0,Engineering,83600.0,5.0,No
Richard Wood,39.0,Operations,73800.0,7.0,Yes
Ryan Mccarty,28.0,Engineering,85200.0,6.0,No
Ryan Santos,48.0,Engineering,105600.0,18.0,Yes
Veronica Simmons,45.0,Finance,77800.0,8.0,Yes
Tanya Shannon,50.0,Customer Support,82500.0,22.0,Yes
Chelsea Martin,25.0,IT,61400.0,2.0,No
Sabrina Rodriguez,48.0,IT,88800.0,12.0,Yes
Ashlee Mendez,35.0,Operations,73100.0,8.0,Yes
Ann Calderon,33.0,Finance,70300.0,8.0,Yes
Robert Oconnell,59.0,IT,100400.0,15.0,Yes
Mark Jones,42.0,Operations,81000.0,17.0,Yes
Katie Kaiser,41.0,Operations,70700.0,12.0,Yes
Joseph Swanson,27.0,HR,57000.0,5.0,Yes
Steven Greene,56.0,Engineering,114300.0,27.0,Yes
Elizabeth Green,,Operations,73800.0,17.0,Yes
Amanda Bennett,27.0,Engineering,71500.0,3.0,No
Thomas Daugherty,36.0,Finance,79900.0,11.0,Yes
Christina Mullen,46.0,IT,80300.0,13.0,Yes
Sherry Patterson,38.0,Finance,,12.0,Yes
Melissa Brewer,30.0,IT,80600.0,4.0,Yes
Vincent Castillo,51.0,Engineering,311900.0,14.0,Yes
Eddie Bailey,28.0,Finance,68000.0,3.0,No
Alison Brown,34.0,Marketing,65700.0,5.0,Yes
Erica Wright,40.0,Marketing,68200.0,6.0,No
Brian Ware,21.0,Customer Support,34600.0,0.0,No
Jeffrey Baldwin,43.0,Sales,64100.0,11.0,Yes
Tammy Bell,50.0,Sales,,10.0,Yes
Ashley Bradford,45.0,Engineering,109100.0,18.0,Yes
Joshua Gonzalez,30.0,HR,61900.0,4.0,Yes
Jordan Mason,23.0,Operations,52700.0,1.0,No
Haley Mccoy,46.0,Finance,87900.0,16.0,Yes
Wanda Reynolds,27.0,IT,70600.0,,No
Brandi Brown,60.0,HR,104900.0,33.0,Yes
James Williams,43.0,IT,84700.0,14.0,Yes
Tammy Duncan,47.0,HR,68700.0,15.0,Yes
Gloria Lynch,21.0,Customer Support,39100.0,0.0,No
Cody Hendricks,32.0,Operations,66600.0,9.0,Yes
Desiree Booth,46.0,IT,,17.0,Yes
Isaiah Jones,33.0,Sales,71600.0,7.0,Yes
Angel Meyer,32.0,Sales,60200.0,5.0,Yes
David Sanchez,23.0,Sales,46900.0,1.0,No
Courtney Gonzalez,32.0,Engineering,73600.0,5.0,No
Randy Jones,28.0,Operations,58000.0,4.0,Yes
Brad Gordon,33.0,Finance,68500.0,5.0,No
Seth Jones,43.0,Sales,84200.0,17.0,Yes
Kenneth Graham,46.0,IT,94200.0,17.0,Yes
Michael Wilson,39.0,Engineering,97700.0,14.0,Yes
Laura Vaughn,42.0,Marketing,74400.0,12.0,Yes
Stacy Myers,22.0,IT,62300.0,0.0,No
Randy Griffin,60.0,Sales,95700.0,21.0,Yes
Ethan Frey,40.0,Sales,60300.0,8.0,Yes
Patty Perez,,Marketing,78000.0,8.0,Yes
Robert Pierce,32.0,Engineering,84600.0,7.0,Yes
Christopher Perez,44.0,Sales,91600.0,,Yes
Nancy Black,42.0,Operations,84300.0,13.0,Yes
John Kennedy,,Sales,68300.0,8.0,No
Justin Page,29.0,Engineering,74500.0,4.0,No
Teresa Wallace,29.0,IT,65200.0,2.0,Yes
Terri Williams,44.0,,84100.0,13.0,Yes
George Phillips,32.0,Sales,67500.0,9.0,Yes
Amy Sanders,,IT,79900.0,12.0,Yes
Christopher Johnson,36.0,Customer Support,58700.0,11.0,Yes
Emily Nelson,49.0,Engineering,118100.0,23.0,Yes
Julie Alexander,32.0,Sales,63100.0,4.0,Yes
Jill Roman,34.0,Operations,57400.0,5.0,Yes
Steven Rodriguez,33.0,Engineering,78300.0,8.0,Yes
Allison Kim,32.0,Finance,63600.0,4.0,Yes
Christopher Sullivan,43.0,Engineering,86400.0,13.0,Yes
Justin Anderson,22.0,IT,72300.0,1.0,No
Kelly Rowe,40.0,IT,85600.0,11.0,Yes
Melissa Williams,35.0,Marketing,78000.0,11.0,Yes
Karen Wells,21.0,Engineering,79000.0,0.0,No
Brittany Byrd,42.0,Sales,72600.0,12.0,Yes
Barry Hernandez,25.0,Operations,56400.0,2.0,Yes
Jessica Burgess,38.0,Engineering,87500.0,10.0,Yes
Daniel White,42.0,HR,57300.0,10.0,Yes
Christopher Murphy,25.0,Customer Support,28000.0,1.0,No
Brian Porter,39.0,Engineering,76500.0,6.0,No
Jason Colon,41.0,Sales,75600.0,14.0,Yes
Melanie Diaz,29.0,Sales,63200.0,5.0,Yes
Tammy Davis,41.0,IT,83000.0,14.0,Yes
Jacob Love,40.0,IT,90800.0,9.0,Yes
Matthew Evans,52.0,Engineering,94600.0,17.0,Yes
Catherine Shannon,41.0,Engineering,92600.0,12.0,Yes
Katherine Andrews,42.0,Engineering,97600.0,14.0,Yes
Nathaniel Walter,25.0,IT,69800.0,3.0,Yes
Dylan Young,30.0,Sales,63000.0,7.0,Yes
Patrick Blackburn,34.0,Sales,72400.0,6.0,No
Melissa Wolf,45.0,Sales,84700.0,17.0,Yes
Timothy Bentley DVM,37.0,Marketing,57400.0,5.0,Yes
John Miller,25.0,Operations,49800.0,2.0,No
Kevin Fernandez,39.0,Engineering,93200.0,15.0,Yes
Spencer Haynes,36.0,Sales,63600.0,6.0,Yes
Emily Grant,23.0,Sales,51800.0,1.0,No
Mr. Charles Young,43.0,Engineering,112000.0,17.0,Yes
Eric Hernandez,29.0,HR,,4.0,Yes
Christine Mendez,46.0,Sales,86400.0,21.0,Yes
Andrea Ramos,44.0,Customer Support,77800.0,18.0,Yes
Amanda Wilson,49.0,IT,93200.0,17.0,Yes
Keith Graham,32.0,HR,45300.0,4.0,No
Susan Hutchinson,36.0,Engineering,89900.0,8.0,Yes
Joshua Williams,41.0,IT,96100.0,17.0,Yes
Cameron White,38.0,Finance,74600.0,10.0,
James Brown,38.0,HR,54700.0,10.0,Yes
Tamara Peterson,46.0,IT,73800.0,10.0,Yes
Melody Castro,30.0,Engineering,77900.0,3.0,Yes
Emily Henderson,32.0,Finance,74600.0,7.0,Yes
Patricia Williams,22.0,Customer Support,45100.0,1.0,No
Ms. Janet Leonard,40.0,Marketing,63000.0,9.0,Yes
Joel Cook,24.0,IT,78300.0,2.0,No
Robert Clarke,25.0,Sales,50500.0,1.0,No
Shawna Silva,27.0,IT,71000.0,4.0,Yes
Donald Medina,35.0,HR,63100.0,,Yes
Christopher Johnson,44.0,IT,78100.0,10.0,Yes
Dean Mullins,21.0,IT,,0.0,No
Dean Thomas,34.0,,72300.0,10.0,Yes
Kyle Brown,30.0,Marketing,64100.0,4.0,No
Joshua White,33.0,IT,75100.0,5.0,No
Tracy Morales,41.0,Operations,57100.0,8.0,Yes
Elizabeth Oliver DDS,41.0,Customer Support,52800.0,10.0,Yes
William Graham,51.0,Engineering,115000.0,25.0,Yes
Steven Hall,23.0,Operations,52800.0,1.0,Yes
Peter Gilbert,29.0,Sales,59500.0,5.0,Yes
Mark Thomas,41.0,Engineering,92100.0,17.0,Yes
Thomas Holloway,44.0,Operations,68300.0,10.0,Yes
William Gould,36.0,IT,78300.0,11.0,Yes
Charles Harper,32.0,IT,78200.0,8.0,Yes
Jasmine Day,41.0,Finance,87000.0,14.0,Yes
Randy Wang,43.0,IT,82100.0,12.0,Yes
Kari Lloyd,47.0,IT,93500.0,12.0,Yes
Elizabeth Rowland,55.0,Sales,72400.0,13.0,Yes
Alicia Grant DVM,28.0,Customer Support,47700.0,4.0,Yes
Lisa Barnes,40.0,Customer Support,75700.0,13.0,Yes
Mrs. Amy Malone,38.0,Operations,64400.0,7.0,Yes
Donna Montes,23.0,Customer Support,41800.0,1.0,No
Jennifer Moses,32.0,Customer Support,52000.0,7.0,Yes
Christian Riddle,43.0,IT,76400.0,10.0,Yes
Amber Martin,21.0,IT,,0.0,No
James Patterson,,Engineering,102500.0,14.0,Yes
Mary Day,30.0,IT,81000.0,,Yes
Colton Roth,39.0,Sales,69000.0,13.0,Yes
Javier Stanley,44.0,Customer Support,77400.0,17.0,Yes
Theresa Smith,28.0,Customer Support,42100.0,2.0,Yes
Michael Thompson,37.0,Customer Support,60000.0,9.0,Yes
Rebecca Clark,34.0,Engineering,91700.0,10.0,Yes
Christopher George,43.0,Customer Support,69400.0,16.0,Yes
Rachel Gibson,44.0,Marketing,68500.0,12.0,Yes
Kimberly Obrien,36.0,Sales,51000.0,5.0,Yes
Erika Jenkins,40.0,Engineering,90600.0,15.0,Yes
Tina Sanders,27.0,IT,69100.0,4.0,Yes
Connie Franklin,33.0,IT,85400.0,9.0,Yes
Joel Smith,32.0,Marketing,66600.0,5.0,Yes
Stephanie Fisher,30.0,Customer Support,45300.0,5.0,Yes
Christopher Wright,45.0,Operations,66300.0,8.0,Yes
Beth Schmidt,51.0,Marketing,93200.0,24.0,Yes
Brian Hendricks,21.0,Marketing,43000.0,0.0,No
Daniel Young,36.0,Finance,88100.0,8.0,Yes
Ashley Cordova,23.0,Operations,55600.0,1.0,Yes
Trevor Hill,31.0,Finance,68000.0,5.0,Yes
Michael Wilson,41.0,IT,85300.0,,Yes
Heather Ortega,25.0,IT,73200.0,3.0,No
Patricia Moore,51.0,Customer Support,,24.0,Yes
Michael Williams,51.0,IT,113200.0,22.0,Yes
Katie Suarez,27.0,IT,72000.0,4.0,No
Christopher Lee,25.0,Customer Support,44300.0,2.0,Yes
Benjamin Bowen,23.0,IT,64700.0,2.0,No
Gabriel Guzman,47.0,Engineering,116700.0,21.0,Yes
Matthew Khan,39.0,Finance,67200.0,11.0,Yes
Greg Osborne,44.0,IT,101800.0,19.0,Yes
Michael Gutierrez,30.0,IT,82200.0,7.0,Yes
Steven Thomas,34.0,Sales,72300.0,11.0,Yes
Chad Scott,36.0,Engineering,94100.0,12.0,Yes
Jennifer Smith,49.0,Sales,87400.0,21.0,Yes
Sarah Duncan,47.0,IT,105700.0,21.0,Yes
Thomas May,21.0,Operations,38900.0,0.0,No
Nicole Collins,46.0,IT,66500.0,8.0,Yes
Abigail Booker,21.0,Sales,44000.0,0.0,No
Michelle Ellis,35.0,Finance,84200.0,12.0,Yes
Anne Jones,35.0,Finance,,12.0,Yes
Trevor James,32.0,Customer Support,51200.0,6.0,Yes
Richard Alvarez,41.0,Operations,76000.0,14.0,Yes
Nicole Hodge,22.0,Engineering,77700.0,1.0,No
Roger Mason,35.0,IT,,12.0,Yes
Stephen White,41.0,IT,83500.0,11.0,Yes
William Parker,37.0,Marketing,70600.0,10.0,Yes
Donald Mccarthy,35.0,Engineering,70800.0,6.0,Yes
Jerry Davenport,28.0,Sales,58500.0,3.0,Yes
William Edwards,47.0,Operations,65900.0,8.0,Yes
Willie Morgan,43.0,Customer Support,66700.0,13.0,Yes
Anthony White,39.0,Engineering,83400.0,9.0,No
Chris Jones,,Marketing,227400.0,2.0,No
Bradley Cameron,41.0,Engineering,84700.0,15.0,Yes
Steven Morgan,40.0,Engineering,81700.0,9.0,Yes
Andrea Butler,38.0,IT,83800.0,13.0,Yes
Julie Hill,39.0,Finance,66900.0,8.0,No
Alexandra Gonzalez,34.0,Sales,69300.0,7.0,Yes
Alice Conley,37.0,Operations,65500.0,10.0,Yes
Robert Potter,28.0,Marketing,62700.0,3.0,Yes
Laura Guerra,54.0,Operations,79900.0,20.0,Yes
Yvonne Rodriguez,47.0,Operations,82000.0,15.0,Yes
Brandon Leblanc,41.0,IT,93100.0,14.0,Yes
John Rodriguez,43.0,HR,84100.0,19.0,Yes
Luke Dixon,34.0,Sales,53200.0,5.0,Yes
James Miller,31.0,Operations,54000.0,4.0,
Timothy Olson,46.0,HR,73000.0,17.0,Yes
Patrick Hooper,30.0,HR,55300.0,6.0,No
Melissa Smith,36.0,Engineering,101400.0,12.0,Yes
Edward White,33.0,Sales,52000.0,4.0,No
Jennifer Cisneros MD,25.0,HR,49300.0,2.0,No
Peter Morgan,,Sales,49300.0,6.0,No
Robin Johnson,21.0,IT,71900.0,0.0,No
Jim Newton,43.0,Marketing,79700.0,15.0,Yes
Samantha Gillespie,32.0,Operations,56000.0,5.0,No
Hayley Mitchell,28.0,Marketing,58900.0,5.0,Yes
Mark Hill,31.0,,86700.0,8.0,Yes
Laura Gregory,45.0,Engineering,93800.0,12.0,Yes
Joanne Baker,40.0,IT,87000.0,14.0,Yes
Mr. David Mercado,45.0,IT,91900.0,11.0,Yes
Kathryn Castillo,40.0,HR,75300.0,16.0,Yes
Crystal Anderson,51.0,Marketing,86500.0,22.0,Yes
Brian Mitchell,51.0,Sales,81000.0,16.0,Yes
Richard Aguirre,32.0,Engineering,96000.0,8.0,Yes
Catherine Walls,45.0,IT,82500.0,11.0,Yes
Desiree Fox,41.0,Sales,,14.0,Yes
Louis Bowen,41.0,Sales,68500.0,14.0,Yes
Cory Hale,37.0,HR,,9.0,Yes
Cynthia Tucker,39.0,IT,89500.0,13.0,Yes
Marie Roach,23.0,IT,64300.0,2.0,No
Joseph Spencer,34.0,Engineering,93000.0,10.0,Yes
Bryan Franco,31.0,Engineering,78100.0,4.0,No
Ashley Friedman,34.0,HR,63700.0,6.0,Yes
Jennifer Hernandez,39.0,Engineering,93800.0,8.0,Yes
Andre Jones,43.0,Finance,89800.0,17.0,Yes
Keith Casey,30.0,Operations,55200.0,4.0,No
Tammy Boone,49.0,Finance,86100.0,12.0,Yes
Dawn Nixon,35.0,Operations,57800.0,8.0,Yes
Susan Bryant,27.0,IT,67100.0,,Yes
Daniel Stewart,41.0,Operations,60500.0,9.0,Yes
Michael Webster,41.0,IT,94400.0,9.0,Yes
Hannah Montoya,26.0,Finance,67500.0,4.0,Yes
Teresa Li,43.0,Sales,77700.0,14.0,Yes
Mike Freeman,35.0,Sales,57600.0,7.0,No
Derek Frazier,32.0,IT,74300.0,4.0,No
Shaun Wood,41.0,Customer Support,69800.0,11.0,Yes
Gregory Wiley,30.0,Finance,75400.0,3.0,Yes
Brandon Brown,37.0,IT,67600.0,6.0,Yes
Robert Mccoy,33.0,IT,78500.0,10.0,Yes
Katrina Jimenez,39.0,Marketing,,15.0,Yes
Kyle Watkins,37.0,Customer Support,55900.0,8.0,Yes
Joshua Schmidt,29.0,Sales,53800.0,6.0,Yes
Michael Holloway,35.0,Engineering,80900.0,6.0,No
Stephanie Herrera,32.0,IT,69400.0,4.0,No
Nicholas Moss,48.0,Engineering,89100.0,9.0,Yes
James Barber,33.0,IT,78500.0,8.0,Yes
Tiffany Bender DVM,36.0,IT,81200.0,12.0,Yes
Kevin Cruz,42.0,Operations,86100.0,,Yes
Matthew Clark,34.0,Operations,61100.0,7.0,No
Kristen Ray,43.0,Engineering,97700.0,16.0,Yes
Cassidy Johnson,33.0,HR,60400.0,9.0,Yes
Courtney Baker,29.0,Finance,68200.0,4.0,No
Mrs. Kristen Reyes,42.0,Sales,60800.0,6.0,No
Omar Weeks,48.0,Sales,84800.0,20.0,Yes
Monica Allen,,IT,83000.0,9.0,Yes
Julie Delacruz,49.0,Sales,92800.0,18.0,Yes
Shawn Fleming,36.0,Sales,60200.0,6.0,No
Timothy Miller,38.0,IT,74400.0,5.0,Yes
Kelly Kennedy,22.0,Sales,54600.0,0.0,No
Anna White,,Customer Support,56100.0,2.0,No
Robert Cline,39.0,Marketing,64700.0,9.0,Yes
Brenda Thornton,26.0,Marketing,51000.0,2.0,No
Kathleen Mooney,47.0,Customer Support,57100.0,11.0,Yes
Elizabeth Foster,21.0,Engineering,69500.0,0.0,No
Stephen Hoffman,38.0,HR,61000.0,9.0,Yes
Cassidy Carter,36.0,Finance,,11.0,Yes
Maria Weaver,21.0,IT,59800.0,0.0,No
Connie Neal,24.0,IT,67800.0,2.0,Yes
Kim Underwood,31.0,Customer Support,52800.0,8.0,Yes
Melanie Brown,30.0,Customer Support,62400.0,8.0,Yes
Dana Carter,28.0,IT,79900.0,4.0,No
Sherri Thomas,30.0,Operations,70500.0,6.0,Yes
David Carter,31.0,Operations,49800.0,5.0,No
Stephen Thompson,32.0,Sales,55400.0,8.0,Yes
James Jenkins,29.0,Operations,62900.0,6.0,Yes
Tammy Jones,27.0,Engineering,84800.0,4.0,No
Mark Richards,32.0,Operations,56200.0,6.0,Yes
Zachary Hill,39.0,Engineering,90600.0,13.0,Yes
Mark Santos,32.0,Sales,53500.0,,Yes
Linda Rodriguez,36.0,Engineering,75300.0,6.0,Yes
Casey Gillespie,42.0,IT,98100.0,12.0,Yes
Susan Torres,41.0,Engineering,102900.0,17.0,Yes
Wendy Perez,31.0,HR,64000.0,6.0,Yes
Jody Rogers,28.0,HR,63700.0,4.0,Yes
Christopher Smith,40.0,Marketing,50800.0,8.0,
Taylor Howard,50.0,Finance,89200.0,21.0,Yes
Kiara Hawkins,36.0,Operations,67200.0,6.0,Yes
Ashley Reese,39.0,HR,60700.0,10.0,Yes
David George,36.0,Sales,64700.0,10.0,Yes
Suzanne Wagner,46.0,IT,84200.0,,Yes
Gregory Alexander,30.0,Marketing,58900.0,5.0,No
William Evans,38.0,Operations,80500.0,14.0,Yes
Kim Lopez,38.0,Finance,73400.0,7.0,No
Amanda Harvey,26.0,Sales,63300.0,4.0,
Harold Lee,38.0,Operations,65400.0,,Yes
Nina Combs,31.0,Marketing,60600.0,7.0,Yes
Laura Ritter,25.0,Engineering,72300.0,2.0,No
Nicole Jones,51.0,Engineering,108700.0,24.0,Yes
Cristian Santos,33.0,Marketing,56200.0,4.0,Yes
Courtney Rodriguez,37.0,Sales,67400.0,,Yes
Kelly Brown,33.0,Marketing,63800.0,7.0,No
Matthew Richardson,36.0,Customer Support,59500.0,11.0,Yes
Erin Price,34.0,IT,74300.0,6.0,No
Brandon Townsend,45.0,Engineering,112900.0,20.0,Yes
Mrs. Courtney Wong,38.0,Finance,88300.0,14.0,Yes
Brian Cole,42.0,IT,85200.0,10.0,Yes
Robin Richardson,33.0,Engineering,87700.0,4.0,No
Austin Osborne,,Sales,51600.0,3.0,Yes
Denise Johnson,26.0,IT,77100.0,2.0,Yes
Cynthia Rowe,31.0,Marketing,65800.0,5.0,Yes
Colleen Martin,31.0,Finance,70200.0,3.0,No
Julie Rodriguez MD,36.0,IT,97300.0,12.0,Yes
Amber Allen,44.0,Finance,81600.0,10.0,Yes
Kelli Collins,35.0,IT,82800.0,7.0,Yes
Michelle Evans,26.0,Sales,62400.0,3.0,Yes
Adam Stewart,41.0,Engineering,,13.0,Yes
Andre Williams,40.0,Customer Support,,11.0,Yes
Kevin Nguyen,41.0,Operations,78400.0,16.0,Yes
Ashley Lewis,30.0,Engineering,77700.0,6.0,Yes
Debra Perry,,Finance,72300.0,,No
Stephen Cowan,43.0,Sales,76700.0,18.0,Yes
Charles Gonzalez,33.0,Sales,66800.0,9.0,Yes
Christian Solis,32.0,IT,79600.0,8.0,Yes
Dana Bennett,21.0,IT,59200.0,0.0,No
Corey Mooney,28.0,Finance,66100.0,5.0,No
Michael Robertson,21.0,Customer Support,50100.0,0.0,No
Sheila Ramirez,51.0,Operations,84700.0,24.0,Yes
John Mcfarland,,IT,87400.0,14.0,Yes
Kevin Johnson,22.0,IT,61200.0,1.0,No
Jennifer Walker,21.0,Customer Support,33000.0,0.0,No
Kayla Waters,30.0,HR,59900.0,6.0,Yes
Monica Miller,29.0,Engineering,74200.0,3.0,No
Susan Bolton,30.0,IT,77300.0,4.0,No
Jeremy Mitchell,38.0,Sales,63900.0,8.0,Yes
Jennifer Cochran,42.0,Marketing,70700.0,,Yes
Rebecca Hoover,40.0,Sales,63100.0,8.0,Yes
Brandon Fleming,30.0,Engineering,86500.0,4.0,Yes
Elizabeth Allen,37.0,IT,92100.0,13.0,Yes
Jennifer Stewart,44.0,Engineering,103900.0,12.0,Yes
Michael Smith,32.0,Operations,67900.0,8.0,No
Michelle Graham,32.0,Sales,64800.0,7.0,Yes
Michael Coleman,21.0,IT,80400.0,0.0,No
David Rodriguez,29.0,Engineering,71700.0,4.0,Yes
Sonia Henderson,42.0,Sales,60300.0,7.0,Yes
Derrick Perkins,39.0,HR,57100.0,7.0,Yes
Amy Hunter,34.0,Sales,57700.0,7.0,Yes
Sean Kane,52.0,Finance,85000.0,17.0,Yes
Edwin Jackson,35.0,IT,75100.0,8.0,Yes
Stephen Martinez,28.0,Engineering,76500.0,4.0,No
Juan Galvan,29.0,Sales,54100.0,4.0,No
Alejandro Deleon,29.0,Marketing,58100.0,6.0,Yes
Gary Myers,32.0,IT,76100.0,5.0,Yes
Michael Miles,30.0,Operations,47700.0,3.0,No
Kristy Mills,32.0,Engineering,69600.0,4.0,No
Jesse Martin,21.0,Customer Support,42100.0,0.0,No
Brittany Underwood,49.0,Sales,90400.0,20.0,Yes
Michael Phillips,45.0,Engineering,100400.0,15.0,Yes
Joshua Smith,29.0,HR,58600.0,4.0,No
Patrick Rios,44.0,HR,73500.0,12.0,Yes
Edward Manning,,Operations,60200.0,5.0,Yes
Kristopher Curtis,35.0,Customer Support,55700.0,10.0,Yes
Linda Howard,39.0,Operations,70100.0,6.0,Yes
Erika Gonzalez,33.0,Finance,,6.0,No
Robert Grant,43.0,Marketing,91100.0,16.0,Yes
Logan Newton,39.0,Finance,,10.0,Yes
Erica Lane,41.0,Engineering,100500.0,14.0,Yes
Blake Orr,,Engineering,,7.0,Yes
Jennifer Yu,37.0,Marketing,71000.0,10.0,Yes
Jason Mcdonald,21.0,Operations,42100.0,0.0,No
Sophia Richmond,,Customer Support,47400.0,6.0,Yes
Sarah Wallace,30.0,Sales,56000.0,7.0,No
Shannon James,36.0,Sales,58600.0,10.0,Yes
Miranda Ortiz,29.0,Operations,60200.0,6.0,Yes
Carl Bradley,39.0,Engineering,82200.0,9.0,Yes
Matthew Garcia,23.0,Customer Support,36500.0,,Yes
Patricia Young PhD,46.0,IT,99700.0,15.0,Yes
William Wilson,35.0,Marketing,75000.0,11.0,Yes
Ann Parker,34.0,HR,49500.0,8.0,Yes
Ricky Palmer,42.0,IT,78000.0,7.0,Yes
Maria Hayes,46.0,IT,103700.0,19.0,Yes
Jamie Johnson,31.0,HR,59700.0,7.0,Yes
Peter Zhang,39.0,Marketing,63900.0,6.0,Yes
Kristen Peters,35.0,HR,59700.0,8.0,Yes
Daniel Matthews,47.0,Finance,81400.0,13.0,Yes
Amy Taylor,41.0,HR,71700.0,12.0,Yes
Willie Perez,33.0,Engineering,89600.0,10.0,Yes
Daniel Fox,39.0,Engineering,,11.0,Yes
Laura Roberts,29.0,Sales,70600.0,7.0,Yes
Jose Griffin,39.0,Finance,89100.0,14.0,Yes
Brett Martin,34.0,IT,80400.0,8.0,Yes
April Bailey,28.0,Engineering,77800.0,4.0,No
Michael Mooney,21.0,HR,45700.0,0.0,No
Donald Jackson,27.0,Customer Support,39400.0,4.0,No
Daniel Martinez,21.0,Customer Support,37800.0,0.0,No
Carolyn Miller,40.0,Engineering,85600.0,10.0,Yes
Jennifer Dawson,23.0,Sales,45700.0,1.0,No
Theodore Jones Jr.,33.0,Finance,80900.0,7.0,No
Marie Jones,32.0,HR,55300.0,9.0,Yes
Kenneth Watkins,23.0,Customer Support,,1.0,No
Jeffrey Kennedy,,IT,105400.0,25.0,Yes
Kathleen Webster,35.0,Engineering,85100.0,9.0,Yes
Chelsea Lewis,31.0,Customer Support,49300.0,4.0,Yes
Dennis Mills,36.0,Finance,67600.0,6.0,No
Andrew Williams,32.0,HR,71400.0,,No
Eric Ponce,37.0,IT,85200.0,10.0,Yes
Samuel Henry,39.0,Marketing,67400.0,8.0,Yes
Rachel Norton,25.0,Finance,69600.0,3.0,No
Eric Reese,55.0,Engineering,92700.0,16.0,Yes
Kimberly Alvarez,38.0,Operations,57800.0,6.0,Yes
Kimberly Myers,33.0,Sales,74700.0,9.0,Yes
Michael Jensen,27.0,Finance,57900.0,2.0,No
Patrick Ortega,52.0,IT,96400.0,20.0,Yes
Laura Roberts,50.0,Marketing,101300.0,24.0,Yes
Laura Benson,21.0,Marketing,44600.0,0.0,No
Brian Miller,24.0,Finance,67900.0,2.0,
Cristian Mendoza,40.0,Marketing,70100.0,9.0,Yes
Lydia Pham,23.0,Customer Support,42800.0,1.0,No
Thomas Kaufman,21.0,Customer Support,28000.0,0.0,No
Tracey Suarez,21.0,Finance,65800.0,0.0,No
Gwendolyn Klein,49.0,IT,81400.0,10.0,Yes
Kevin Hubbard,29.0,Marketing,54200.0,4.0,Yes
Hector Mcgee,24.0,Operations,46200.0,2.0,No
Joel Rogers,29.0,IT,75400.0,5.0,No
Erik Davis,43.0,HR,72100.0,13.0,Yes
Vincent Rosario,38.0,Sales,57800.0,6.0,Yes
Rebecca Wood,55.0,Finance,99100.0,,Yes
Connie Lawrence,33.0,Engineering,81200.0,6.0,Yes
Bruce Roman,26.0,Engineering,85700.0,3.0,No
Dana Snyder,32.0,HR,58200.0,5.0,No
Louis Savage,51.0,Finance,87400.0,16.0,
Garrett Carpenter,56.0,Engineering,121400.0,25.0,Yes
Rebecca Miller,48.0,Finance,93100.0,17.0,Yes
Jessica Garcia,44.0,Finance,84200.0,17.0,Yes
Alejandra Thomas,23.0,Customer Support,,1.0,No
Christopher Paul,41.0,Sales,77200.0,16.0,Yes
William Esparza,34.0,Finance,78300.0,7.0,Yes
Kendra Smith,31.0,Engineering,84200.0,7.0,Yes
James Morgan,46.0,Marketing,68000.0,9.0,Yes
Patrick Simpson,37.0,IT,87400.0,11.0,Yes
Timothy Gibson,42.0,IT,85800.0,10.0,Yes
Edward Stanley,51.0,Finance,83800.0,14.0,Yes
Joshua Powell,,Sales,76900.0,9.0,Yes
John Todd,31.0,Customer Support,46800.0,8.0,Yes
Matthew Walker,38.0,Engineering,77600.0,8.0,Yes
Krista Martinez,28.0,,63300.0,3.0,No
Wayne Barnes,40.0,Customer Support,55500.0,11.0,Yes
Meagan Smith,39.0,HR,51500.0,8.0,Yes
Heather Shaffer,52.0,Operations,87200.0,23.0,Yes
Carolyn Brooks,42.0,Marketing,65200.0,7.0,Yes
Kimberly Johnson,39.0,Engineering,91700.0,14.0,Yes
Thomas Hunt,21.0,Engineering,71000.0,0.0,No
Charles Baker,38.0,Customer Support,64400.0,11.0,Yes
Katherine Avery,44.0,Marketing,72500.0,12.0,Yes
Nicholas Franklin,30.0,Engineering,81000.0,7.0,Yes
Kirsten Perez,,Sales,55700.0,0.0,No
James Garcia,39.0,IT,86900.0,14.0,Yes
Dennis Thompson,29.0,Operations,61400.0,7.0,No
Elizabeth Miller,32.0,Sales,47700.0,4.0,Yes
Maria Ferguson,47.0,Sales,78500.0,17.0,Yes
Margaret Terry,43.0,Customer Support,59100.0,13.0,Yes
David Bird,45.0,Operations,71600.0,14.0,Yes
Maria Parker,35.0,IT,85600.0,10.0,Yes
James Randall,21.0,Engineering,84800.0,0.0,No
Wendy Allen,37.0,Sales,73200.0,11.0,Yes
Michael Lopez,34.0,Marketing,56700.0,8.0,No
Sarah Martin,32.0,Marketing,71900.0,9.0,Yes
Johnny Cox,31.0,Sales,71800.0,8.0,Yes
Catherine Davis,36.0,Operations,64900.0,10.0,Yes
Megan Perry,39.0,HR,51800.0,10.0,Yes
Tiffany Ray,29.0,Finance,65100.0,4.0,Yes
Christina Johnson,41.0,Engineering,85500.0,7.0,Yes
Mrs. Sarah Gordon,51.0,IT,113000.0,24.0,Yes
Casey Murphy,21.0,Operations,52100.0,0.0,No
Tracey Reilly,44.0,IT,,12.0,Yes
Elizabeth Flores,25.0,Operations,62500.0,3.0,No
Richard Nicholson,46.0,Engineering,106300.0,13.0,Yes
April Norton,37.0,HR,62900.0,6.0,Yes
Christina Faulkner,31.0,Engineering,86600.0,4.0,No
Taylor Andersen,39.0,Marketing,62900.0,11.0,Yes
Matthew Freeman,41.0,Sales,78000.0,14.0,Yes
Leslie Fitzgerald,37.0,Operations,51400.0,5.0,Yes
Robert Jarvis,41.0,Marketing,69900.0,13.0,Yes
Elizabeth Robbins,23.0,Customer Support,42800.0,2.0,No
Katie Alvarez,40.0,Operations,61800.0,8.0,Yes
Nancy Stewart,38.0,Engineering,87800.0,13.0,Yes
William Moon IV,48.0,Operations,90200.0,,Yes
Jennifer Fields,34.0,Sales,56300.0,6.0,Yes
Karen Jones,31.0,Operations,52400.0,6.0,Yes
Allison Simmons,30.0,HR,64400.0,5.0,Yes
Brian Kim DDS,33.0,Finance,74100.0,5.0,Yes
Jack Krause,28.0,Sales,54500.0,3.0,No
Jeremiah Rowland,28.0,Marketing,49900.0,5.0,Yes
Maria Henry,33.0,HR,56900.0,8.0,Yes
Carmen Jordan,47.0,Operations,68800.0,10.0,Yes
Stephen Mitchell,27.0,Engineering,79300.0,5.0,Yes
Aaron Pennington,43.0,HR,59600.0,9.0,Yes
Nicole Edwards,50.0,Engineering,99900.0,19.0,Yes
Erica Johnson,36.0,Marketing,71600.0,11.0,Yes
Lee Perez,58.0,HR,93200.0,23.0,Yes
Denise Guerra,46.0,Engineering,80500.0,8.0,Yes
Janet Cook,36.0,Marketing,61500.0,11.0,Yes
Tracy Walker,29.0,Sales,,4.0,No
Linda Cox,24.0,Engineering,74600.0,2.0,No
James Moore,48.0,Engineering,94900.0,12.0,Yes
Brittany Dunlap,27.0,HR,45900.0,3.0,Yes
Christopher Anderson,21.0,Engineering,70900.0,0.0,No
Sarah Booth,22.0,Finance,53300.0,0.0,No
Cynthia Gregory,26.0,Engineering,80000.0,3.0,No
Kimberly Hanna,41.0,Marketing,76000.0,15.0,Yes
Joshua Knox,25.0,IT,,3.0,No
Brett Rivera,29.0,Sales,56000.0,5.0,No
Kelly Duncan,39.0,Operations,66200.0,14.0,Yes
Deborah Roberson,39.0,Sales,66600.0,7.0,Yes
Timothy Johnson,42.0,Finance,80900.0,9.0,Yes
Mike Allen,38.0,Operations,68800.0,,Yes
Larry Fritz,53.0,Operations,65300.0,13.0,Yes
Nathan Adams,35.0,Operations,54700.0,,No
Bruce Spencer,43.0,Engineering,82200.0,10.0,Yes
Brittney Phillips,35.0,IT,70800.0,5.0,Yes
Joe Greene,29.0,Finance,67300.0,4.0,No
David Williams,30.0,Engineering,84600.0,5.0,Yes
Zachary Jones,25.0,Sales,52500.0,2.0,No
Dillon Brown,27.0,IT,78000.0,4.0,No
Aaron Carlson,28.0,Engineering,250100.0,4.0,No
Scott Ramirez,42.0,Sales,64900.0,8.0,Yes
Alison Walker,51.0,HR,87900.0,25.0,Yes
Maria Sullivan,37.0,Operations,57400.0,7.0,Yes
Mark Warren IV,37.0,Finance,84800.0,12.0,Yes
Carla Briggs,41.0,IT,102700.0,13.0,Yes
Jacqueline Dickerson,42.0,Marketing,90400.0,15.0,Yes
Lori Johns,28.0,Sales,64700.0,4.0,No
Brandon Edwards,33.0,Operations,,4.0,Yes
Sarah Berry,42.0,Operations,77700.0,,Yes
Karen Morales DDS,39.0,HR,69000.0,12.0,Yes
James Lopez,,Operations,49100.0,10.0,Yes
Melissa Clark,35.0,Engineering,92200.0,12.0,Yes
Krista Fuller,39.0,Finance,95000.0,15.0,Yes
Jesse Allen,52.0,Finance,96200.0,18.0,Yes
Joseph Cooper,54.0,Engineering,91500.0,12.0,Yes
Dana Chapman,31.0,Sales,58200.0,6.0,No
Sharon Jones,25.0,Engineering,87500.0,3.0,No
Justin Williams,48.0,Finance,65500.0,10.0,Yes
Thomas Burns,33.0,IT,80900.0,8.0,Yes
Patricia Zamora,25.0,HR,42900.0,2.0,Yes
Dr. Charles Lawrence,51.0,Engineering,118300.0,25.0,Yes
Michael Walters,53.0,Marketing,82200.0,17.0,Yes
David Davis,37.0,Sales,61800.0,10.0,Yes
James Whitaker,24.0,Operations,58200.0,2.0,Yes
Tara Thomas,22.0,Engineering,92600.0,1.0,No
Rachel Curry,37.0,Marketing,57400.0,7.0,Yes
Richard Golden,36.0,HR,52700.0,7.0,Yes
Erik Small,34.0,IT,75600.0,9.0,Yes
Paula Lane,21.0,Marketing,55700.0,0.0,No
Darlene Dixon,44.0,IT,,8.0,Yes
Phillip Herman,27.0,IT,74200.0,4.0,No
Kelly Miles,31.0,HR,56800.0,7.0,Yes
Rodney Perry,36.0,Sales,58400.0,12.0,Yes
Ethan Adams,36.0,Sales,62700.0,11.0,Yes
Corey Roberts,46.0,HR,66100.0,15.0,Yes
Deborah Waller,32.0,Marketing,67000.0,8.0,Yes
Larry Woods,41.0,IT,89800.0,16.0,Yes
Riley Clark,40.0,Customer Support,55900.0,9.0,Yes
Jennifer Nguyen,34.0,Finance,67200.0,4.0,Yes
Monique Diaz,38.0,Operations,68700.0,12.0,Yes
Debra White,33.0,Engineering,75900.0,5.0,Yes
Joe Mendez PhD,35.0,Engineering,86200.0,10.0,Yes
Amber Butler,31.0,IT,76200.0,5.0,No
Bethany Gonzalez,21.0,IT,53200.0,0.0,No
Monica Anderson,34.0,Customer Support,51000.0,6.0,Yes
Dustin Campbell,39.0,Operations,62600.0,8.0,
William Sanders,21.0,Sales,47100.0,0.0,No
Matthew Davis,50.0,Marketing,81300.0,14.0,Yes
Amanda Hardin,50.0,Marketing,69600.0,,Yes
Pam Hernandez,44.0,Finance,80500.0,15.0,Yes
Kimberly Thomas,31.0,Sales,55900.0,5.0,Yes
Tina Mooney,39.0,IT,96200.0,15.0,Yes
Maria Brown,39.0,Sales,74900.0,12.0,Yes
Dennis Spencer,37.0,IT,71400.0,7.0,Yes
Dr. Heather Johnson PhD,34.0,Sales,63800.0,9.0,
Aaron Thompson,32.0,HR,55900.0,5.0,Yes
Tracy Montoya,41.0,Finance,78500.0,8.0,Yes
Nicole Tate,43.0,Marketing,70900.0,8.0,Yes
Heather Nunez,29.0,Operations,55500.0,3.0,No
Frank White,45.0,Operations,78000.0,16.0,Yes
Jill Spencer,28.0,Sales,55600.0,2.0,Yes
Kevin Walters,40.0,IT,94400.0,16.0,Yes
Faith Smith,49.0,Marketing,99000.0,23.0,Yes
Cody Davidson,40.0,Sales,214800.0,6.0,No
Beth Brown,46.0,Finance,99600.0,20.0,Yes
Douglas Sanders,21.0,Customer Support,34000.0,0.0,No
Keith Kennedy,46.0,Operations,72900.0,12.0,Yes
Karen Goodman,36.0,Sales,70800.0,9.0,Yes
Jenny Gray,33.0,Sales,67700.0,8.0,Yes
Ronald Davis,28.0,HR,53300.0,3.0,No
Monica Medina,41.0,Operations,63700.0,7.0,Yes
Sean Hatfield,21.0,IT,63400.0,0.0,No
Daniel Chen,44.0,Finance,92000.0,18.0,
Phillip Rodriguez,39.0,Marketing,79400.0,13.0,Yes
Whitney Macdonald DVM,22.0,Sales,66600.0,1.0,No
Victor Hudson,34.0,Operations,59900.0,6.0,Yes
Juan Carroll,48.0,HR,67900.0,13.0,Yes
Felicia Thompson,23.0,IT,71100.0,1.0,No
Shane Alvarez,32.0,IT,82400.0,8.0,Yes
Heather Ball,,Engineering,98300.0,18.0,Yes
Mary Kennedy,50.0,Engineering,122400.0,23.0,Yes
Karen Novak,45.0,Engineering,89000.0,9.0,Yes
Brian Fitzgerald,52.0,Engineering,111800.0,,Yes
Katherine Klein,21.0,Finance,62800.0,0.0,No
Pamela Hill,21.0,Marketing,44900.0,,No
Robert Skinner,31.0,Finance,73000.0,8.0,Yes
Kelly Pena,41.0,IT,89400.0,10.0,Yes
Stacy Garner,29.0,HR,53600.0,4.0,Yes
Omar Chandler,35.0,Engineering,100300.0,10.0,Yes
Lauren Anthony,31.0,Finance,75800.0,7.0,Yes
Caroline Morales,39.0,Engineering,96600.0,9.0,Yes
Katherine Downs,21.0,Marketing,56900.0,0.0,No
David Peters,40.0,Engineering,98500.0,15.0,Yes
Daniel Salinas,27.0,IT,60300.0,4.0,Yes
Sharon Williams,36.0,Marketing,76900.0,13.0,Yes
Tyler Murphy,49.0,IT,92200.0,21.0,Yes
Stacey Stone,36.0,Engineering,79200.0,10.0,Yes
Michael Khan,36.0,IT,80500.0,10.0,Yes
Timothy Sanchez,30.0,IT,84700.0,4.0,Yes
Joseph Dougherty,34.0,Customer Support,58100.0,9.0,Yes
Mr. Jeffrey Duncan,49.0,Sales,87100.0,18.0,Yes
Lydia Howard,50.0,HR,76800.0,18.0,Yes
Robin Santiago,,Engineering,97500.0,16.0,Yes
Melissa Lyons,39.0,Sales,68000.0,13.0,Yes
Allison Hickman,35.0,IT,63300.0,8.0,Yes
Nichole Parker,27.0,Customer Support,49100.0,4.0,No
Sarah Wall,44.0,IT,86400.0,8.0,No
David Mendoza,40.0,Marketing,76800.0,14.0,Yes
Gregory Peck,41.0,Sales,81300.0,17.0,Yes
Cynthia Tran,35.0,Finance,68300.0,8.0,Yes
Robert Cummings,34.0,Sales,63200.0,,Yes
Heather Hernandez,21.0,Marketing,46200.0,0.0,No
Jonathan Jefferson DVM,39.0,IT,78400.0,12.0,Yes
Jeremy Dalton,21.0,Engineering,72400.0,0.0,No
Casey Hernandez,28.0,HR,52200.0,2.0,No
Steven Mayo,32.0,Sales,57100.0,3.0,No
Michelle Ortega,51.0,IT,86000.0,10.0,Yes
Kenneth Brown,37.0,Engineering,101200.0,11.0,Yes
John Rogers,21.0,Engineering,72500.0,0.0,
Bethany Harding,21.0,Operations,42000.0,0.0,No
Michael Church,30.0,HR,62900.0,5.0,Yes
Sara Thomas,31.0,HR,64300.0,8.0,Yes
Justin Foster,41.0,Customer Support,,8.0,No
Robert Perkins,27.0,Sales,56400.0,4.0,
Allen Martinez,,IT,75900.0,8.0,Yes
Joshua Hernandez,34.0,IT,76200.0,8.0,Yes
Jim Rodriguez,40.0,Engineering,86200.0,12.0,Yes
Earl Marquez,42.0,Operations,78700.0,17.0,Yes
Mrs. Amy Hale,40.0,IT,67200.0,11.0,Yes
Mr. Joseph Thompson,21.0,Operations,48900.0,0.0,No
Kimberly Turner,45.0,Sales,75200.0,10.0,Yes
Shawn Lindsey,38.0,Engineering,101100.0,14.0,Yes
Steven Fisher,32.0,IT,81000.0,5.0,Yes
Michael Anderson,53.0,IT,83200.0,13.0,Yes
Holly Farmer,35.0,Sales,65200.0,8.0,Yes
Heather Becker,47.0,IT,85000.0,14.0,Yes
Judith House,43.0,Sales,63100.0,14.0,Yes
Timothy Shannon,45.0,Operations,83900.0,18.0,Yes
Cynthia Vang,40.0,IT,91200.0,14.0,Yes
Mary Jensen,40.0,Sales,71100.0,11.0,Yes
Paul Stephens,27.0,Operations,48100.0,3.0,No
Maureen Nixon,21.0,Operations,44900.0,0.0,No
Sara James,37.0,Customer Support,68800.0,13.0,Yes
Tyler Cole,38.0,Customer Support,61600.0,12.0,
John Ortiz,29.0,Finance,67000.0,3.0,No
Edward Simmons,43.0,Finance,82000.0,11.0,Yes
Jason Torres,42.0,Operations,71900.0,18.0,Yes
Brianna Martin,21.0,IT,58100.0,0.0,No
Charles Robinson,38.0,Finance,71600.0,7.0,Yes
Arthur Jordan,27.0,Engineering,77300.0,5.0,Yes
Jessica King,34.0,Customer Support,61500.0,,No
Brandon Kirby,39.0,Customer Support,66600.0,10.0,Yes
Jake Holmes,54.0,Customer Support,54000.0,12.0,Yes
Michael Brown,21.0,Engineering,72300.0,0.0,No
Justin Dalton,39.0,HR,66900.0,14.0,Yes
Patricia Williams,33.0,IT,81200.0,10.0,Yes
John Rodriguez,51.0,Engineering,107600.0,21.0,Yes
Debra Reid,40.0,IT,68100.0,6.0,Yes
Denise Brown,30.0,HR,54900.0,7.0,Yes
Anna Wheeler,33.0,Sales,68900.0,10.0,Yes
Kevin Walter,32.0,Engineering,82200.0,5.0,No
Jessica Khan,38.0,Engineering,97400.0,,Yes
Patrick Harris,32.0,Finance,82900.0,7.0,No
Tammy Alexander,54.0,Engineering,,11.0,Yes
Julia Parsons,45.0,Engineering,114700.0,17.0,Yes
Adam Taylor,44.0,,96500.0,17.0,Yes
Steven Tyler,59.0,Sales,92300.0,26.0,Yes
Hannah Marquez,52.0,Finance,109800.0,,Yes
Richard Rodriguez,30.0,IT,80100.0,5.0,Yes
Michelle Jacobs,35.0,IT,81500.0,12.0,Yes
Cheryl Wade,27.0,Marketing,58100.0,3.0,No
James Torres,39.0,IT,77700.0,7.0,Yes
Timothy Wang,32.0,Sales,67500.0,9.0,Yes
John Gallagher,46.0,IT,107100.0,19.0,Yes
Patrick Faulkner,49.0,,75900.0,19.0,Yes
Mark Benjamin,40.0,IT,73400.0,7.0,Yes
Michele Edwards,21.0,Finance,52800.0,0.0,No
Megan Hood,57.0,Marketing,77800.0,12.0,Yes
James Nguyen,31.0,IT,78500.0,4.0,Yes
Lauren Haley,49.0,Engineering,88800.0,12.0,Yes
Raymond Sawyer,35.0,Sales,65100.0,8.0,No
Charles Lester,32.0,HR,62400.0,5.0,No
Ann Moon,43.0,Marketing,,13.0,Yes
Thomas Jones,34.0,Finance,68800.0,9.0,Yes
Patricia Gonzalez,38.0,Marketing,75700.0,13.0,Yes
Jennifer Buck,39.0,Operations,47300.0,6.0,Yes
Connie Ramirez,35.0,Operations,61400.0,8.0,Yes
Bryan Herrera,40.0,Sales,76200.0,,Yes
Brenda Perez,40.0,Customer Support,60200.0,6.0,Yes
Regina Ramos,26.0,Engineering,67300.0,2.0,No
Luke Ray,25.0,IT,73200.0,2.0,Yes
David Hays,,Engineering,90900.0,14.0,Yes
Matthew Brooks,57.0,Finance,79600.0,17.0,Yes
Larry Harding,31.0,Marketing,59800.0,6.0,Yes
David Medina,28.0,Marketing,61400.0,2.0,No
Leah Walters,38.0,,64400.0,13.0,Yes
Ray Rosario,26.0,Operations,47200.0,2.0,No
Joseph Mendoza,33.0,Engineering,80300.0,10.0,Yes
Phillip Ward,46.0,Engineering,96800.0,16.0,Yes
Rebecca Marquez,33.0,Customer Support,48000.0,5.0,Yes
Rebecca Valencia,32.0,Sales,45000.0,3.0,No
Jennifer Greene,25.0,IT,66500.0,1.0,No
Tonya Ellis,39.0,Sales,,14.0,Yes
Kenneth Williams,24.0,Sales,55200.0,2.0,No
Patrick Blankenship,25.0,IT,76000.0,2.0,No
Mark Miller,33.0,Sales,60000.0,7.0,Yes
Kathryn Brown,39.0,Sales,79100.0,13.0,Yes
Briana Murray,29.0,Engineering,82100.0,3.0,No
Mitchell Merritt,39.0,Engineering,,5.0,No
Harold Mckinney,21.0,Operations,49100.0,0.0,No
David Le,21.0,Customer Support,35700.0,0.0,No
Robert Herrera,29.0,Operations,64200.0,5.0,No
Charles Roberts,22.0,IT,60600.0,0.0,No
Michael Watkins,30.0,Customer Support,66300.0,8.0,Yes
Patrick Reed,21.0,IT,66000.0,0.0,No
Michael Perkins,43.0,Sales,71700.0,13.0,Yes
Wanda Short,39.0,Sales,70700.0,8.0,Yes
Bradley Robertson Jr.,23.0,Sales,45200.0,1.0,No
Ronald Hernandez,46.0,Sales,90000.0,20.0,Yes
Barbara Graham,57.0,Marketing,99000.0,26.0,Yes
Michael White,35.0,Customer Support,46700.0,6.0,Yes
Juan Evans,26.0,Sales,52300.0,3.0,
Curtis Watson,35.0,Marketing,68700.0,6.0,Yes
Heather Cole,21.0,Engineering,83100.0,0.0,No
Jon Green,38.0,Sales,68300.0,13.0,Yes
Ruben Clark,34.0,Operations,59200.0,,Yes
Samantha Robinson,46.0,Finance,85600.0,14.0,Yes
Catherine George,30.0,Sales,65600.0,7.0,Yes
Ronald Brown,32.0,Sales,64700.0,6.0,No
John Mendez,35.0,IT,78700.0,7.0,Yes
Willie Lara,38.0,Marketing,66300.0,7.0,No
Tonya Jones,40.0,Operations,80300.0,15.0,Yes
Jessica Haas,31.0,Engineering,83000.0,7.0,No
Sara Johnston,29.0,Engineering,75900.0,5.0,Yes
James Nicholson,46.0,,79500.0,8.0,Yes
Janet Shelton,37.0,Marketing,63500.0,9.0,Yes
Rachel Warren,32.0,Operations,60500.0,9.0,Yes
Elizabeth Skinner MD,46.0,Finance,90400.0,18.0,Yes
Latasha Mendez,39.0,Finance,78800.0,11.0,Yes
Tyler Baker,,HR,48600.0,0.0,Yes
Stacy Werner,26.0,HR,,4.0,Yes
Joy Jackson,25.0,Engineering,69600.0,3.0,No
Patrick Medina,35.0,Engineering,79200.0,9.0,Yes
Jesse Sutton,25.0,Operations,48300.0,3.0,Yes
Kevin Rose,47.0,Operations,81000.0,18.0,Yes
Kenneth Williams,43.0,HR,68300.0,11.0,Yes
Jonathan Yates,41.0,Marketing,75400.0,13.0,Yes
Emily Bauer,42.0,Finance,80700.0,14.0,Yes
Stacey Rodriguez,33.0,Marketing,45000.0,4.0,No
Christian Cross,39.0,Marketing,85000.0,13.0,Yes
Sherri Smith,29.0,Sales,62800.0,3.0,No
Brian Smith,23.0,Customer Support,44100.0,1.0,No
Paul Cabrera,37.0,Engineering,85300.0,13.0,Yes
Susan Gregory,21.0,Marketing,62600.0,0.0,No
Annette Lane,28.0,Engineering,71900.0,3.0,Yes
Ms. Monique Dougherty MD,43.0,IT,86600.0,10.0,Yes
Corey Cooper,43.0,Finance,82000.0,12.0,Yes
Vincent Schaefer,52.0,Operations,77400.0,17.0,Yes
Amanda Jones,36.0,IT,80600.0,9.0,Yes
Lee Steele,35.0,HR,58700.0,4.0,No
Gary Wells,31.0,Sales,55900.0,5.0,No
Melissa Martinez,38.0,IT,84500.0,,Yes
Brett Swanson,24.0,IT,76400.0,2.0,No
Alex Jones DVM,31.0,IT,67600.0,3.0,Yes
Zachary Huff,51.0,Operations,93300.0,,Yes
Suzanne Jones,29.0,Customer Support,50100.0,4.0,No
Nicholas Lowery,42.0,HR,69000.0,12.0,Yes
Debbie Allen,44.0,HR,54800.0,9.0,Yes
Michelle Newman,,Operations,75700.0,18.0,Yes
Tracy Rodriguez,37.0,Finance,70300.0,7.0,Yes
Ashley Greene,25.0,Operations,47400.0,3.0,No
Thomas Rodriguez,37.0,HR,58100.0,5.0,No
Joshua Murray,21.0,IT,65400.0,0.0,No
Brian Perkins,42.0,Finance,90800.0,15.0,Yes
Charles Chang,39.0,Marketing,76900.0,14.0,Yes
Brandi Haney,38.0,HR,77100.0,13.0,Yes
Kevin Price,41.0,IT,91300.0,17.0,Yes
Ann Peterson,21.0,Finance,59400.0,0.0,No
Michelle Rivera,31.0,Customer Support,54300.0,6.0,Yes
Kevin Moss,25.0,Operations,49000.0,2.0,No
Alejandro Martinez,23.0,Engineering,62900.0,1.0,No
Sandra Rivera,52.0,Engineering,99300.0,17.0,
Samantha Noble,21.0,Sales,54000.0,0.0,
Patricia Williams,37.0,Operations,64800.0,7.0,Yes
Angel Reilly,40.0,IT,85300.0,9.0,Yes
Megan Oliver,37.0,Marketing,82000.0,11.0,Yes
Joshua Mendoza,60.0,IT,90900.0,13.0,Yes
Michelle Krause,34.0,Operations,49200.0,6.0,Yes
Crystal Garcia,47.0,IT,97100.0,16.0,Yes
Michael Walls,45.0,IT,82800.0,13.0,Yes
Ryan Riley,38.0,IT,77500.0,9.0,Yes
Brandon Powell,36.0,Engineering,89300.0,10.0,Yes
Mandy Lee,40.0,Operations,65100.0,9.0,Yes
Laura Fowler,21.0,Operations,44600.0,0.0,No
Nathan Jones,25.0,Marketing,58200.0,2.0,No
Janice Fuentes,53.0,Finance,106600.0,25.0,Yes
Michael Arnold,38.0,Customer Support,63200.0,9.0,Yes
Jennifer Sampson,21.0,IT,62800.0,0.0,
Lindsay Lawson,48.0,Engineering,109800.0,21.0,Yes
Amanda Pineda,58.0,Finance,82300.0,13.0,Yes
Sonya Chavez,29.0,Engineering,81000.0,4.0,No
Brooke Sims,29.0,IT,70800.0,5.0,Yes
Mary Copeland,37.0,IT,86800.0,6.0,Yes
Crystal Shelton,35.0,Marketing,72800.0,10.0,Yes
David Williams,38.0,Sales,64700.0,8.0,No
Tommy Romero,34.0,IT,86900.0,7.0,Yes
Ms. Erin Lane,32.0,IT,74600.0,5.0,Yes
Jennifer Edwards,35.0,Marketing,60500.0,10.0,Yes
Elijah Short,41.0,Operations,67800.0,11.0,Yes
Michele Scott,36.0,IT,81800.0,7.0,Yes
Anne Medina,37.0,Operations,69000.0,8.0,Yes
Bianca Davis,35.0,HR,67100.0,8.0,Yes
Jennifer Weber,28.0,Sales,57100.0,6.0,Yes
Corey Garcia,37.0,Marketing,65200.0,12.0,Yes
Kimberly Fritz,31.0,Finance,65200.0,5.0,Yes
Travis Day,26.0,Engineering,67800.0,2.0,No
Alan Waller,37.0,IT,80900.0,12.0,Yes
Erica Rose,40.0,Finance,76700.0,9.0,Yes
Mr. Robert Acevedo MD,22.0,HR,54700.0,,No
Jacqueline Figueroa,24.0,Sales,50000.0,,No
Steven Stewart,47.0,IT,94500.0,20.0,Yes
Brian Stokes,51.0,Marketing,86500.0,20.0,Yes
Ronnie Hudson MD,52.0,Finance,110300.0,26.0,Yes
Terry Barajas,21.0,Engineering,77200.0,0.0,No
Victor Yates,30.0,Marketing,64000.0,7.0,Yes
Gail Moss,34.0,Sales,76500.0,11.0,Yes
Krista Gibson,31.0,IT,83100.0,6.0,Yes
Joseph Chapman,44.0,Engineering,90500.0,9.0,Yes
Steven Perez,39.0,Customer Support,219700.0,13.0,Yes
Lisa Brown,46.0,Operations,66400.0,13.0,Yes
Mary Daniels,53.0,Marketing,85700.0,18.0,Yes
Emily Hall,31.0,Sales,65800.0,8.0,Yes
Virginia Clark,37.0,HR,75200.0,12.0,Yes
Sarah Miller,27.0,Customer Support,42700.0,4.0,No
Meagan Charles,41.0,Operations,54000.0,7.0,Yes
Cynthia Johnson,35.0,Sales,56800.0,7.0,Yes
Jeremy Davis,30.0,Marketing,59900.0,7.0,No
Jordan Wilkerson,34.0,Operations,65200.0,9.0,Yes
Cameron Smith,34.0,Customer Support,62400.0,10.0,No
James Davenport,34.0,Sales,56300.0,6.0,Yes
Ashlee Williams,40.0,Marketing,71000.0,11.0,Yes
Karen Ross,34.0,Engineering,81600.0,7.0,Yes
Alexandria Carrillo,47.0,Operations,66100.0,12.0,Yes
Kathryn Williams,31.0,Customer Support,50600.0,8.0,Yes
Brandon Cordova PhD,37.0,Marketing,76700.0,14.0,Yes
Deborah Campbell,29.0,Operations,57700.0,5.0,Yes
Chris Wheeler,24.0,Operations,53100.0,1.0,Yes
Raymond Herrera,36.0,Customer Support,45400.0,7.0,Yes
Lee Richards,37.0,Operations,78300.0,13.0,Yes
Brandy Walter,46.0,Operations,59600.0,8.0,Yes
Cody Reid,37.0,Finance,90700.0,13.0,Yes
Monica Howe,36.0,Engineering,84200.0,,Yes
Laura Clark,44.0,IT,85400.0,16.0,Yes
Jennifer Taylor,39.0,Engineering,94700.0,9.0,Yes
Rachel Oneal,27.0,IT,67800.0,3.0,No
Michael Thompson,39.0,Finance,80000.0,10.0,Yes
Jason Garcia,32.0,Engineering,78000.0,6.0,Yes
Eric Jones Jr.,32.0,HR,59800.0,9.0,Yes
Margaret Erickson,42.0,Customer Support,56000.0,15.0,
Daniel Turner,39.0,Sales,70500.0,12.0,Yes
Christopher Hicks,42.0,,89600.0,9.0,Yes
Joseph Ochoa,30.0,,83500.0,7.0,Yes
Jennifer Howard,29.0,HR,,5.0,Yes
Bethany Frazier,43.0,Customer Support,62300.0,11.0,Yes
Kayla Rodriguez,31.0,HR,61400.0,6.0,Yes
Vanessa Reed,39.0,IT,74200.0,6.0,No
Bridget Walter,35.0,Operations,70600.0,9.0,Yes
Clayton Jennings,,IT,92900.0,15.0,Yes
Charles Goodman,36.0,Engineering,95200.0,12.0,Yes
Edwin Brown,32.0,Sales,61400.0,9.0,Yes
Ashley Martinez,34.0,Sales,64700.0,8.0,Yes
Shannon Miller,29.0,Operations,47500.0,4.0,No
Christine Gutierrez,41.0,HR,,17.0,Yes
Patricia Fox,38.0,Customer Support,48300.0,7.0,Yes
Brandy Chavez,54.0,Engineering,93600.0,12.0,Yes
Paul Burton,46.0,Sales,72000.0,11.0,Yes
Erin Jacobs,24.0,Sales,51000.0,1.0,No
Jerry Waters,35.0,Engineering,86400.0,8.0,Yes
Manuel Diaz,34.0,Marketing,68100.0,7.0,Yes
Adam Drake,30.0,Customer Support,46300.0,6.0,Yes
Sarah Proctor,28.0,Finance,70500.0,3.0,No
Christopher Thomas,31.0,IT,80500.0,8.0,Yes
Victoria Gray,32.0,Marketing,61800.0,7.0,Yes
Chris Morris,30.0,Sales,57600.0,4.0,Yes
Jeffrey Roberson,34.0,Marketing,62000.0,7.0,Yes
Austin Horton,36.0,Sales,75200.0,11.0,Yes
Julie Allen,37.0,HR,72200.0,13.0,Yes
Bryan Parker,36.0,IT,84400.0,6.0,Yes
Sandy Reynolds,41.0,IT,87800.0,13.0,Yes
Stephen Davis,31.0,Engineering,71300.0,5.0,No
Heidi Torres,27.0,Operations,54100.0,4.0,No
Tina Solomon,47.0,Finance,94700.0,20.0,Yes
Bobby Arnold,44.0,Engineering,92100.0,8.0,Yes
Rita Taylor,28.0,Sales,59300.0,4.0,Yes
Ashley Ruiz,46.0,HR,63000.0,8.0,Yes
Elizabeth Miles,25.0,,49500.0,3.0,No
Charles Scott,40.0,IT,78400.0,12.0,Yes
Aaron Schneider,47.0,Marketing,79500.0,15.0,Yes
David Gutierrez,35.0,Operations,63800.0,11.0,Yes
Christopher Anderson,38.0,Engineering,100600.0,12.0,Yes
Nicholas Payne,43.0,Sales,71000.0,12.0,Yes
Travis Tucker,33.0,Finance,74500.0,5.0,No
Nancy Liu,38.0,Operations,68700.0,12.0,Yes
Mary Hoffman,21.0,Sales,57000.0,0.0,No
Tammy Garcia,23.0,IT,68300.0,1.0,Yes
Jennifer Pearson,42.0,IT,93900.0,18.0,Yes
Danielle Hester,50.0,Engineering,506100.0,13.0,Yes
Jessica Lucas,35.0,HR,50200.0,6.0,Yes
Connor West,25.0,Finance,68800.0,3.0,No
Michael Price,34.0,HR,50400.0,4.0,No
William Barrett,38.0,Sales,70700.0,11.0,Yes
Dan Johnson,33.0,Finance,78700.0,10.0,No
Diane Mcdowell,32.0,Sales,53300.0,8.0,Yes
Virginia Hall,31.0,Engineering,91200.0,8.0,Yes
Ryan Gonzalez,35.0,Finance,82000.0,10.0,Yes
Paul Franco,27.0,Marketing,55700.0,3.0,No
Melody Ochoa,40.0,IT,96300.0,15.0,Yes
Andre Pace,26.0,IT,57000.0,2.0,Yes
Kyle Sanchez,22.0,IT,67900.0,1.0,No
Melissa Stephens,37.0,IT,86500.0,,Yes
Russell Downs,37.0,Sales,76800.0,13.0,Yes
Kenneth Harmon,33.0,Customer Support,50400.0,8.0,Yes
Amy Martinez,21.0,,56700.0,0.0,No
Corey Whitaker,44.0,HR,73800.0,14.0,
Vicki Harper,32.0,Finance,75900.0,5.0,Yes
Lynn Hoffman,38.0,IT,78500.0,7.0,No
Nathan Burke,30.0,Engineering,71600.0,6.0,Yes
Erin Ellis,35.0,Customer Support,54600.0,6.0,Yes
Mr. Zachary Mora DVM,49.0,IT,88500.0,11.0,Yes
Catherine Roberts,49.0,Engineering,90800.0,10.0,Yes
Rebecca Sandoval,21.0,Finance,60500.0,0.0,No
James Parks,29.0,Marketing,60300.0,6.0,No
Crystal Allen,36.0,Customer Support,46200.0,8.0,No
Trevor Walker,47.0,Sales,84100.0,19.0,Yes
Nancy Smith,48.0,Operations,64400.0,14.0,Yes
Bryan Thomas,38.0,Marketing,66100.0,13.0,Yes
Heather Hernandez,37.0,HR,49700.0,7.0,Yes
Phillip Miller,54.0,Operations,86000.0,18.0,Yes
Jennifer Montgomery MD,21.0,Sales,49300.0,0.0,No
Austin Snyder,42.0,Engineering,87400.0,11.0,Yes
Jessica Singh,35.0,Customer Support,60800.0,6.0,Yes
Curtis Obrien,40.0,Marketing,71600.0,9.0,Yes
James Watson,44.0,Sales,,19.0,Yes
Jennifer Gonzalez,40.0,Operations,,13.0,Yes
Cory Kim,25.0,Customer Support,42700.0,2.0,No
Sabrina Ward,21.0,Marketing,66600.0,0.0,No
Kelly Phillips,35.0,Customer Support,55000.0,8.0,Yes
Christopher Hall,45.0,IT,89800.0,12.0,Yes
April Jones,42.0,IT,92600.0,11.0,Yes
Chad Pennington,34.0,IT,82600.0,9.0,Yes
Mariah Thompson,46.0,Marketing,70700.0,11.0,Yes
Theresa Knight,50.0,Operations,65900.0,15.0,Yes
Courtney Smith,,Operations,45700.0,0.0,No
Mrs. Amanda Kelley DDS,38.0,IT,80600.0,9.0,Yes
Justin York,30.0,Customer Support,47900.0,5.0,Yes
Rebecca Beard,28.0,Finance,66000.0,5.0,No
Javier Hays,39.0,Engineering,82500.0,11.0,Yes
Jacqueline Hall,,Engineering,86500.0,7.0,Yes
Stacie Butler,33.0,IT,78000.0,7.0,No
Lisa Mills,39.0,Operations,59100.0,8.0,Yes
Phillip Kelly,30.0,Operations,47600.0,5.0,Yes
Amy Dougherty,35.0,,64800.0,5.0,Yes
Sydney Sanders,41.0,HR,74500.0,16.0,Yes
Karen Wolf,21.0,IT,74500.0,0.0,No
Erica Johnson,41.0,IT,99600.0,16.0,Yes
Kathy Reid,,Engineering,107500.0,19.0,Yes
Brenda Copeland,37.0,Finance,87700.0,12.0,Yes
Melissa Warner,30.0,HR,59200.0,8.0,Yes
Emily Martinez,22.0,Operations,50700.0,0.0,No
Stephanie Kelley,28.0,Engineering,68900.0,2.0,No
Vanessa Zimmerman,37.0,Sales,80200.0,12.0,Yes
Casey Morris,37.0,IT,88400.0,10.0,Yes
Jacob Trevino,47.0,,78800.0,22.0,Yes
Anthony Scott,28.0,Sales,48000.0,3.0,No
Timothy Andrews,21.0,Finance,66600.0,0.0,No
Matthew Watkins,32.0,Sales,59100.0,8.0,Yes
Ana Jensen MD,36.0,IT,76400.0,10.0,Yes
Deborah Curry,42.0,Operations,75500.0,15.0,Yes
Chase Haney,21.0,Sales,51500.0,0.0,No
Jacqueline Chen,46.0,Sales,80700.0,12.0,Yes
Jesse Fleming,40.0,IT,73800.0,6.0,Yes
Cody Farmer,28.0,Finance,63100.0,3.0,No
Danielle Bryant,50.0,Operations,94400.0,,
Catherine Frazier,44.0,Engineering,100900.0,13.0,Yes
Brent Wong,43.0,Engineering,80000.0,10.0,Yes
Shawn Duffy,24.0,HR,53100.0,2.0,No
Lori Ferguson,36.0,Engineering,83800.0,8.0,Yes
Frank Brooks,39.0,Marketing,74500.0,15.0,Yes
Haley Cowan,31.0,IT,76200.0,8.0,Yes
Michael Moore,23.0,Customer Support,52700.0,1.0,Yes
Isaiah Turner,38.0,Sales,67700.0,9.0,Yes
Gary Ward,46.0,IT,98900.0,19.0,Yes
Mallory Collins,28.0,Engineering,79800.0,4.0,No
Claudia Rice,48.0,HR,60900.0,10.0,Yes
Julie Padilla,49.0,Finance,85700.0,15.0,Yes
Brian Chen,42.0,Sales,79400.0,18.0,Yes
Tim Jackson,42.0,Finance,88900.0,16.0,Yes
George Smith,35.0,Customer Support,50600.0,10.0,Yes
David Martin,26.0,Operations,56600.0,2.0,No
Joseph Stokes,33.0,Engineering,75700.0,5.0,Yes
Joseph Schaefer,32.0,Finance,62800.0,8.0,No
Elizabeth Brown,42.0,IT,101500.0,14.0,Yes
Christine Greene,21.0,Engineering,71400.0,0.0,No
Shannon Rivera,24.0,Engineering,85200.0,2.0,No
Mitchell Sellers,39.0,Customer Support,61900.0,12.0,Yes
Anna Snyder,37.0,Sales,70700.0,11.0,Yes
Jessica Martinez,,Engineering,95900.0,12.0,Yes
Ashley Wise,49.0,Engineering,99500.0,11.0,Yes
John Chavez,42.0,Operations,68100.0,10.0,Yes
Natalie Stanley,29.0,Operations,53100.0,3.0,No
Frank Lawrence,27.0,Sales,64600.0,2.0,No
Amanda Phelps,24.0,Customer Support,43500.0,1.0,Yes
Stephanie Livingston,30.0,Finance,73600.0,5.0,Yes
Amy Kennedy,41.0,HR,56700.0,6.0,No
Kimberly Garcia,27.0,Customer Support,,2.0,No
Timothy Howard,49.0,Engineering,80700.0,10.0,Yes
Judith Carter,38.0,Engineering,99200.0,14.0,Yes
Michael Graham,39.0,Finance,77000.0,12.0,Yes
Stephanie Elliott,34.0,Finance,65400.0,4.0,No
Jeremy Brown,29.0,Sales,48900.0,4.0,No
Bobby Flores,39.0,Operations,56400.0,8.0,Yes
Benjamin Duncan,28.0,Sales,65500.0,5.0,Yes
Amber Smith,33.0,HR,67500.0,10.0,Yes
Mr. William Hopkins,38.0,IT,82100.0,8.0,Yes
Lawrence Harrington,40.0,Customer Support,63400.0,11.0,Yes
Wesley Bowers,47.0,Engineering,99600.0,18.0,Yes
Daniel Patterson,35.0,HR,63800.0,11.0,Yes
Christopher Gay,24.0,Customer Support,48400.0,2.0,No
James Bonilla,35.0,Finance,62400.0,6.0,Yes
Tracy Jones,41.0,IT,96200.0,14.0,Yes
Reginald Diaz,25.0,HR,43500.0,2.0,No
Leah Owens,21.0,Marketing,51800.0,0.0,No
Katrina Johnson,32.0,IT,72500.0,7.0,No
Linda Fernandez,35.0,IT,85800.0,11.0,Yes
Brian Rodriguez,44.0,Finance,83600.0,14.0,Yes
Anna Ponce,40.0,IT,70500.0,7.0,Yes
Alexander Hunt,35.0,Engineering,85400.0,10.0,Yes
Deanna Woodard,21.0,HR,44800.0,0.0,No
John Williams,21.0,IT,58000.0,0.0,Yes
Veronica Silva,32.0,Customer Support,49000.0,8.0,Yes
Peggy Young,,Sales,64800.0,,Yes
Shelly Moss,34.0,Sales,53800.0,6.0,Yes
Kevin Johnston,44.0,Engineering,103100.0,14.0,Yes
Ronnie Frazier,44.0,Operations,67900.0,15.0,Yes
Joseph Montgomery,46.0,Finance,97400.0,20.0,Yes
Scott Anderson,36.0,Finance,62800.0,5.0,Yes
Jennifer Perez PhD,43.0,Finance,73200.0,7.0,Yes
Mr. Joel Peters,26.0,Customer Support,38200.0,2.0,No
Michelle Harmon,22.0,Customer Support,38000.0,1.0,No
Alexander Guzman,24.0,Customer Support,32800.0,2.0,No
Stephanie West,52.0,HR,66300.0,11.0,Yes
Michele Smith,33.0,Marketing,55800.0,4.0,No
Kyle Collins,21.0,Sales,50000.0,0.0,No
Karen Stephens,39.0,Operations,57100.0,10.0,Yes
Peter Stephenson,,HR,43900.0,1.0,No
Becky Parrish,36.0,Engineering,99900.0,10.0,Yes
Jeffrey Harrell,45.0,Engineering,109900.0,19.0,Yes
Michael Fernandez,46.0,HR,63900.0,8.0,Yes
Allen Mendez,34.0,Marketing,71500.0,7.0,No
Kelly Phillips,35.0,Sales,49300.0,4.0,Yes
Noah Morgan,33.0,Customer Support,66200.0,10.0,Yes
Lauren Walker,39.0,Marketing,76200.0,10.0,Yes
Bryan Gomez,34.0,Operations,61700.0,9.0,Yes
Jon Robinson,29.0,Engineering,86300.0,4.0,No
Nicole Phillips,39.0,Operations,64400.0,8.0,Yes
Kathryn Morgan,54.0,Sales,90500.0,20.0,Yes
Crystal Mitchell,22.0,Marketing,48900.0,1.0,No
Brandi Vega,40.0,Sales,67400.0,9.0,Yes
Kristen Davis,33.0,Sales,61500.0,5.0,Yes
Kimberly May,50.0,Operations,83500.0,21.0,Yes
Catherine Williams,47.0,IT,101800.0,16.0,Yes
Christian Dawson,35.0,HR,53800.0,6.0,Yes
Pamela Arnold,23.0,Sales,58400.0,1.0,No
Bryan Thomas,26.0,Operations,54600.0,3.0,No
Lacey Hall,34.0,Marketing,67800.0,8.0,Yes
Willie Duncan,34.0,Sales,64100.0,8.0,Yes
John Morrison,23.0,IT,65500.0,1.0,No
Matthew Moore,39.0,Engineering,97000.0,14.0,Yes
Jeremy Smith,38.0,Operations,69700.0,13.0,Yes
Keith Meadows,31.0,IT,69200.0,6.0,No
Jodi Lewis,,IT,69700.0,4.0,Yes
Paula Moreno,42.0,Operations,67700.0,16.0,Yes
Joseph Smith,37.0,IT,78700.0,10.0,Yes
Shawna Green,,Finance,62200.0,4.0,No
Laurie Miranda,28.0,,67200.0,4.0,No
Ariana Jennings,41.0,Sales,71600.0,9.0,Yes
Xavier Parker,30.0,Sales,59900.0,4.0,No
Joel Gonzales,40.0,Sales,58600.0,6.0,Yes
Mary Thompson,26.0,Customer Support,49000.0,3.0,Yes
Brenda Anderson,50.0,Engineering,110400.0,13.0,Yes
Thomas Chang,39.0,HR,65500.0,7.0,Yes
Adam Merritt,29.0,Engineering,69700.0,3.0,No
Brian Medina,21.0,Engineering,83600.0,0.0,No
Tracey Wagner,35.0,Engineering,77900.0,10.0,Yes
Cameron West,44.0,Finance,75500.0,10.0,Yes
Scott Bradley,27.0,IT,67900.0,4.0,Yes
Seth Curry,39.0,Marketing,79000.0,15.0,Yes
Sean Thomas,35.0,IT,86900.0,11.0,Yes
Stacey Davis,21.0,HR,56300.0,0.0,No
Lawrence Glover,35.0,Operations,62400.0,5.0,No
Michael Brown,21.0,Engineering,73600.0,0.0,No
Ashley Burton MD,41.0,Operations,58500.0,6.0,Yes
Alison Livingston,41.0,Sales,61500.0,8.0,Yes
Douglas Santos,36.0,HR,66400.0,8.0,No
Travis Schmidt,30.0,HR,56100.0,6.0,No
Lindsay White,36.0,IT,74000.0,8.0,Yes
Carla Wong,33.0,IT,67700.0,5.0,Yes
Peter Shepherd,21.0,Marketing,61500.0,0.0,No
Justin Hughes,21.0,Operations,,0.0,No
Angela Rivera,47.0,Engineering,118300.0,22.0,Yes
Tammy Larson,,Finance,65100.0,6.0,Yes
Bradley Burns,35.0,,94200.0,6.0,Yes
Melanie Ramos,34.0,Engineering,80900.0,6.0,No
Carolyn Kane,41.0,Marketing,80000.0,16.0,Yes
Samantha Robertson,41.0,Sales,56200.0,7.0,No
Robert Smith,27.0,IT,73100.0,2.0,No
Timothy Patel,44.0,Marketing,69800.0,10.0,Yes
Lindsay Chavez,29.0,Finance,,3.0,Yes
Nancy Evans MD,38.0,IT,,8.0,Yes
Sophia Johnson,36.0,Engineering,95900.0,10.0,Yes
Amy Montgomery,21.0,HR,44000.0,0.0,No
Jennifer Moss,41.0,Marketing,82100.0,,Yes
Susan Trujillo,30.0,Engineering,68500.0,4.0,No
Kelly Williamson,37.0,HR,58300.0,8.0,Yes
William Werner,33.0,Customer Support,47200.0,7.0,Yes
Jeffery Johnson,21.0,IT,66900.0,0.0,No
Christopher Barnes,47.0,HR,56200.0,8.0,Yes
Cassidy Bailey,30.0,IT,66700.0,5.0,Yes
Holly Sherman,24.0,IT,73600.0,1.0,No
Jill Ray,21.0,Customer Support,33700.0,0.0,No
Gavin Yates,45.0,HR,,15.0,Yes
Leah Lee,29.0,Engineering,72200.0,4.0,No
Joshua Simpson,45.0,IT,98000.0,14.0,Yes
Kyle Armstrong,37.0,Finance,,8.0,No
Sandra Aguilar,22.0,Marketing,61400.0,1.0,No
Devin Black,39.0,IT,84400.0,11.0,Yes
Dillon Case,40.0,IT,92200.0,15.0,Yes
Nicole Mills,26.0,Marketing,59100.0,3.0,Yes
Sarah Padilla,36.0,IT,76500.0,10.0,Yes
Heather Daniels,44.0,Engineering,98800.0,16.0,Yes
Christy Kennedy,43.0,HR,68500.0,8.0,Yes
Donna Sexton,45.0,Finance,80300.0,14.0,Yes
Brett Bailey,40.0,Sales,54300.0,7.0,Yes
Stacey Snyder,39.0,IT,76300.0,6.0,No
Erin Mckinney,21.0,Operations,49100.0,0.0,No
Sylvia Dalton,30.0,Engineering,84800.0,7.0,No
Frances Aguilar,38.0,IT,75100.0,9.0,Yes
Paul Cruz Jr.,30.0,HR,55300.0,5.0,No
Adriana Johnson,27.0,IT,72300.0,3.0,No
Tyler Mills,43.0,Marketing,77200.0,15.0,Yes
Mr. Daniel King Jr.,28.0,Engineering,77200.0,,No
Allison Wilson,27.0,IT,81500.0,4.0,Yes
Preston Kim,32.0,Sales,65700.0,7.0,Yes
Sandy Oconnor,28.0,IT,70400.0,5.0,No
Charles Turner,37.0,Sales,59600.0,6.0,No
Darius Khan,43.0,IT,92000.0,17.0,Yes
Cesar Wilson,34.0,Marketing,56100.0,4.0,No
Christine Aguilar,25.0,Engineering,75200.0,1.0,No
Shari Ray,48.0,Finance,93900.0,17.0,Yes
George Villa,29.0,Engineering,90200.0,7.0,Yes
Barbara Fields,26.0,Operations,46200.0,2.0,No
Eric Graham,44.0,Engineering,85000.0,9.0,Yes
Susan Moore,43.0,Marketing,67700.0,8.0,Yes
Jonathan Phillips,35.0,Sales,71500.0,9.0,Yes
Charlene Black,39.0,Engineering,83100.0,8.0,Yes
Michael Keller,21.0,IT,72900.0,0.0,No
Matthew Krause,31.0,Engineering,83500.0,4.0,No
Alicia Nguyen,30.0,,53300.0,4.0,Yes
Mark Clark,48.0,Finance,98400.0,21.0,Yes
Lisa Kaiser,36.0,Engineering,80500.0,12.0,Yes
Jay Peck,26.0,HR,45200.0,2.0,No
Amanda Zavala,43.0,Operations,67200.0,14.0,Yes
Nathan Malone,32.0,Marketing,72200.0,9.0,Yes
Andrea Garcia,35.0,Sales,59900.0,5.0,Yes
Philip Huff,21.0,Sales,49700.0,0.0,No
Mr. Thomas Garcia,44.0,Engineering,93900.0,13.0,Yes
Jennifer Ali,35.0,Customer Support,54100.0,9.0,Yes
Lori Martinez,39.0,Operations,69100.0,8.0,No
Abigail Shaffer,49.0,Engineering,105300.0,20.0,Yes
Anthony Paul,37.0,Engineering,100500.0,12.0,Yes
David Martinez,27.0,Sales,62900.0,5.0,Yes
Kenneth Brown,33.0,Marketing,64600.0,8.0,Yes
Kristen Randall,43.0,Sales,73300.0,10.0,Yes
Sandra Reyes,29.0,Sales,69400.0,6.0,Yes
Philip Fernandez,27.0,IT,73200.0,4.0,Yes
Michael Chambers,40.0,IT,82000.0,9.0,Yes
Paul Rich,24.0,IT,69700.0,2.0,Yes
Patrick Rocha,39.0,Finance,78700.0,10.0,Yes
Colleen Brown,39.0,Marketing,60000.0,8.0,Yes
Christine Wong,31.0,,83800.0,6.0,No
Ashley Bell,33.0,Operations,64900.0,5.0,Yes
Christian Snow,31.0,IT,72300.0,6.0,No
Joshua Mitchell,29.0,Customer Support,50400.0,4.0,No
Ashley Blair,31.0,Finance,67500.0,,Yes
Jacob Cabrera,40.0,Engineering,97700.0,12.0,Yes
Joel Roberts,36.0,HR,52000.0,8.0,No
Cathy Little,21.0,Sales,,0.0,No
Bryan Griffith,31.0,Operations,67000.0,5.0,No
Laura Vincent,49.0,IT,103600.0,20.0,Yes
Bryan Richardson,37.0,Finance,71000.0,6.0,No
Anna Evans,39.0,HR,66000.0,14.0,
Andrew Green,26.0,IT,65600.0,2.0,No
Courtney Page,39.0,Engineering,85600.0,8.0,Yes
Carlos Clarke,28.0,Engineering,79600.0,3.0,Yes
Sean Mathews,50.0,IT,95400.0,13.0,Yes
Jason Rodriguez,40.0,Sales,75200.0,14.0,Yes
Laura Jackson,39.0,Finance,77100.0,14.0,Yes
Cathy Farmer,32.0,IT,68500.0,4.0,Yes
Danielle Mcconnell,25.0,Marketing,49400.0,1.0,No
Dr. Andrea Marshall,47.0,Engineering,94700.0,12.0,Yes
Sandra Smith,30.0,Operations,56400.0,4.0,Yes
Christopher Ibarra,37.0,Marketing,59800.0,8.0,Yes
Christopher Salinas,38.0,Finance,59600.0,5.0,No
Gregory Hill,21.0,IT,60900.0,0.0,No
Jeffrey Drake MD,22.0,Engineering,,0.0,No
Veronica Osborne,30.0,Customer Support,47300.0,7.0,No
Charles Gonzales,27.0,Engineering,77700.0,3.0,No
Brent Rodriguez,37.0,Marketing,71000.0,9.0,Yes
Sean Hernandez,42.0,Sales,69000.0,11.0,Yes
Brian Miller,31.0,Customer Support,59000.0,5.0,No
Keith Lloyd,35.0,Marketing,65500.0,9.0,Yes
John Gomez,56.0,Sales,70900.0,15.0,Yes
John Valenzuela,30.0,Operations,58500.0,6.0,No
Alex Johnson,38.0,Finance,86100.0,11.0,Yes
Christopher Rivera,40.0,Engineering,,7.0,Yes
Suzanne Wood,41.0,Sales,81400.0,16.0,Yes
Joanna Adkins,30.0,IT,74800.0,,No
Anna Higgins,26.0,Engineering,77900.0,,Yes
Melanie Davidson,36.0,Marketing,74600.0,10.0,Yes
Alison Williams,43.0,Sales,66000.0,12.0,Yes
Jeffrey Watts,44.0,,70600.0,17.0,Yes
Julie Daniels,31.0,Sales,58400.0,7.0,Yes
Rebecca Brooks,27.0,Operations,51300.0,4.0,No
Penny Bowman,36.0,Sales,60100.0,9.0,Yes
Allen Rosales,38.0,Engineering,92600.0,14.0,Yes
Jonathan Tanner,51.0,Finance,86400.0,17.0,Yes
Rebecca Houston,21.0,Sales,49500.0,0.0,No
Troy Jefferson,45.0,Marketing,69400.0,11.0,Yes
Randy Wright,46.0,Engineering,100100.0,15.0,Yes
Tonya Parker,43.0,IT,78400.0,8.0,No
Taylor Mack,33.0,Sales,77200.0,9.0,Yes
Daniel Anderson,27.0,IT,72100.0,3.0,Yes
Tammy Estrada,36.0,Marketing,75000.0,11.0,Yes
Richard Burke,36.0,Finance,70700.0,6.0,No
Toni Galloway,25.0,Engineering,70800.0,2.0,
Jason Bell,44.0,HR,66800.0,14.0,Yes
Jennifer James,26.0,Finance,65700.0,2.0,No
Alejandro Campbell,48.0,Sales,,14.0,Yes
John Golden DDS,47.0,Engineering,93300.0,10.0,Yes
Susan Baldwin,32.0,Engineering,83700.0,8.0,Yes
Robert Hicks,30.0,Customer Support,39300.0,5.0,Yes
Barbara Walker,23.0,Sales,52500.0,1.0,No
Bryan Miranda,40.0,IT,83500.0,11.0,Yes
Heidi Gonzalez,53.0,Sales,89500.0,25.0,Yes
Lonnie Martinez,37.0,Operations,69200.0,13.0,Yes
Erika Thompson,43.0,Marketing,72300.0,7.0,Yes
Emily Pearson,27.0,Engineering,83100.0,4.0,Yes
Melissa Stout,47.0,Marketing,74700.0,12.0,Yes
Holly Wood,26.0,IT,70400.0,3.0,Yes
Cassandra Wood,28.0,Sales,54400.0,,No
Jessica Long,35.0,HR,49000.0,5.0,No
Troy Lee,44.0,Engineering,103600.0,17.0,Yes
Toni Whitaker,26.0,Operations,65000.0,,No
Elizabeth Cooper,38.0,Operations,62500.0,11.0,Yes
Christina Mccarthy,30.0,IT,76100.0,4.0,No
Tracy Burnett,,Engineering,70200.0,1.0,No
Shannon Green,21.0,Sales,50100.0,0.0,No
Catherine Smith,34.0,Marketing,,9.0,Yes
Kimberly Sullivan,41.0,IT,84200.0,14.0,Yes
Christine Meza,39.0,Engineering,94000.0,11.0,Yes
Brent Rojas,37.0,Finance,72700.0,6.0,Yes
Debra Morton,31.0,Operations,58800.0,7.0,Yes
John Garrison,24.0,Operations,40600.0,2.0,No
Lisa Prince,32.0,Marketing,54300.0,7.0,No
Jasmine Beltran,28.0,Customer Support,52800.0,6.0,Yes
Paula Blackburn,38.0,IT,81500.0,8.0,
John Cooper,42.0,IT,78700.0,10.0,Yes
Debra Wolfe,51.0,Engineering,120700.0,23.0,Yes
Andrew Rodriguez,34.0,Engineering,80000.0,6.0,Yes
Megan Alvarado,33.0,HR,49200.0,7.0,Yes
Brianna Mccormick,32.0,Finance,59500.0,5.0,No
Christopher Roy,24.0,IT,78700.0,2.0,Yes
Kristy Hart,34.0,Sales,62100.0,8.0,Yes
Jeffery Taylor,38.0,Sales,61700.0,8.0,Yes
David Mora,35.0,Operations,67100.0,9.0,No
Jenna Garcia,29.0,Sales,66100.0,4.0,Yes
Richard Rodriguez,21.0,Operations,33400.0,0.0,No
Adam Woods,52.0,Sales,80700.0,15.0,Yes
Gregory King,29.0,IT,71400.0,7.0,Yes
Robert Parker,32.0,HR,52700.0,7.0,Yes
Tracy Lopez,30.0,Sales,61600.0,6.0,Yes
Shannon Jones,34.0,Engineering,93800.0,9.0,Yes
Brenda Gallegos,47.0,Sales,74800.0,13.0,Yes
Christopher Parker,35.0,Sales,65000.0,9.0,Yes
Theresa Torres,37.0,Customer Support,55800.0,8.0,Yes
David Alvarez,42.0,Finance,74100.0,7.0,Yes
Patricia Schwartz,34.0,IT,89200.0,10.0,Yes
Charles Robinson,35.0,Marketing,75400.0,11.0,Yes
William David DDS,30.0,Finance,62400.0,5.0,Yes
Paul Gordon,49.0,Engineering,92800.0,13.0,Yes
Erin Watkins,21.0,Operations,51300.0,0.0,No
Nicholas Eaton,34.0,Engineering,70200.0,5.0,Yes
Christopher Horn,31.0,Sales,,7.0,Yes
Lisa James,44.0,Operations,67100.0,12.0,Yes
Brent Holloway,30.0,Marketing,67900.0,4.0,No
Kevin Fischer,42.0,Sales,75500.0,12.0,Yes
Jeffrey Gibbs,39.0,Engineering,84400.0,8.0,Yes
Samantha Foster,21.0,HR,35000.0,0.0,No
Hannah Martin,43.0,Customer Support,71000.0,16.0,
Marissa Davis,33.0,Engineering,99900.0,10.0,Yes
Larry Higgins,24.0,Operations,46500.0,1.0,No
Christian Shelton,30.0,Finance,76000.0,7.0,No
Jennifer Smith,36.0,Sales,60300.0,8.0,Yes
Katherine Lopez,44.0,Operations,60800.0,11.0,Yes
Cassandra Gaines,21.0,Sales,60100.0,0.0,No
William Mason,35.0,IT,88000.0,9.0,Yes
Lisa Hensley,37.0,Finance,72800.0,9.0,No
Samantha Soto,32.0,Finance,63800.0,3.0,No
Donald Roberts,40.0,,66800.0,13.0,Yes
David Reynolds,49.0,Engineering,100000.0,13.0,Yes
Susan Davis,26.0,Sales,55000.0,2.0,No
Linda Holt,36.0,IT,72400.0,7.0,Yes
Lisa Smith,29.0,Engineering,69100.0,2.0,No
Chelsea Green,42.0,Customer Support,64400.0,17.0,Yes
Robert Benson,25.0,Customer Support,35700.0,2.0,No
Jordan Potter,37.0,Sales,59000.0,,Yes
Olivia Ayers,30.0,Finance,76200.0,5.0,Yes
Danielle Watson,49.0,Customer Support,69700.0,18.0,Yes
Stephanie Garcia,43.0,IT,94400.0,16.0,Yes
Jennifer Phillips,42.0,Engineering,,6.0,No
Lisa Booker,30.0,Engineering,86200.0,7.0,Yes
Lauren Nguyen,45.0,Engineering,98500.0,12.0,Yes
Dwayne Joseph,38.0,Customer Support,60000.0,9.0,Yes
John Kemp,27.0,Sales,48900.0,3.0,No
Kimberly Dalton,48.0,IT,106400.0,22.0,Yes
Megan Stokes,42.0,Sales,69600.0,12.0,Yes
Jeremy Fernandez,46.0,Operations,81600.0,20.0,Yes
Jacob David,50.0,Finance,83500.0,14.0,Yes
Lauren Cunningham,41.0,Engineering,86400.0,,Yes
Matthew Moore,29.0,IT,63700.0,5.0,Yes
Cynthia Smith,38.0,Sales,72400.0,7.0,Yes
Richard Henson,34.0,IT,77600.0,6.0,Yes
Haley May,33.0,Operations,51100.0,4.0,No
Scott Mcmahon,33.0,Marketing,57200.0,7.0,Yes
Rebekah Gregory,33.0,IT,80500.0,6.0,No
Bernard Smith,28.0,Sales,,4.0,No
Cheryl Beck,36.0,Operations,72500.0,10.0,Yes
Laura Harrison,21.0,,65500.0,0.0,No
William Day,40.0,Sales,78800.0,14.0,Yes
Vanessa Flores,32.0,Engineering,79100.0,7.0,Yes
Vickie Anderson,30.0,,55400.0,3.0,No
Stephen Roth,24.0,Engineering,78900.0,1.0,No
Timothy Ho,35.0,Operations,51600.0,6.0,Yes
Stephanie Santiago,25.0,Operations,58500.0,2.0,No
Jeremy Lawson,32.0,HR,55100.0,6.0,Yes
Ashley Schultz,32.0,Customer Support,60200.0,9.0,Yes
Joshua Smith,36.0,Sales,74900.0,10.0,No
Mark Montoya,21.0,Finance,59200.0,0.0,No
Gloria Odom,45.0,Engineering,95700.0,12.0,Yes
Kathryn Perry,38.0,Engineering,82500.0,11.0,Yes
Nathan Stanley,33.0,HR,46800.0,5.0,No
Susan Sharp,21.0,IT,57500.0,0.0,No
Zachary Mcgee,36.0,IT,83200.0,10.0,No
Michael Anderson,46.0,Engineering,91600.0,10.0,Yes
Sarah Martin,33.0,Engineering,78000.0,9.0,Yes
Cynthia Freeman,27.0,Marketing,60600.0,5.0,No
Joseph Russell,44.0,IT,94000.0,16.0,Yes
Aaron Leon,40.0,Customer Support,55700.0,10.0,Yes
Richard Garcia,21.0,Finance,61800.0,0.0,No
John Moore,21.0,HR,46400.0,0.0,Yes
Emily Lopez,38.0,Operations,69300.0,13.0,Yes
Jose Crawford,43.0,IT,80200.0,9.0,Yes
Benjamin Miller,37.0,IT,82800.0,13.0,Yes
Jeremy Clayton,29.0,Sales,59100.0,7.0,No
Holly Bell,46.0,HR,71000.0,14.0,Yes
Tyler Avila,46.0,IT,93200.0,18.0,Yes
John Anderson,39.0,Operations,68700.0,12.0,Yes
Virginia Henderson,25.0,Engineering,74000.0,,No
Katie Mitchell,31.0,,51600.0,6.0,No
Kimberly Black,,Sales,53100.0,6.0,Yes
Alex Cameron,23.0,Engineering,80000.0,1.0,No
Dennis Cooper PhD,39.0,,,6.0,No
Kerry Ware,54.0,Finance,89000.0,22.0,Yes
William Giles,39.0,Engineering,98800.0,9.0,Yes
Amanda Morris,37.0,Finance,74700.0,13.0,Yes
Jesse Wright,36.0,HR,71000.0,12.0,Yes
Tiffany Phillips,32.0,Finance,75200.0,4.0,Yes
Jessica Stephens,28.0,Finance,72900.0,5.0,No
Joshua Chapman,43.0,Engineering,109300.0,,Yes
Timothy Reilly,,Marketing,,10.0,Yes
Chelsea Garcia,21.0,HR,40800.0,0.0,No
Aaron Young,26.0,Marketing,56200.0,4.0,No
Heather Ellis,53.0,Sales,95700.0,20.0,Yes
Laura Andrews,34.0,Sales,61700.0,6.0,
Todd Moore,21.0,HR,46000.0,0.0,No
Christian Vaughn,50.0,Finance,104600.0,20.0,Yes
Chad Williams,39.0,Engineering,91000.0,14.0,Yes
Matthew Shea,34.0,Marketing,74100.0,8.0,No
Aaron Jennings,46.0,Sales,83000.0,20.0,Yes
Darryl Hernandez,32.0,Engineering,87200.0,7.0,Yes
Joshua Martin,21.0,Finance,62800.0,0.0,No
Peggy Mendoza,60.0,Finance,103500.0,24.0,Yes
David Nolan,30.0,Engineering,87000.0,3.0,No
John Baker,36.0,Sales,,10.0,Yes
Tracy Wells,29.0,IT,71100.0,,Yes
Deborah Fox,38.0,Customer Support,54500.0,,Yes
Kristy Smith,29.0,Finance,70500.0,5.0,
Kenneth Sharp,52.0,Marketing,83500.0,21.0,Yes
Jennifer Baker,32.0,Sales,63100.0,5.0,Yes
Jason Woodward,27.0,Engineering,87600.0,5.0,Yes
Jennifer Martinez,40.0,Operations,81500.0,11.0,Yes
Michael Richmond,31.0,Customer Support,40100.0,7.0,Yes
Christina Martin,21.0,Engineering,78800.0,0.0,No
Natalie Patrick,32.0,Engineering,79300.0,5.0,Yes
Kim Vincent,25.0,Operations,57300.0,2.0,No
Johnathan Davis,28.0,Customer Support,41700.0,,Yes
Jamie Arnold,31.0,IT,81500.0,8.0,Yes
Derek Zuniga,38.0,IT,74800.0,5.0,No
William Hodge,31.0,Marketing,70200.0,5.0,No
Robert Brown,27.0,Engineering,76600.0,5.0,Yes
Jennifer Ortiz,,IT,81200.0,11.0,Yes
George Rogers DDS,40.0,Finance,,6.0,Yes
James Williams,37.0,Sales,85200.0,,Yes
Brian Hudson,42.0,Sales,80800.0,16.0,Yes
Linda Lee,45.0,Sales,91800.0,20.0,Yes
Sandy Adkins,29.0,Engineering,70300.0,3.0,Yes
Mark Thomas,26.0,Engineering,92800.0,4.0,No
Pamela Morgan,31.0,Engineering,,6.0,Yes
Kelly Liu,38.0,Marketing,69800.0,14.0,Yes
Katie Walters,38.0,Sales,,13.0,Yes
David Grant,45.0,IT,96500.0,19.0,Yes
Carla Gray,22.0,Engineering,77700.0,1.0,No
Riley Davenport,36.0,IT,85900.0,,Yes
Justin Frederick,37.0,Engineering,94800.0,9.0,Yes
Juan Nichols,40.0,Sales,,12.0,Yes
Melanie Drake,30.0,IT,,4.0,Yes
Dr. Rhonda Martinez,29.0,Sales,60600.0,4.0,Yes
Amy Adams,37.0,Engineering,74100.0,6.0,Yes
Jesse Clark,41.0,HR,77900.0,11.0,Yes
Juan Potts,49.0,Engineering,100800.0,20.0,Yes
Audrey Jackson,27.0,Engineering,70600.0,3.0,No
Timothy Johnson,33.0,Finance,,6.0,Yes
William Paul,26.0,Finance,60300.0,2.0,No
Corey King,33.0,Sales,69700.0,8.0,Yes
Christopher Garcia,36.0,Engineering,78000.0,5.0,No
Meghan Cisneros,49.0,Finance,,13.0,Yes
Amy Mcdaniel,38.0,IT,88500.0,13.0,Yes
Toni Gill,37.0,Customer Support,57400.0,8.0,Yes
Robert Banks,40.0,Sales,70300.0,6.0,No
Michael Cooper,42.0,IT,96500.0,15.0,Yes
Alexander Greene,28.0,HR,54300.0,5.0,No
Kimberly Cantrell,35.0,Sales,61000.0,6.0,No
Joseph Ward,29.0,Engineering,76900.0,4.0,Yes
Jessica Flowers,44.0,Engineering,112000.0,19.0,Yes
Kiara Santana,44.0,HR,72000.0,17.0,Yes
Thomas Johnson,31.0,Finance,69000.0,4.0,No
Tyler Watson,30.0,,84500.0,7.0,Yes
Michael Travis,,Engineering,102700.0,20.0,Yes
Johnathan Palmer,21.0,Finance,61700.0,0.0,No
Larry Crawford,31.0,Sales,51700.0,5.0,No
Anna Thompson,46.0,,67800.0,10.0,Yes
Heather Thompson,36.0,IT,88600.0,13.0,Yes
Julia Cole,30.0,Sales,58000.0,5.0,No
Shirley Suarez,43.0,Operations,73700.0,15.0,Yes
James Washington,51.0,Finance,95800.0,22.0,Yes
Sandy Evans,32.0,Engineering,87000.0,8.0,Yes
Sharon Young,27.0,Engineering,80400.0,4.0,Yes
Jeremy Nicholson,28.0,Marketing,56600.0,5.0,No
Paul Fisher,41.0,Customer Support,,11.0,
Brandon Brown,41.0,Finance,85400.0,16.0,Yes
Mark Townsend,41.0,Engineering,100400.0,14.0,Yes
Courtney Young,36.0,Finance,74900.0,7.0,No
Dawn Mullins,34.0,Finance,84400.0,8.0,Yes
Cristian Lambert,34.0,Engineering,78400.0,10.0,Yes
Sherry Horton,40.0,IT,91600.0,15.0,Yes
Larry Reynolds,31.0,Operations,65200.0,6.0,Yes
Elizabeth Matthews,26.0,Sales,70400.0,4.0,No
Jessica Mckee,36.0,Engineering,85100.0,6.0,Yes
Brittany Riley,36.0,Engineering,86000.0,6.0,Yes
Darrell Ibarra,28.0,Customer Support,53600.0,3.0,No
Charles Roberts,22.0,Sales,42400.0,0.0,No
Cassandra Harrell,33.0,Operations,74000.0,10.0,No
Joshua York,28.0,Operations,50800.0,3.0,No
Douglas Blanchard,46.0,Engineering,94800.0,12.0,Yes
Gilbert Reed,24.0,IT,63700.0,1.0,No
Sydney Elliott,21.0,Sales,54900.0,0.0,No
John Robles,43.0,Engineering,98100.0,14.0,Yes
Christopher Waters,46.0,,77400.0,21.0,Yes
Susan Garcia,37.0,HR,57200.0,6.0,No
Donna Freeman,48.0,Engineering,110000.0,22.0,Yes
Belinda Evans,48.0,Operations,65400.0,,Yes
Jacqueline Monroe,44.0,Operations,80200.0,15.0,Yes
Todd Thomas,51.0,IT,100300.0,13.0,Yes
Daniel Wagner,49.0,Sales,75500.0,13.0,Yes
Melissa Greene,27.0,Operations,62100.0,4.0,Yes
Jacob Erickson,21.0,Finance,64100.0,0.0,No
Kimberly Nelson,40.0,Engineering,88700.0,9.0,Yes
Melissa Sanchez,35.0,Finance,80700.0,11.0,Yes
Samantha Reynolds,31.0,Operations,57200.0,7.0,Yes
Nicole Moore,31.0,Operations,60800.0,8.0,No
Mary Miller,41.0,HR,60200.0,7.0,No
David Robertson,30.0,Customer Support,48600.0,4.0,Yes
Kevin Cole,30.0,Marketing,55900.0,7.0,Yes
Travis Conner,48.0,IT,85400.0,12.0,Yes
Maria Sims,41.0,Marketing,74400.0,11.0,Yes
Brian Gonzalez,39.0,Engineering,88700.0,10.0,Yes
Christine Green,32.0,IT,86600.0,9.0,No
Krystal Hamilton,47.0,Sales,81000.0,18.0,Yes
Marie Davidson,41.0,Customer Support,55000.0,9.0,Yes
Daryl Lowe,31.0,Marketing,69800.0,7.0,Yes
Martha Martinez,49.0,Engineering,91000.0,13.0,Yes
Elizabeth Jackson,42.0,Finance,81600.0,14.0,Yes
Maria Fisher,23.0,Engineering,80600.0,1.0,No
Shawn Hooper,46.0,Sales,85700.0,19.0,Yes
David Kelly,26.0,IT,69700.0,4.0,Yes
Alicia Dillon,27.0,Engineering,72900.0,2.0,Yes
Valerie Sharp,31.0,Sales,68700.0,3.0,Yes
Justin Baker,25.0,Sales,43700.0,3.0,Yes
Francisco Johns,34.0,Finance,94500.0,10.0,Yes
Alexander Munoz,39.0,Engineering,90600.0,9.0,Yes
Brandon Bennett,34.0,Operations,55000.0,4.0,Yes
Taylor Tran,55.0,Sales,96900.0,19.0,Yes
Brittany Allen,38.0,Engineering,100900.0,13.0,Yes
Christina Powell,,Finance,58200.0,4.0,No
Jason Williams,45.0,Marketing,74900.0,13.0,Yes
Rose Jackson,46.0,Engineering,101000.0,18.0,Yes
Robert Hogan,28.0,Marketing,67300.0,3.0,No
Robert Roberts,33.0,IT,71900.0,6.0,No
Joshua Miller,21.0,Sales,46900.0,0.0,No
Allison Fisher,54.0,IT,82300.0,11.0,Yes
Eric Silva,45.0,IT,80200.0,9.0,No
Robert Montgomery,51.0,,74300.0,14.0,Yes
Kelly Dominguez,32.0,Customer Support,54500.0,8.0,Yes
Jasmin Alvarado,48.0,,94100.0,15.0,Yes
John Stewart,37.0,Finance,77300.0,9.0,Yes
Angel Gordon,34.0,HR,69200.0,9.0,No
Denise Combs,38.0,Marketing,72600.0,10.0,Yes
Sara Evans,45.0,Operations,71100.0,12.0,Yes
David Walker,37.0,Marketing,71300.0,9.0,Yes
Scott Roy,43.0,Sales,76500.0,16.0,Yes
Joshua Ho,21.0,Operations,43300.0,0.0,No
Hailey Lewis,21.0,Operations,47900.0,0.0,No
Michael Mitchell,33.0,IT,74000.0,4.0,Yes
Ashley Bell,35.0,Operations,62500.0,10.0,Yes
Kristina Webb,25.0,IT,63700.0,3.0,No
Audrey Taylor,27.0,IT,70600.0,2.0,No
Jacqueline Roberts,21.0,Engineering,62300.0,0.0,No
Crystal Mullen,43.0,Finance,78200.0,12.0,Yes
Kelly Preston,35.0,Marketing,55100.0,7.0,Yes
Andrea Brown,33.0,Finance,74100.0,,Yes
Michael Abbott,22.0,Finance,58500.0,1.0,No
Jeffrey Evans,37.0,Finance,80200.0,12.0,Yes
Evelyn Bryant,38.0,HR,66000.0,9.0,Yes
Donald Freeman,35.0,Sales,63200.0,7.0,Yes
Ryan Guerrero,39.0,Marketing,68400.0,7.0,Yes
Chad Poole,33.0,Customer Support,45200.0,4.0,No
Ashley Olson,42.0,Sales,65400.0,15.0,Yes
Jodi Jimenez,43.0,IT,99700.0,18.0,Yes
Thomas Carr,22.0,Finance,54000.0,0.0,No
Michele Davis,21.0,Sales,53100.0,0.0,No
Paula Gentry,26.0,Operations,49200.0,3.0,No
Wendy Martin,33.0,Engineering,80300.0,5.0,No
Vincent Smith,32.0,IT,78100.0,4.0,
Samantha Jacobs,49.0,Marketing,87000.0,23.0,Yes
John Bishop,37.0,IT,83600.0,8.0,Yes
Jeffrey Brown,37.0,Marketing,68100.0,12.0,Yes
Mark Wilson,32.0,Sales,67300.0,9.0,Yes
Aaron Barnett,21.0,Operations,39000.0,0.0,No
Lori Simmons,34.0,IT,78700.0,11.0,Yes
Crystal Morales,34.0,,92800.0,10.0,Yes
James Griffith,30.0,Engineering,74500.0,5.0,Yes
Brett Owen,30.0,IT,72200.0,3.0,No
Laurie Hoffman,49.0,HR,68500.0,14.0,
Joshua Fowler,30.0,HR,49300.0,7.0,Yes
Terry Glover,34.0,HR,58300.0,6.0,Yes
Brian Daniel,38.0,IT,93400.0,11.0,Yes
Tonya Harding,21.0,,42800.0,0.0,No
Loretta Williams,32.0,Engineering,68600.0,4.0,No
Mary Jackson,,Operations,60400.0,5.0,No
Michael Spencer,25.0,IT,76600.0,3.0,No
Jason Hernandez,40.0,IT,108300.0,12.0,Yes
Jimmy Phelps,21.0,HR,49900.0,0.0,No
Kelly Kent,33.0,Sales,55300.0,,No
Shelia Cruz,31.0,Customer Support,46700.0,6.0,Yes
Mr. Jeffrey Horton,30.0,Operations,57600.0,5.0,Yes
Michele Williams,21.0,HR,42100.0,0.0,No
Brandi Ibarra,,Sales,64600.0,9.0,No
Sheena Hayes,48.0,IT,87100.0,16.0,Yes
Mark Keller,35.0,Marketing,60100.0,5.0,Yes
Joy Reid,43.0,IT,77400.0,7.0,Yes
Kenneth Johnson,29.0,Engineering,76900.0,6.0,Yes
David Washington III,36.0,Engineering,80700.0,5.0,No
Francisco Woodward,44.0,Sales,73600.0,,Yes
Daniel Kennedy,39.0,IT,100600.0,13.0,
Justin Hammond,33.0,IT,70500.0,5.0,No
Mr. Scott Miller,30.0,Engineering,79400.0,6.0,Yes
Claudia Jordan,30.0,Marketing,54500.0,4.0,No
Monica Smith,34.0,Customer Support,51800.0,11.0,Yes
John Clark,37.0,IT,79000.0,,Yes
Gina Rose,34.0,Sales,61000.0,9.0,Yes
Joseph Norris,48.0,Marketing,75800.0,10.0,Yes
Cody Davidson,33.0,Sales,64300.0,9.0,Yes
Emma Butler,30.0,Engineering,80700.0,7.0,Yes
William Lozano,32.0,Sales,60500.0,5.0,No
Virginia Mendez,35.0,HR,53000.0,6.0,Yes
Robin Ortiz,46.0,Operations,85000.0,18.0,Yes
Christopher Butler,,IT,71800.0,4.0,
Christopher Jones,41.0,Engineering,99200.0,13.0,Yes
Mrs. Heather Christensen,21.0,HR,44000.0,0.0,No
Kirk Moreno,34.0,Marketing,64200.0,8.0,Yes
Karen Mooney,38.0,Sales,65200.0,9.0,Yes
Heather Russell,27.0,Finance,62900.0,2.0,No
Kaitlin Medina,52.0,Operations,75800.0,17.0,
Aaron Morgan,36.0,HR,65400.0,11.0,Yes
Adrian Dean,39.0,Engineering,95000.0,10.0,Yes
Carol Griffin,29.0,Sales,63800.0,6.0,Yes
Michael Warner,25.0,Finance,61600.0,2.0,No
Richard Day,25.0,HR,49700.0,3.0,No
Douglas Vasquez,33.0,Engineering,88300.0,8.0,Yes
Jacob Wu,45.0,,76800.0,20.0,Yes
Cheryl Blevins,23.0,IT,70200.0,2.0,No
Rebecca Lowery,35.0,IT,78400.0,4.0,Yes
Earl Hall,30.0,Engineering,76700.0,6.0,Yes
Joseph Young,46.0,Engineering,101900.0,16.0,Yes
Stacie Sanford,45.0,IT,79600.0,13.0,Yes
Randy Smith,38.0,Marketing,84200.0,14.0,Yes
Michael Davis,39.0,Operations,66200.0,11.0,Yes
Raymond Finley,22.0,Engineering,77500.0,1.0,No
Alexander Diaz,34.0,IT,80200.0,9.0,Yes
Adrian Levine,39.0,Sales,83700.0,15.0,Yes
Samuel Warren,37.0,Sales,69000.0,9.0,Yes
Lori Madden,25.0,Engineering,78000.0,2.0,No
William Mclaughlin,34.0,IT,75300.0,9.0,Yes
Brittany Young,25.0,Marketing,66100.0,3.0,No
Dylan Tucker,21.0,Finance,54600.0,0.0,Yes
Lindsey Mendoza,21.0,Finance,,0.0,No
Elizabeth Daniels,29.0,Operations,66300.0,5.0,No
Holly Valentine,34.0,Marketing,67800.0,10.0,Yes
Sue Warner,21.0,Engineering,66100.0,0.0,No
Christian Leblanc,38.0,Finance,66600.0,6.0,Yes
Jacob Mcdonald,42.0,Marketing,82400.0,12.0,Yes
Mitchell Wilson,,Sales,67600.0,12.0,Yes
Edgar Miller,30.0,Operations,66500.0,7.0,Yes
Melanie Saunders,26.0,IT,73200.0,,No
Jennifer Williams,21.0,Finance,65900.0,0.0,Yes
Jenny Cox,42.0,Engineering,82500.0,8.0,Yes
Daniel Wood,50.0,Finance,96700.0,18.0,Yes
Edgar Stewart,43.0,HR,59200.0,9.0,Yes
Taylor Smith,26.0,Engineering,82300.0,2.0,No
Maxwell Whitaker,44.0,IT,89400.0,11.0,Yes
Darren Rodriguez,35.0,HR,66900.0,11.0,Yes
Jessica Little,26.0,Engineering,66000.0,2.0,No
Karen Graham,43.0,Marketing,67800.0,,Yes
Cassie Brock,46.0,Operations,77800.0,12.0,Yes
Joseph Payne,30.0,Sales,70900.0,6.0,Yes
Tracy Woodward,26.0,Operations,39400.0,2.0,No
Dana Williams,28.0,Operations,50300.0,5.0,No
James Morgan,43.0,Sales,61300.0,9.0,No
Christopher Ward,33.0,Sales,60200.0,8.0,No
Janice Williams,21.0,Customer Support,38900.0,0.0,No
Ronald Kline,36.0,IT,74400.0,6.0,Yes
Matthew Garza,35.0,Engineering,97000.0,9.0,Yes
Christina Weber,44.0,IT,98400.0,15.0,Yes
Derek Mcintosh,26.0,Operations,51200.0,3.0,
Cody Thompson,34.0,Operations,58700.0,5.0,Yes
Susan Murray MD,46.0,Sales,75300.0,13.0,Yes
Selena Hopkins,31.0,Sales,57300.0,,Yes
Jeffrey Smith,35.0,Sales,62200.0,6.0,No
Lisa Salazar MD,32.0,Sales,66700.0,9.0,Yes
Donna Obrien,36.0,Operations,84300.0,12.0,Yes
Rhonda Williams,34.0,Marketing,69800.0,7.0,Yes
Christina Miles,,IT,77600.0,6.0,No
Timothy Hernandez,39.0,Engineering,89100.0,6.0,Yes
Michelle Chambers,28.0,IT,67600.0,4.0,No
Pamela Watkins,44.0,Sales,64500.0,14.0,Yes
Sandra Smith,39.0,Engineering,95400.0,14.0,Yes
Philip Hodges,57.0,IT,121000.0,26.0,Yes
Eric Hunter,22.0,Customer Support,37800.0,0.0,No
Richard Cooper,21.0,Engineering,86500.0,0.0,No
Phillip Padilla PhD,28.0,HR,51500.0,4.0,No
William Wood,32.0,IT,,4.0,No
Margaret Miller,41.0,Finance,73500.0,11.0,Yes
Richard Riley,24.0,Sales,60800.0,1.0,No
Lance Rose,21.0,HR,38200.0,0.0,No
Darin Baker,26.0,IT,76200.0,3.0,No
Paul Lawrence,30.0,Marketing,64600.0,3.0,No
Rachel Chan,21.0,Sales,38200.0,0.0,No
Samantha Harris,36.0,IT,90100.0,8.0,Yes
Karen Gomez,46.0,Marketing,79600.0,12.0,Yes
Philip Cummings,39.0,Finance,79800.0,12.0,
Colleen Rivera,,Operations,48200.0,0.0,No
Nathan Nelson,40.0,HR,72900.0,11.0,Yes
Austin Perez,39.0,HR,54700.0,11.0,Yes
John Mendoza,30.0,Finance,66600.0,7.0,Yes
Charles Hernandez,34.0,IT,82600.0,10.0,Yes
Tracey Reynolds,26.0,IT,67600.0,2.0,No
Matthew Harris,,Marketing,53400.0,6.0,No
Cynthia Larson,56.0,Sales,91300.0,21.0,Yes
Carl Harris,53.0,Finance,93000.0,14.0,Yes
Tracy George,28.0,Finance,57200.0,3.0,Yes
Benjamin Hines,25.0,IT,62200.0,2.0,No
Melissa Newton,31.0,IT,,7.0,Yes
Shannon Rodriguez,21.0,Operations,61800.0,0.0,No
Andrea Hubbard,34.0,Sales,65300.0,8.0,Yes
David Hunt,28.0,Marketing,57700.0,5.0,Yes
David Hinton,46.0,Finance,98000.0,21.0,Yes
Adrienne Noble,36.0,IT,81600.0,10.0,Yes
Brian Navarro,,Marketing,54800.0,6.0,Yes
Donna Carter,40.0,Sales,72400.0,9.0,Yes
Robert Burns,39.0,Engineering,79000.0,,Yes
Mark Hughes,44.0,IT,72500.0,9.0,Yes
Steven Carrillo,47.0,IT,99300.0,21.0,Yes
Victoria Larson,24.0,Sales,44800.0,1.0,Yes
Kenneth Washington,34.0,Engineering,79600.0,7.0,Yes
Luis Murphy,31.0,Sales,,8.0,Yes
Samantha Terry,37.0,Operations,66800.0,13.0,Yes
Evelyn Townsend,35.0,Operations,56700.0,6.0,Yes
Andrea Lee,51.0,HR,78400.0,17.0,Yes
Mason Price,45.0,HR,72200.0,19.0,Yes
Richard Rios,44.0,Sales,71500.0,8.0,Yes
Justin Murphy,24.0,IT,54400.0,2.0,No
Judy Jones,25.0,IT,,2.0,No
Edward Burgess,46.0,Sales,72900.0,12.0,Yes
Stephanie Cooper,21.0,Sales,48500.0,0.0,No
David Williams,30.0,Engineering,85500.0,6.0,No
Jessica Warren,26.0,IT,67700.0,3.0,No
Ashley Thomas,37.0,Sales,75200.0,13.0,Yes
Paula Lee,36.0,Marketing,58000.0,5.0,Yes
Jacqueline Winters,44.0,Finance,80900.0,14.0,Yes
Mr. John Woodard MD,38.0,Customer Support,52800.0,9.0,Yes
Jennifer Roman,42.0,Finance,79300.0,11.0,Yes
Michael Oliver,35.0,Operations,57100.0,6.0,No
Ashley Banks,31.0,Marketing,54700.0,7.0,Yes
Steven Miller,31.0,IT,75800.0,6.0,Yes
Gregory Rios,27.0,Operations,55900.0,2.0,No
Erica Walter,,Engineering,83900.0,6.0,No
John Payne,36.0,Engineering,101500.0,10.0,Yes
Bonnie Carter,35.0,HR,65300.0,9.0,Yes
Anthony Jones,37.0,Sales,64700.0,13.0,Yes
Perry Washington,31.0,IT,87500.0,8.0,Yes
Patricia Wilson,37.0,Engineering,98400.0,13.0,Yes
Tara Jones,41.0,Sales,58400.0,7.0,No
Matthew Hamilton,33.0,Sales,70600.0,8.0,No
David James,27.0,HR,55400.0,4.0,No
Michael Rodriguez,31.0,Engineering,84100.0,6.0,No
Christopher Jensen,34.0,Engineering,105300.0,10.0,Yes
Clayton Steele,21.0,Engineering,76400.0,0.0,No
Autumn Hill,44.0,Engineering,93000.0,16.0,Yes
Patrick Garcia,46.0,IT,92800.0,17.0,Yes
Peter Thompson,54.0,Finance,79900.0,12.0,Yes
Joshua Henderson,28.0,Engineering,76100.0,2.0,No
Mr. Eric Hall,52.0,IT,101100.0,24.0,Yes
Timothy Perez,34.0,Marketing,66800.0,11.0,Yes
Kaitlin Gutierrez,35.0,Engineering,96000.0,11.0,Yes
Shannon Miller,38.0,IT,74200.0,8.0,Yes
Albert Nguyen,28.0,HR,,4.0,No
Laura Ramirez,30.0,IT,82900.0,8.0,Yes
Latoya Nelson,31.0,Operations,57200.0,7.0,Yes
Donald Hoffman,35.0,Engineering,80600.0,6.0,Yes
Patrick Mcneil,32.0,Operations,44000.0,4.0,No
Nicholas Fritz,29.0,Engineering,84300.0,6.0,No
Derrick Espinoza,46.0,IT,95100.0,14.0,Yes
Brittany Melton,34.0,IT,71500.0,8.0,Yes
Teresa Horton,28.0,Customer Support,47900.0,4.0,Yes
Mandy Walker,42.0,Engineering,98200.0,11.0,Yes
Robert Carter,39.0,Engineering,98300.0,15.0,Yes
Michelle Larsen,26.0,Engineering,79000.0,2.0,No
Mario Gould,,IT,84500.0,6.0,
Lauren Carson,41.0,IT,77300.0,8.0,Yes
Anthony Hodges,47.0,Engineering,112100.0,16.0,Yes
Jason Alvarez,24.0,HR,47500.0,2.0,No
Annette Fernandez,59.0,Operations,65000.0,13.0,Yes
Betty Johnson,24.0,IT,67200.0,2.0,No
Ashley Wilson,21.0,IT,60900.0,0.0,
Jessica Fields,26.0,Marketing,57300.0,2.0,No
Ryan Caldwell,21.0,Operations,46200.0,0.0,Yes
Bradley Thornton,30.0,Customer Support,45900.0,3.0,No
Shawn Ware,25.0,Marketing,54200.0,3.0,No
Cassandra Martinez,21.0,Sales,52300.0,0.0,No
Vanessa Howard,35.0,Marketing,65200.0,8.0,Yes
Thomas Austin,28.0,HR,49700.0,,Yes
April Randolph,27.0,IT,69200.0,3.0,Yes
Kathleen Levine,33.0,Operations,54000.0,4.0,Yes
Diana Williams,29.0,,67800.0,3.0,Yes
Zachary Ramos,44.0,Sales,323600.0,12.0,Yes
Tricia Valencia,35.0,Sales,55400.0,6.0,No
Kathryn Shields,24.0,IT,62200.0,2.0,No
Carl Larsen,30.0,Operations,51400.0,5.0,Yes
Jason Williams,40.0,Engineering,85900.0,6.0,Yes
Anthony Wells,49.0,Marketing,96500.0,22.0,Yes
Raymond Valenzuela,28.0,Marketing,67800.0,5.0,Yes
Allison Sharp,35.0,Operations,63600.0,10.0,Yes
Joseph Davis,60.0,Sales,87900.0,19.0,Yes
Kelly Harris,40.0,Operations,61800.0,6.0,Yes
Lisa Nelson,39.0,Operations,67600.0,9.0,Yes
Kevin Sandoval,32.0,HR,48400.0,5.0,Yes
Joyce Kelly,35.0,Operations,59200.0,11.0,Yes
Melissa Johnson,21.0,Engineering,74300.0,0.0,No
Mary Ryan,34.0,Finance,72300.0,8.0,Yes
Robert Munoz,30.0,IT,78300.0,7.0,Yes
Samuel Turner,30.0,Customer Support,42200.0,5.0,Yes
Yolanda Anderson,23.0,IT,75600.0,1.0,No
Kathryn Lester,47.0,HR,62900.0,,Yes
James Morgan,48.0,Sales,77600.0,13.0,Yes
Lisa Hendricks,29.0,,55400.0,4.0,No
Lisa Buchanan,47.0,,96700.0,11.0,Yes
Emily Griffith,46.0,Engineering,85000.0,10.0,Yes
Vanessa Santiago,47.0,IT,107600.0,22.0,Yes
Erika Castro,39.0,Marketing,80000.0,13.0,Yes
Lisa Martinez,23.0,IT,58300.0,1.0,No
Brad Lee,37.0,IT,86000.0,11.0,Yes
Ana Torres,36.0,Sales,67300.0,5.0,Yes
Morgan Cunningham,26.0,Customer Support,51000.0,3.0,No
Nathaniel Floyd,40.0,Marketing,81900.0,14.0,Yes
Max Leblanc,34.0,Operations,65000.0,8.0,Yes
Joshua Clayton,32.0,IT,70100.0,6.0,Yes
Elizabeth Jenkins,37.0,Marketing,73600.0,10.0,Yes
Wanda Conley,,Sales,51300.0,5.0,No
Robert Stokes,48.0,HR,79500.0,19.0,Yes
Joel Jackson,22.0,Finance,61400.0,0.0,No
Tammy Rowe,33.0,Sales,59200.0,7.0,Yes
Paige Collins,,Customer Support,61200.0,13.0,
Sandra Moore,41.0,HR,72200.0,16.0,Yes
Becky Wilson,38.0,IT,87400.0,14.0,Yes
Steven Bailey,21.0,IT,65900.0,0.0,No
Tyler Fisher,43.0,Sales,71900.0,11.0,Yes
Larry Benson,39.0,IT,76700.0,10.0,Yes
Paul Ferguson,21.0,IT,54500.0,0.0,No
Christian Valencia,42.0,Customer Support,63400.0,14.0,Yes
Patricia Ray,32.0,IT,80600.0,6.0,Yes
Julie Johnson,29.0,Engineering,81800.0,5.0,No
James Lopez,44.0,IT,82800.0,11.0,Yes
Candice Sanders,34.0,Engineering,97000.0,8.0,Yes
Alexander Martin,30.0,IT,63600.0,3.0,Yes
Mark Stephens,24.0,Finance,66600.0,2.0,No
Tiffany Davis,45.0,Marketing,70700.0,14.0,Yes
Michael Burke,52.0,IT,110100.0,26.0,Yes
Dawn Davis,41.0,IT,85000.0,9.0,Yes
Jason Smith,36.0,Engineering,93600.0,10.0,Yes
Paul Watkins,30.0,Customer Support,37100.0,4.0,No
Eric Patrick,41.0,IT,97600.0,17.0,Yes
Jared Carter,,IT,92800.0,22.0,Yes
Paul Swanson,33.0,Operations,62900.0,,Yes
Erica Glass,34.0,Engineering,78600.0,8.0,No
John Smith,25.0,Sales,66800.0,3.0,Yes
Jennifer Warren,38.0,Sales,71600.0,11.0,Yes
Tina Ramirez,30.0,Customer Support,53600.0,8.0,Yes
Angela Ramirez,26.0,IT,77900.0,3.0,No
Gerald Mason,21.0,Operations,40700.0,0.0,Yes
Terry Rivera,29.0,IT,70800.0,3.0,No
Cindy Martin,45.0,Sales,,8.0,Yes
Mariah Wang,32.0,Customer Support,64900.0,7.0,Yes
Bob Jones,33.0,IT,65700.0,5.0,Yes
Toni Cunningham,39.0,Operations,77100.0,12.0,Yes
Nicole Parker,41.0,Sales,62400.0,9.0,Yes
Deanna Barrera,27.0,Marketing,59300.0,3.0,No
Jennifer Banks,21.0,Sales,44900.0,0.0,No
Leslie Gardner,22.0,HR,37200.0,0.0,No
Annette Green,21.0,Sales,47600.0,0.0,Yes
Clifford Murphy DVM,44.0,,64200.0,14.0,Yes
Paul Jones,30.0,IT,85300.0,7.0,Yes
Janet Smith,31.0,Engineering,92200.0,8.0,Yes
Ruth Harris,29.0,Engineering,82400.0,3.0,Yes
Cameron Fisher,36.0,Finance,81200.0,5.0,No
Melissa Bowen,32.0,Operations,43400.0,5.0,No
Michael Burns,36.0,Sales,66400.0,12.0,Yes
Mercedes Richardson,21.0,Sales,41700.0,0.0,No
Justin Foster,42.0,Sales,92000.0,18.0,Yes
Christopher Hanna,33.0,IT,82600.0,6.0,No
Dominique Hamilton,24.0,Customer Support,41000.0,1.0,No
Scott Wood,25.0,Engineering,,2.0,No
Aaron Munoz,41.0,Finance,85700.0,16.0,Yes
Robert Martin,38.0,Engineering,96200.0,12.0,Yes
Breanna Mccall,40.0,Sales,87700.0,14.0,Yes
Rodney Stewart,35.0,Engineering,81000.0,9.0,Yes
Thomas Lewis,36.0,IT,91300.0,12.0,Yes
Hannah Everett,29.0,Engineering,76300.0,4.0,No
Thomas Bennett,21.0,Engineering,74500.0,0.0,No
Deanna Webb,39.0,Sales,61200.0,10.0,Yes
Brian Thompson,35.0,IT,,6.0,No
Todd Nielsen,27.0,IT,81600.0,3.0,No
Kelly Wright,40.0,Customer Support,68400.0,12.0,
Katherine Mcdonald,33.0,Sales,46700.0,6.0,Yes
Mary Campbell,44.0,Marketing,78800.0,14.0,Yes
Shannon Walker,35.0,IT,70500.0,5.0,Yes
Curtis Williams,60.0,IT,110100.0,20.0,Yes
Amanda Watts,26.0,IT,68600.0,2.0,No
Jennifer Jackson,26.0,Engineering,78200.0,2.0,No
Thomas Romero,48.0,Finance,91300.0,17.0,Yes
Connie Turner,35.0,Finance,82500.0,11.0,Yes
Justin Brown,27.0,Sales,44700.0,3.0,No
Jeffrey Jones,31.0,Engineering,81400.0,4.0,Yes
James Pena,27.0,Engineering,75700.0,3.0,Yes
Joseph Moon,34.0,Engineering,86800.0,5.0,No
Andrew Phelps,34.0,Finance,72200.0,5.0,Yes
Laura Bush,50.0,Engineering,80200.0,10.0,Yes
Evan Smith,54.0,Customer Support,88000.0,27.0,Yes
Elizabeth Holmes,28.0,Engineering,71500.0,3.0,No
Joshua Bailey,27.0,IT,75200.0,4.0,
Steven Davis,35.0,Operations,63600.0,8.0,No
Ann Phelps,47.0,Marketing,73800.0,21.0,Yes
Aaron Reed,39.0,IT,69100.0,9.0,Yes
Lucas Jackson,46.0,IT,90000.0,16.0,Yes
Russell Bird,42.0,Customer Support,44200.0,6.0,No
Erin White,44.0,Engineering,97200.0,11.0,Yes
Paul Chaney,56.0,Engineering,98400.0,14.0,Yes
Heather Matthews,38.0,HR,,5.0,Yes
Jacqueline Gonzalez,35.0,HR,50600.0,8.0,Yes
Jonathan Johnson,47.0,Operations,96100.0,21.0,Yes
Omar Price,43.0,IT,98000.0,17.0,Yes
Jenna Wilson,29.0,Engineering,96800.0,7.0,Yes
Paul Saunders,42.0,Finance,93700.0,18.0,Yes
Lisa Reed,34.0,Sales,75300.0,10.0,Yes
Martin Jones,60.0,HR,69300.0,15.0,Yes
Anna Whitehead,32.0,IT,77400.0,8.0,Yes
Zachary Mckay,29.0,HR,56900.0,5.0,Yes
Aaron Marshall,41.0,Finance,77000.0,7.0,Yes
William Vasquez,44.0,IT,68200.0,9.0,Yes
Bernard Hicks,35.0,Engineering,74500.0,4.0,Yes
Andrea Taylor,43.0,IT,80100.0,11.0,Yes
Charles Cervantes,40.0,Engineering,87500.0,11.0,Yes
Matthew Williams,36.0,Sales,81800.0,13.0,Yes
Rhonda Oconnell,38.0,HR,67800.0,10.0,Yes
Jesus Jackson,31.0,Marketing,71600.0,7.0,Yes
Carlos Morrow,33.0,IT,72900.0,7.0,Yes
James Short,35.0,IT,71500.0,8.0,No
Shelby Wood,39.0,IT,82900.0,7.0,Yes
Michael Farrell,34.0,IT,86100.0,9.0,Yes
Matthew Brown,34.0,Engineering,101200.0,8.0,Yes
Sierra Johnson,37.0,Engineering,87600.0,10.0,Yes
Sarah Stewart,21.0,HR,53300.0,0.0,No
Ryan Roman,47.0,Sales,61400.0,10.0,Yes
Steven Anderson,38.0,Sales,68000.0,11.0,Yes
Larry Dixon,42.0,Operations,72900.0,11.0,Yes
Sharon Fuentes,41.0,HR,65800.0,12.0,Yes
Emily Morris,33.0,Sales,67800.0,6.0,Yes
Christina Smith,31.0,Sales,56400.0,5.0,Yes
Tracy Burke,41.0,Engineering,100900.0,13.0,Yes
Ashley Robertson,33.0,Operations,47400.0,8.0,Yes
Darrell Simmons,34.0,HR,65900.0,8.0,Yes
Justin Bernard,26.0,Marketing,58700.0,2.0,No
Ryan Marsh,25.0,,55000.0,2.0,No
Dillon Nelson,25.0,Marketing,52000.0,2.0,No
Abigail Mills MD,26.0,Operations,60800.0,4.0,No
Kayla Ray,23.0,IT,65100.0,1.0,No
Michael Blair,23.0,Customer Support,41200.0,1.0,No
Kevin Snyder,,Engineering,113800.0,20.0,Yes
Jennifer Lee,50.0,Engineering,115500.0,22.0,Yes
Michael Hogan,30.0,,46400.0,5.0,Yes
Megan Knight,31.0,Finance,73700.0,7.0,Yes
Linda Atkinson,31.0,IT,80000.0,4.0,No
Zachary Ortiz,36.0,Engineering,83700.0,6.0,Yes
Holly Grant,31.0,Marketing,64600.0,7.0,Yes
Mrs. Amy Sharp,25.0,Engineering,78500.0,3.0,No
Christina Aguilar,33.0,Finance,70400.0,6.0,No
Thomas Friedman,45.0,Sales,78000.0,15.0,Yes
Daniel Benjamin,36.0,IT,74100.0,7.0,Yes
William Leblanc,35.0,Marketing,72300.0,7.0,
Paige Case,27.0,Finance,63200.0,2.0,Yes
Nathan Vargas,21.0,Finance,65900.0,0.0,No
Kyle Horton,34.0,Operations,51700.0,6.0,Yes
Ryan Waters,36.0,Sales,70200.0,12.0,Yes
Jessica Hill,26.0,Finance,76300.0,4.0,Yes
Richard Ryan,39.0,Engineering,,7.0,Yes
Joseph Graves PhD,38.0,Customer Support,59700.0,13.0,Yes
Dr. Daniel Sweeney,28.0,Sales,59800.0,4.0,Yes
Alexis Cervantes,23.0,HR,42000.0,1.0,No
Rebecca Dougherty,38.0,Sales,67800.0,8.0,Yes
David Koch,38.0,Sales,71800.0,14.0,Yes
Erin Carter,,Marketing,63600.0,6.0,Yes
Bradley Duncan,41.0,Sales,68900.0,10.0,Yes
Nicholas Long,32.0,Engineering,84600.0,7.0,
Cristina Thompson MD,57.0,Customer Support,98700.0,29.0,Yes
Danielle Bradley,22.0,Customer Support,38000.0,0.0,
Jennifer Vasquez,35.0,Sales,69300.0,,Yes
Barry Gregory,46.0,Engineering,100600.0,19.0,Yes
Raymond Mccall,21.0,IT,66100.0,0.0,No
Kristie Hendrix MD,28.0,Marketing,61600.0,5.0,Yes
Kristen Burns,39.0,Operations,75900.0,13.0,Yes
Virginia Caldwell,21.0,Sales,,,No
Robert Shepherd,32.0,Engineering,80500.0,5.0,Yes
Kimberly Mcintyre,27.0,Marketing,64300.0,5.0,No
Laurie Vargas,44.0,Marketing,84000.0,14.0,Yes
Peter Patel,28.0,HR,50000.0,2.0,No
John Estrada,45.0,Sales,70800.0,14.0,Yes
Megan Miller,22.0,IT,65400.0,1.0,No
Cody Hart,,Engineering,82900.0,10.0,Yes
Michael Lewis,43.0,Engineering,85700.0,13.0,Yes
Chad Williams,42.0,Sales,66100.0,9.0,No
David Walker,36.0,Sales,72400.0,9.0,Yes
Kelly Lopez,32.0,IT,83400.0,9.0,Yes
Allison Smith,28.0,IT,74600.0,,No
Judith Myers,31.0,Operations,58300.0,6.0,No
Jacob Miller,28.0,Engineering,84800.0,4.0,No
Amy Wong,33.0,Operations,66700.0,10.0,Yes
Karen Lopez,42.0,HR,59800.0,13.0,Yes
Justin Cuevas,54.0,Customer Support,77700.0,16.0,Yes
Dawn Wyatt,21.0,HR,39300.0,0.0,No
Brenda Mendoza,21.0,Engineering,69300.0,0.0,No
Dr. Kathryn Adams DDS,29.0,Finance,71800.0,7.0,No
Christina Hess,33.0,Engineering,87500.0,8.0,Yes
Sherri Baker,37.0,Engineering,92200.0,7.0,No
Amy Hester,41.0,Sales,60600.0,9.0,Yes
Evelyn Martinez,21.0,Marketing,61100.0,0.0,No
Mary Delacruz,23.0,Customer Support,35800.0,1.0,No
Linda Gonzalez,44.0,Customer Support,64600.0,8.0,No
Frances Williams,,Sales,88500.0,18.0,Yes
David Maxwell,42.0,HR,62400.0,10.0,Yes
Cassandra Williams,31.0,Customer Support,53700.0,6.0,Yes
Matthew Andrade,39.0,IT,83300.0,12.0,Yes
Loretta Miller,39.0,Engineering,81000.0,6.0,Yes
Adrian Krueger,34.0,Engineering,88500.0,8.0,Yes
Shawn Santos,37.0,IT,92100.0,10.0,Yes
Jonathan Long,23.0,Operations,52300.0,1.0,No
Kristin Mendoza,21.0,Engineering,70000.0,0.0,No
Scott Smith,22.0,IT,69400.0,1.0,No
Tina Walter,,Sales,72800.0,14.0,Yes
Kyle Welch,45.0,IT,87200.0,9.0,Yes
Michael Carter,28.0,IT,,3.0,Yes
Samantha Garcia,34.0,IT,70600.0,5.0,
Austin Taylor,32.0,HR,42600.0,5.0,No
Bradley Phillips,26.0,Operations,53100.0,2.0,No
Maria Wright,48.0,HR,70800.0,18.0,Yes
Joseph Jimenez,39.0,HR,63300.0,8.0,No
Bryan Paul,29.0,Operations,,4.0,No
Beverly Cook,44.0,Engineering,94000.0,15.0,Yes
Joseph Patel,33.0,HR,61300.0,9.0,Yes
Anna Briggs,34.0,Customer Support,62100.0,9.0,Yes
Heather Miller,56.0,HR,81600.0,20.0,
Katherine Graham,29.0,IT,82800.0,7.0,Yes
Kevin Mccoy,,Engineering,89800.0,12.0,Yes
Anthony Jones,43.0,HR,67500.0,13.0,Yes
David Rivers,41.0,Finance,65300.0,,Yes
Anna Ross,29.0,HR,55700.0,5.0,Yes
Jamie Robbins,22.0,Finance,66900.0,1.0,No
Brian Bullock,30.0,Finance,70400.0,6.0,No
Deborah Webb,29.0,HR,61700.0,5.0,No
Jason Jones,21.0,IT,63700.0,0.0,No
Jennifer Townsend,33.0,Engineering,84500.0,8.0,No
Lisa Coleman,37.0,IT,73900.0,9.0,Yes
Jeanette Moore,36.0,Sales,68400.0,7.0,Yes
Damon Schultz,44.0,Customer Support,69600.0,15.0,Yes
Andrew Reynolds,21.0,IT,64800.0,0.0,No
Jessica Garcia,49.0,Marketing,95500.0,18.0,Yes
Brian Taylor,46.0,Marketing,89800.0,15.0,Yes
Sara Obrien,46.0,IT,93800.0,15.0,Yes
Charles Hawkins,39.0,Engineering,74300.0,8.0,Yes
Walter Bailey,42.0,,71700.0,8.0,Yes
Kenneth Smith,24.0,Finance,70300.0,3.0,No
Michael Evans,21.0,Marketing,55400.0,0.0,No
Stephen Kirby,24.0,Marketing,64900.0,2.0,Yes
James Henry,36.0,Sales,61800.0,9.0,Yes
Lisa Riggs,35.0,Engineering,84000.0,10.0,Yes
Catherine Gould,28.0,IT,,6.0,Yes
April Frost,48.0,Operations,68600.0,9.0,Yes
Jennifer Carpenter,45.0,IT,87100.0,20.0,Yes
George Williams,27.0,Engineering,70800.0,3.0,No
Destiny Powers,35.0,Customer Support,47100.0,4.0,Yes
Kimberly Taylor,48.0,Sales,74500.0,10.0,Yes
Mrs. Raven Rivera DVM,39.0,Operations,50400.0,6.0,Yes
Mr. Jimmy Flores Jr.,45.0,Engineering,100200.0,13.0,Yes
Meghan Hernandez,40.0,HR,68100.0,9.0,Yes
Thomas Zhang,41.0,Marketing,84100.0,14.0,Yes
Jessica Cox,29.0,Engineering,77800.0,,No
Danny Lee,22.0,Marketing,49200.0,0.0,No
Katie Mcneil,30.0,Operations,62900.0,7.0,No
Lacey Morrow,44.0,Marketing,92200.0,15.0,Yes
Nathaniel Gilbert,58.0,,86500.0,24.0,Yes
Christopher Hunter MD,35.0,IT,80800.0,5.0,Yes
Timothy Melton,31.0,Operations,52000.0,4.0,No
Jessica Mora,40.0,Operations,,16.0,Yes
Emily Bullock,21.0,Marketing,43100.0,0.0,Yes
Kenneth Clark,48.0,HR,76600.0,18.0,Yes
Seth Barker,34.0,IT,85300.0,7.0,No
Aaron Ayers,35.0,Engineering,85800.0,9.0,Yes
Stephanie Stone,25.0,IT,67400.0,2.0,No
Jeffrey Mills,46.0,Finance,100600.0,17.0,Yes
Christina King,29.0,Sales,61500.0,2.0,No
Rebecca Patel,41.0,Engineering,104500.0,15.0,Yes
Daniel Palmer,36.0,Operations,69100.0,11.0,Yes
Angelica Simpson,49.0,IT,99600.0,22.0,Yes
Aimee Montoya,40.0,IT,84900.0,8.0,Yes
Rebecca Kelly,33.0,Customer Support,45500.0,4.0,Yes
James Rivers,38.0,IT,78100.0,12.0,Yes
Brian Wells,33.0,IT,81000.0,9.0,Yes
Jennifer Anderson,23.0,Marketing,57600.0,1.0,No
Julia Williamson,24.0,HR,48500.0,1.0,No
Christopher Guerra,23.0,Engineering,72900.0,,No
Dawn Meyer,25.0,Finance,64300.0,2.0,No
Robert Gutierrez,46.0,HR,64200.0,13.0,Yes
Ashley Morris,40.0,IT,90300.0,14.0,Yes
Sean Wilson,37.0,IT,79800.0,6.0,Yes
Jon Graham,31.0,Marketing,64100.0,5.0,Yes
Tanner Holmes,36.0,HR,71900.0,11.0,Yes
Daniel Miller,43.0,HR,62300.0,10.0,Yes
Vicki Barrera,49.0,Marketing,84200.0,15.0,Yes
David Wiggins,21.0,Engineering,71900.0,0.0,No
Rhonda Gutierrez,33.0,,61900.0,7.0,Yes
Cassandra Moreno,37.0,IT,74700.0,5.0,No
Mitchell Deleon,37.0,Finance,72700.0,6.0,Yes
Amy Mack,59.0,Finance,111800.0,24.0,Yes
Jessica Castro,33.0,Marketing,59300.0,7.0,No
Heidi Torres,22.0,IT,67600.0,1.0,No
Amy Gray,23.0,Marketing,56800.0,1.0,No
Carlos Walker,59.0,IT,107500.0,25.0,Yes
Gary Jackson,47.0,IT,109800.0,21.0,Yes
Anthony Gonzales,29.0,HR,50400.0,3.0,Yes
Mark Beard,48.0,Sales,48700.0,10.0,Yes
Randy Hopkins,44.0,Engineering,87200.0,10.0,Yes
Brandy Forbes,24.0,IT,59100.0,1.0,No
Luke Johnson,40.0,IT,,8.0,No
Shirley Lucas,33.0,Marketing,74800.0,9.0,Yes
Michael Norton,42.0,Engineering,87000.0,11.0,Yes
Ian Porter,44.0,Sales,87000.0,19.0,Yes
Justin Bennett,24.0,Engineering,74100.0,2.0,Yes
Juan Keller MD,38.0,Operations,53600.0,6.0,Yes
Stacy Adkins,39.0,Marketing,69500.0,8.0,No
Timothy Wallace,45.0,Engineering,107400.0,15.0,Yes
Alyssa Alvarado,37.0,Engineering,68400.0,5.0,No
Diana Hernandez,43.0,Finance,83700.0,14.0,Yes
Kimberly Curtis,22.0,Customer Support,41700.0,1.0,No
Alex Hernandez,42.0,Marketing,73700.0,16.0,Yes
Melanie Griffith,25.0,Engineering,69900.0,3.0,Yes
Cathy Bell,45.0,Finance,,8.0,Yes
Dr. Lori Jackson,21.0,Sales,54000.0,0.0,No
Brian Rodriguez,59.0,Operations,92700.0,27.0,Yes
Shawn Brooks,35.0,HR,71000.0,11.0,Yes
Ryan Barker,40.0,IT,83400.0,6.0,Yes
Lori Brown,38.0,Marketing,60300.0,8.0,Yes
Jeffrey Petersen,21.0,Sales,55500.0,0.0,No
Lori Madden,31.0,Sales,69800.0,6.0,Yes
Eugene Parker,26.0,,56600.0,3.0,Yes
Kenneth Jackson,38.0,Finance,78200.0,13.0,Yes
Kara Rogers,50.0,Sales,100700.0,22.0,Yes
Emily Parker,33.0,Finance,76500.0,9.0,Yes
Alexis Benson,50.0,Sales,,19.0,Yes
Ashley Perez,25.0,IT,,2.0,No
Dennis Henderson,30.0,Finance,69800.0,5.0,Yes
Stacy Orozco,49.0,Sales,104400.0,24.0,Yes
Ronald Kramer,35.0,Finance,64900.0,8.0,Yes
Jennifer Vargas,39.0,IT,80700.0,9.0,
Curtis Campbell,33.0,Engineering,93500.0,6.0,Yes
Earl Romero,49.0,Engineering,101400.0,17.0,Yes
Rhonda Chavez,21.0,Sales,55400.0,0.0,No
Nancy Stewart,52.0,IT,100500.0,19.0,Yes
Jason Chaney,53.0,Sales,86700.0,15.0,Yes
Scott Lara,21.0,HR,44400.0,0.0,No
Teresa Smith,32.0,IT,80500.0,9.0,Yes
Casey Wilkins,54.0,IT,89900.0,16.0,Yes
Brian Mullins,32.0,IT,74900.0,5.0,Yes
Gerald Hunt,26.0,IT,72300.0,2.0,No
Evan Cooper,27.0,Sales,69500.0,3.0,Yes
Debra Chapman,35.0,IT,86200.0,9.0,Yes
Heather Diaz,29.0,Sales,64000.0,7.0,No
Jacob Paul,45.0,Customer Support,71900.0,20.0,Yes
Laura Harris,30.0,Sales,62800.0,5.0,No
Jacqueline Dyer,33.0,Engineering,86600.0,,Yes
Andrea Clarke,40.0,Operations,66100.0,10.0,Yes
Michael Moore,44.0,Engineering,104200.0,19.0,Yes
Patricia Wood,38.0,Sales,56400.0,6.0,Yes
Betty Pollard,21.0,Operations,43400.0,0.0,No
Jessica Callahan,42.0,IT,76000.0,7.0,Yes
Michelle Johnson,36.0,Sales,67000.0,9.0,Yes
Mario Chavez,21.0,Engineering,61200.0,0.0,No
Ashley Hunt,22.0,Operations,44000.0,1.0,No
Elizabeth Mendez,37.0,Operations,68600.0,11.0,Yes
Ronnie Johnson,31.0,Marketing,63000.0,5.0,Yes
John Moss,33.0,IT,74800.0,10.0,Yes
Beth Ford,24.0,Customer Support,42900.0,1.0,No
Kathryn Smith,34.0,Finance,59700.0,10.0,Yes
Rodney Morales,28.0,Engineering,85800.0,3.0,No
Teresa Fuller,37.0,IT,76100.0,5.0,Yes
Pamela Davis,45.0,Operations,73000.0,13.0,Yes
Reginald Cordova,37.0,Sales,75400.0,13.0,Yes
Johnathan Davidson,42.0,Engineering,96300.0,8.0,Yes
David Hunter,40.0,Engineering,84000.0,11.0,Yes
Albert Davis,39.0,HR,80500.0,14.0,Yes
Riley Knight,37.0,Engineering,78300.0,7.0,Yes
Heather Thomas,21.0,Engineering,75600.0,0.0,No
Daniel Ramirez,33.0,,82700.0,6.0,Yes
Anthony Werner,28.0,Finance,,4.0,No
Laura Daniel,49.0,Marketing,77300.0,16.0,Yes
Lori Jordan,32.0,Engineering,89900.0,6.0,No
Travis Wilson,41.0,Customer Support,68000.0,13.0,Yes
Matthew Morris,34.0,Operations,65100.0,7.0,No
Patrick Nelson,37.0,HR,57000.0,5.0,No
Travis Powell,42.0,Sales,72300.0,14.0,Yes
Sarah Bishop,28.0,Marketing,,5.0,Yes
Kelsey Rodriguez,53.0,IT,103000.0,15.0,
Kathy Nguyen,39.0,Marketing,73600.0,13.0,Yes
David Roy,40.0,Sales,76900.0,15.0,Yes
Mrs. Ashley Taylor,28.0,HR,42300.0,3.0,No
Karen Cruz,56.0,Customer Support,82300.0,25.0,Yes
George Vaughan,27.0,Sales,60600.0,4.0,No
Mary Torres,32.0,Sales,,9.0,Yes
Colin Terry,22.0,Marketing,59200.0,1.0,No
Jeremy Chavez,32.0,Engineering,87300.0,7.0,Yes
Michael Snyder,25.0,Operations,51100.0,3.0,No
Joseph Acosta,30.0,IT,68000.0,3.0,No
Scott Morales,34.0,Sales,55000.0,4.0,No
Richard Reyes,40.0,Customer Support,54400.0,6.0,Yes
William Harrison,46.0,Sales,66500.0,9.0,
John Cole,21.0,IT,75000.0,0.0,No
Beth Cline,43.0,Operations,86000.0,16.0,Yes
Jacob Brown,24.0,Marketing,59600.0,2.0,
Elizabeth Serrano,21.0,HR,50000.0,0.0,No
Shelly Rodgers,39.0,Marketing,66700.0,12.0,No
Timothy Lucero,36.0,Sales,79000.0,13.0,Yes
Ryan Wheeler,32.0,Finance,57200.0,6.0,Yes
Jeffrey Chavez,24.0,HR,51100.0,2.0,Yes
Natalie Martinez,46.0,IT,106600.0,16.0,Yes
Marcus Williams,28.0,Engineering,86000.0,4.0,No
Nicole Hardy,37.0,Finance,86300.0,7.0,Yes
Reginald Copeland,47.0,IT,95700.0,15.0,Yes
Christopher Jones,57.0,Marketing,72100.0,12.0,Yes
Amanda Love,49.0,Operations,63500.0,9.0,Yes
Noah Rhodes,34.0,Sales,58300.0,6.0,Yes
John Jackson,37.0,HR,52900.0,11.0,Yes
Robert Watkins,36.0,IT,92200.0,11.0,Yes
Katherine Mccormick,48.0,IT,96800.0,15.0,Yes
Isabella Taylor,34.0,Marketing,72500.0,11.0,
Anthony Mooney,29.0,IT,71300.0,5.0,No
Ana Gibson,36.0,Sales,70500.0,7.0,No
Scott Meza,28.0,,60200.0,3.0,No
Sonya Alvarado,29.0,Finance,63200.0,4.0,Yes
Shane Smith,42.0,IT,87300.0,,Yes
Justin Mcbride,36.0,IT,74700.0,10.0,Yes
Gina Cunningham,31.0,Sales,45400.0,5.0,Yes
James Johnson,27.0,IT,79500.0,4.0,No
Amanda Hodge,30.0,Operations,62000.0,5.0,Yes
Kellie Mitchell,30.0,HR,64500.0,7.0,Yes
Catherine Hawkins,30.0,Sales,62200.0,5.0,No
Jorge Gonzales,50.0,Operations,84700.0,21.0,Yes
Jacob Santos,34.0,Sales,74900.0,8.0,Yes
Kim Erickson,54.0,Sales,93900.0,25.0,Yes
Amber Crawford,23.0,Marketing,51500.0,1.0,Yes
Lisa Hernandez,36.0,Operations,54600.0,11.0,Yes
Cassie Lutz,42.0,,54400.0,9.0,Yes
Andrea Lopez,46.0,Sales,79100.0,15.0,Yes
Patricia Johnson,58.0,Operations,64900.0,13.0,Yes
Sherri Colon,44.0,Engineering,98500.0,15.0,Yes
Mrs. Miranda Johnston,45.0,Marketing,63100.0,11.0,Yes
Christy Lee,35.0,Marketing,76100.0,12.0,Yes
John Mayer,28.0,HR,46100.0,,No
Andrew Lynch,21.0,Operations,42100.0,0.0,No
Veronica Flores,37.0,,63300.0,5.0,No
Karen Keith,44.0,Engineering,89200.0,9.0,Yes
Stephen Allen,39.0,Engineering,73200.0,5.0,No
Jordan Tanner,23.0,Sales,39400.0,1.0,No
Bethany Liu,47.0,IT,82400.0,11.0,Yes
Bryce Francis,46.0,Finance,100800.0,20.0,Yes
Sean Cisneros,49.0,Operations,88800.0,23.0,Yes
Ernest Sullivan,45.0,IT,94200.0,17.0,Yes
Dennis Arnold,34.0,Operations,56900.0,5.0,No
Eileen Snyder,21.0,Operations,54500.0,0.0,No
Justin Perez,30.0,Operations,65500.0,6.0,Yes
Robert Charles,54.0,HR,69200.0,17.0,Yes
Misty Garcia,45.0,IT,86100.0,13.0,Yes
Mariah Jones,46.0,Engineering,94800.0,11.0,Yes
Brenda Perkins,43.0,Engineering,96300.0,17.0,Yes
Sean White,28.0,Sales,54400.0,4.0,No
Timothy Romero,21.0,IT,60000.0,0.0,No
Laura Atkins,30.0,Operations,58200.0,6.0,No
Tammy Anderson,21.0,Marketing,52900.0,0.0,No
Cynthia Mueller,39.0,Marketing,68000.0,15.0,Yes
Benjamin Wilson,29.0,Sales,47500.0,4.0,No
Miguel Reeves,33.0,Sales,63500.0,10.0,No
Louis Patrick,21.0,HR,44900.0,0.0,No
Michael Mathews,34.0,Sales,59700.0,5.0,Yes
Crystal Robinson,39.0,HR,57200.0,10.0,Yes
Kelli Shepard,58.0,IT,101000.0,19.0,Yes
Michael Fitzgerald,49.0,HR,60900.0,10.0,Yes
Nancy Jackson,25.0,Engineering,79100.0,3.0,No
Christina Cook,24.0,Sales,59600.0,2.0,No
Debra Chandler,28.0,IT,,5.0,Yes
Nicholas Obrien II,34.0,Engineering,87400.0,5.0,No
Javier Dorsey,35.0,,88500.0,10.0,Yes
Michael Lambert,49.0,Engineering,83700.0,11.0,Yes
Sarah Frederick,27.0,Engineering,65900.0,2.0,No
Chad Escobar,46.0,Finance,77000.0,9.0,Yes
Connie Scott,40.0,Sales,67500.0,12.0,Yes
Wayne Wolfe,40.0,Sales,61900.0,9.0,Yes
Melissa Henry,30.0,HR,41800.0,4.0,No
Dalton Clark,37.0,Engineering,87200.0,7.0,No
Christine Williams,35.0,Customer Support,70900.0,,Yes
Joseph Ortega,21.0,IT,57000.0,0.0,Yes
Caitlin Howard,38.0,Customer Support,59900.0,14.0,Yes
Chad Rivera,36.0,Customer Support,45400.0,5.0,Yes
Mrs. Bethany Phillips,33.0,HR,70800.0,10.0,Yes
Tyler Zavala,28.0,,75600.0,2.0,No
Michelle Prince,24.0,Operations,56000.0,2.0,No
Brittany Stevens,23.0,IT,70000.0,,No
Melissa Oneill,42.0,Customer Support,71400.0,15.0,Yes
Austin Patterson,32.0,Engineering,80400.0,8.0,No
Vincent Savage,48.0,IT,89100.0,14.0,Yes
Jennifer Collins,21.0,Finance,68800.0,0.0,No
Chad Morales,50.0,IT,101800.0,20.0,Yes
Daniel Smith,38.0,Sales,68000.0,7.0,No
Susan Rivera,33.0,,58100.0,8.0,Yes
Jeremy Edwards,39.0,HR,57400.0,12.0,Yes
Brian Allen,29.0,Marketing,59700.0,5.0,No
Allen Hunt,46.0,Operations,72800.0,15.0,Yes
Jeffery Thompson,24.0,Finance,57700.0,3.0,No
Cindy Richardson,30.0,IT,71300.0,7.0,Yes
Frank Wheeler,21.0,IT,61100.0,0.0,No
Paul Tyler,33.0,HR,54900.0,5.0,Yes
Lori Smith,49.0,Engineering,107900.0,20.0,Yes
Janice Kelly,48.0,IT,75600.0,9.0,Yes
Alisha Byrd,41.0,Engineering,80200.0,8.0,Yes
Margaret Stevenson,41.0,Sales,63100.0,10.0,Yes
Kaitlyn Valdez,37.0,Operations,57000.0,6.0,No
David Molina,25.0,Operations,50900.0,1.0,No
David Smith,33.0,IT,77300.0,10.0,Yes
Natalie Hawkins,33.0,Operations,60400.0,4.0,No
Wendy Evans,45.0,Finance,93700.0,15.0,Yes
Carmen Preston,37.0,Engineering,86400.0,7.0,Yes
Tonya Richards,42.0,HR,50200.0,7.0,Yes
Jeffrey Bishop,26.0,Engineering,81700.0,3.0,Yes
Ryan Warren,33.0,Marketing,69600.0,5.0,Yes
Frank Payne,34.0,Marketing,55300.0,6.0,No
Alexandria Cox,21.0,Engineering,75000.0,0.0,Yes
Wayne Jackson,33.0,IT,71600.0,5.0,Yes
Wesley Henry,33.0,IT,87500.0,9.0,Yes
Kimberly Rivera,34.0,Operations,59900.0,4.0,No
Jane May,23.0,Engineering,85400.0,1.0,
Mrs. Amy Watson,33.0,Marketing,54600.0,4.0,No
Frank Flores,39.0,Sales,69400.0,13.0,Yes
Andrew Harper,52.0,Engineering,110300.0,19.0,Yes
Mariah Perry,41.0,IT,95300.0,15.0,Yes
Harold Garrett,33.0,IT,78700.0,8.0,Yes
Brad Fisher,28.0,IT,72600.0,5.0,Yes
Caleb Carroll,21.0,IT,60200.0,0.0,No
Samantha Gardner,25.0,Sales,52000.0,2.0,No
Maria Roberts,35.0,Marketing,56300.0,8.0,Yes
Hector Griffin,34.0,Operations,,11.0,Yes
Jennifer Hudson,31.0,Sales,58600.0,4.0,Yes
Tina Reynolds,29.0,IT,68000.0,6.0,No
Jessica Mitchell,34.0,Marketing,60100.0,5.0,Yes
Jody Bird,51.0,Customer Support,89500.0,24.0,Yes
Donald Flores,44.0,Engineering,80700.0,11.0,Yes
Glenn Elliott,55.0,Engineering,107400.0,19.0,Yes
Theresa Williams,37.0,Engineering,90100.0,9.0,Yes
Samantha Prince,40.0,Sales,70900.0,10.0,Yes
Kristin Williams,32.0,Sales,,4.0,No
Kiara Sexton,,Marketing,54200.0,5.0,Yes
Jeffery Collins,21.0,IT,67700.0,0.0,No
Victor Edwards,29.0,Engineering,86000.0,6.0,No
Gregory Hale,32.0,Customer Support,54600.0,9.0,Yes
Chad Rojas,39.0,IT,85600.0,12.0,Yes
Eric Flores,41.0,Customer Support,52200.0,12.0,Yes
Denise Jacobs,29.0,Engineering,83200.0,6.0,No
Sherri Smith,46.0,IT,99000.0,21.0,Yes
Brian Clark,41.0,IT,80700.0,13.0,Yes
Katrina Mendoza,39.0,Sales,78900.0,13.0,Yes
Lisa Caldwell,31.0,Operations,61000.0,,Yes
Danielle Reed,32.0,Marketing,67400.0,7.0,No
Daniel Bishop,30.0,Finance,55700.0,3.0,Yes
Clifford Mcdonald,31.0,IT,63700.0,3.0,Yes
Jerry Brown,25.0,Sales,47500.0,2.0,No
Danny Smith,35.0,IT,82600.0,6.0,Yes
Nancy Rice,,Marketing,67200.0,8.0,Yes
Christopher Mcclure,51.0,Engineering,111600.0,23.0,Yes
Angel Smith,47.0,IT,103200.0,18.0,Yes
Rachael Alvarez,43.0,IT,81800.0,8.0,Yes
Eric Blackburn,30.0,,79300.0,5.0,No
Jessica Carney,,IT,67600.0,,No
Dustin Gallegos,34.0,Marketing,63300.0,4.0,No
Darren Thompson,47.0,IT,81200.0,9.0,Yes
Jennifer Velasquez,58.0,Engineering,126300.0,28.0,Yes
Stephanie Vargas,43.0,Marketing,68900.0,7.0,Yes
Shawn Adams,43.0,IT,81600.0,7.0,Yes
Karl Branch,29.0,Engineering,92400.0,6.0,Yes
Brett Pena,,Engineering,69600.0,2.0,No
Lori Roberson,47.0,IT,95600.0,19.0,Yes
Adam Robinson,42.0,Customer Support,67300.0,14.0,Yes
Daniel Ferrell,21.0,HR,56300.0,0.0,No
Joseph Collins,35.0,Customer Support,45200.0,5.0,Yes
Stephen Wilson,41.0,Engineering,89500.0,11.0,Yes
Joshua Jones,31.0,IT,76600.0,7.0,Yes
Gavin Nelson,40.0,Sales,67300.0,11.0,Yes
Cory Martinez,35.0,Operations,69200.0,11.0,Yes
Raymond Powell,59.0,IT,116600.0,27.0,Yes
Monica Ellis,48.0,IT,85300.0,11.0,Yes
Gary Greer,21.0,Engineering,72100.0,0.0,No
Laura Walton,25.0,Customer Support,48200.0,2.0,Yes
Kelly May,48.0,HR,60300.0,8.0,Yes
Brandi Camacho DVM,30.0,Engineering,71800.0,3.0,No
Debra Wright,50.0,Sales,79700.0,17.0,Yes
Kurt Wagner,45.0,Finance,92600.0,16.0,Yes
Jason Jennings,29.0,HR,59700.0,5.0,Yes
Steven Clark,43.0,Sales,72500.0,11.0,Yes
Charles Fuentes,42.0,HR,68900.0,12.0,Yes
Melissa Short,23.0,Finance,59900.0,,Yes
Steven Butler,30.0,Engineering,,,Yes
Samantha Robertson,24.0,Marketing,47800.0,2.0,No
Elizabeth Butler,29.0,Customer Support,49200.0,5.0,Yes
Samuel Wolfe,53.0,Customer Support,57100.0,13.0,
Joshua Hopkins,21.0,Marketing,51900.0,,No
Maria Henderson,24.0,Operations,50700.0,1.0,No
Lisa Beard,33.0,Operations,48200.0,5.0,No
John Hopkins,45.0,Sales,65400.0,15.0,Yes
Raymond Wang,32.0,IT,85200.0,7.0,Yes
George Weber,40.0,Sales,66400.0,7.0,Yes
Susan Harper,35.0,IT,66600.0,4.0,No
Lori Flowers MD,37.0,Finance,68400.0,7.0,Yes
Kyle Garza,28.0,Marketing,47700.0,3.0,No
Nicholas Little,36.0,HR,54400.0,6.0,No
Donald Cruz,35.0,HR,50700.0,5.0,No
Patricia Acosta,38.0,Sales,75800.0,10.0,Yes
Melissa Mccormick,27.0,Engineering,89200.0,,No
Susan Turner,36.0,Sales,65400.0,6.0,Yes
Darlene Kelly,30.0,,70300.0,6.0,Yes
Anthony May,26.0,Marketing,60100.0,4.0,Yes
Jeffrey Torres,35.0,Finance,81300.0,9.0,Yes
Jamie Miller,22.0,Marketing,42400.0,1.0,No
Daniel Price,27.0,IT,71400.0,4.0,No
Raymond Le,42.0,IT,,6.0,Yes
Kathleen Roy,45.0,Customer Support,60400.0,16.0,Yes
Kathryn Dillon,32.0,HR,42500.0,5.0,No
Micheal Austin,21.0,IT,67300.0,0.0,No
Jose Martinez,54.0,Marketing,88400.0,22.0,Yes
Jordan Curry,37.0,Engineering,83200.0,12.0,Yes
Mark Thomas,40.0,IT,85800.0,12.0,Yes
Jeffrey Vaughn,46.0,Customer Support,69800.0,17.0,Yes
Sean Curtis,35.0,Operations,83900.0,12.0,Yes
Laurie Bailey,45.0,IT,89600.0,12.0,Yes
Christine Jones,32.0,Engineering,,6.0,Yes
Amber Spencer,21.0,Marketing,42400.0,0.0,No
Samantha Cohen,37.0,Engineering,93500.0,11.0,
Kathryn Jennings,40.0,Finance,78600.0,9.0,Yes
Calvin Bowers,,Marketing,70400.0,12.0,Yes
Christopher Thompson,31.0,Customer Support,56300.0,8.0,Yes
Jennifer Banks,43.0,Marketing,78500.0,17.0,Yes
Dean Turner,39.0,Marketing,62300.0,8.0,Yes
Alexis Pham,36.0,Operations,65300.0,12.0,Yes
Nicole Parrish,39.0,Finance,80600.0,9.0,Yes
Jennifer Leon,42.0,,77300.0,15.0,Yes
Kelli Smith,40.0,Engineering,87900.0,10.0,Yes
Jeremy Reed,30.0,Operations,62300.0,3.0,No
Andrea Baker,21.0,IT,64000.0,0.0,Yes
Jessica Barnett,42.0,Sales,71500.0,14.0,Yes
Christina Walters,32.0,Sales,60300.0,5.0,Yes
Joseph Heath,45.0,Marketing,84000.0,18.0,Yes
Scott James,36.0,Finance,75800.0,11.0,Yes
Jonathan Stanley,28.0,Engineering,,3.0,No
Dennis Santana,38.0,Sales,55100.0,5.0,Yes
John Clark,26.0,HR,46000.0,2.0,Yes
Edwin Munoz,39.0,Marketing,69200.0,6.0,Yes
Sharon Santos,44.0,IT,105700.0,19.0,Yes
Billy Wallace,32.0,IT,80000.0,8.0,No
Nichole Davis,35.0,Marketing,59400.0,6.0,Yes
Brian Shaffer,36.0,IT,89900.0,12.0,Yes
Michelle Mcdonald,37.0,Finance,78100.0,10.0,Yes
Bonnie Valencia,21.0,IT,,0.0,No
Matthew Thomas,32.0,Operations,46500.0,5.0,No
Nicholas Beard,48.0,Operations,71700.0,11.0,Yes
Amy Ramirez,37.0,IT,78800.0,6.0,Yes
Cheryl Atkins,30.0,Sales,55600.0,4.0,No
Gabriel Wilkins,32.0,Marketing,75100.0,6.0,No
Dr. Isabel Smith PhD,47.0,Engineering,116000.0,21.0,Yes
Susan Davis,38.0,Operations,70300.0,7.0,Yes
Jennifer Smith,39.0,HR,69000.0,6.0,No
Matthew Moore,31.0,HR,54400.0,5.0,Yes
Jonathan Walker,26.0,Engineering,74500.0,3.0,No
Jordan Pace,43.0,Marketing,79100.0,18.0,Yes
Jennifer Brown,47.0,Sales,85500.0,13.0,Yes
Ralph Anderson,50.0,,84300.0,20.0,Yes
Travis Dixon,,Finance,63800.0,4.0,No
Amy Mccullough,35.0,IT,75400.0,7.0,Yes
Andre Watson,35.0,Marketing,82200.0,12.0,Yes
Kathy Adams,42.0,Finance,62800.0,9.0,Yes
Michael Gibson,38.0,Operations,69000.0,14.0,Yes
Chase Choi,28.0,HR,62000.0,5.0,Yes
Hannah Johnson,33.0,Engineering,74500.0,5.0,Yes
Jason Nixon,29.0,Engineering,85900.0,5.0,No
Jonathan Swanson,30.0,,80000.0,5.0,Yes
Juan Lopez,29.0,HR,54200.0,5.0,Yes
Charles Frost,29.0,Marketing,51400.0,3.0,No
Jennifer Lopez,26.0,Marketing,48400.0,3.0,No
Heidi Burnett,24.0,IT,76700.0,2.0,No
Lynn Mueller,37.0,IT,79500.0,7.0,Yes
Leah Rodriguez,37.0,Sales,80300.0,13.0,Yes
Veronica Berry,39.0,Sales,70800.0,7.0,No
Gerald Price,50.0,Engineering,89800.0,13.0,Yes
Angela Trevino,33.0,HR,60000.0,9.0,Yes
Jose Allen,34.0,Sales,61300.0,6.0,Yes
Lisa Randall,21.0,Operations,55100.0,0.0,No
Robert Mitchell,,Customer Support,70700.0,16.0,Yes
Anthony French,33.0,Sales,67700.0,6.0,Yes
Dylan Foster,,Marketing,83500.0,17.0,Yes
Linda Morris,44.0,Operations,84700.0,17.0,Yes
Lori Alvarez,40.0,Finance,89600.0,12.0,Yes
Melissa Barron,39.0,Finance,72900.0,9.0,Yes
Sarah Bates,27.0,HR,53200.0,4.0,No
Matthew Wright,36.0,HR,61100.0,10.0,Yes
Natalie Malone,49.0,Marketing,69000.0,14.0,Yes
Antonio Lopez,33.0,Operations,56100.0,6.0,Yes
Bailey Hughes,28.0,Engineering,89200.0,5.0,Yes
Kaitlin Hardin,29.0,IT,75400.0,6.0,Yes
Megan Le,42.0,Engineering,110100.0,18.0,Yes
Jesse Johnson,32.0,IT,66500.0,7.0,No
Melanie Watson,42.0,Marketing,76100.0,11.0,Yes
Katherine Brown,27.0,Engineering,72200.0,5.0,No
Michael Guerra,39.0,Engineering,89200.0,8.0,Yes
Zachary Jones,40.0,Customer Support,58000.0,9.0,Yes
Samuel Wong,,Engineering,108500.0,15.0,Yes
James Collins,24.0,IT,58700.0,2.0,No
Heather Hunt,27.0,Engineering,70700.0,,No
Stephen Taylor,29.0,Sales,59400.0,4.0,Yes
Corey Norris,50.0,Finance,99300.0,23.0,Yes
Paul Blair,21.0,HR,45800.0,0.0,No
Melissa Mathews,44.0,Operations,74900.0,15.0,Yes
Roy Paul,27.0,Operations,42500.0,4.0,No
Victor Leonard,31.0,Sales,58200.0,5.0,Yes
Angel Perry,24.0,Sales,48000.0,2.0,No
Mark Dalton,28.0,Operations,41300.0,3.0,No
Scott Thomas,39.0,Sales,63400.0,11.0,Yes
Mark Smith,22.0,IT,63000.0,1.0,No
April Clark,51.0,Finance,,,Yes
Rachel Berger,35.0,IT,88400.0,11.0,Yes
Matthew Miller,44.0,Sales,85100.0,18.0,Yes
Ryan Kaiser,50.0,Finance,96600.0,23.0,Yes
Whitney Jones,39.0,Finance,72900.0,14.0,Yes
Richard Goodman,21.0,Engineering,75800.0,0.0,No
Bryan Davis DVM,29.0,Finance,69400.0,5.0,No
Lauren Freeman,47.0,Finance,84800.0,14.0,Yes
Sean Clay,50.0,HR,75100.0,20.0,Yes
Tyler Salazar,32.0,Operations,64700.0,6.0,Yes
Janice Bailey,21.0,Marketing,50900.0,0.0,No
Valerie Roberts,47.0,Sales,64600.0,12.0,Yes
Roy King,31.0,IT,67500.0,3.0,No
Edgar Hughes,21.0,Finance,47300.0,0.0,No
Alyssa Haynes,48.0,Finance,75600.0,11.0,Yes
Andrew Gonzalez,38.0,Engineering,73400.0,9.0,Yes
Jonathan Lawrence,45.0,IT,104800.0,20.0,Yes
Beth Price,49.0,Marketing,78100.0,16.0,Yes
James Cuevas,38.0,IT,76100.0,,Yes
Marcus Powell,50.0,HR,80500.0,19.0,Yes
Jill Martin,21.0,Engineering,76200.0,0.0,No
Dwayne Klein,31.0,Finance,73000.0,3.0,No
Kathryn White,34.0,Finance,65600.0,5.0,Yes
Ryan Taylor,60.0,IT,120300.0,24.0,Yes
Matthew Armstrong,43.0,IT,82700.0,8.0,Yes
Joshua Martinez,44.0,IT,101400.0,19.0,Yes
Kristen Jackson,30.0,HR,60800.0,5.0,Yes
Debra Johnson,35.0,Engineering,80900.0,6.0,No
Christopher Mayer,25.0,Finance,57200.0,2.0,No
Jorge Davis,52.0,Customer Support,69900.0,20.0,Yes
Blake Crawford,33.0,Sales,63000.0,5.0,No
Debra Valentine,34.0,Engineering,84200.0,4.0,No
Heather Williams,35.0,Marketing,64400.0,11.0,Yes
Roger Moss,38.0,Engineering,90400.0,10.0,Yes
Timothy Wilkinson,38.0,HR,69800.0,14.0,Yes
Daniel Stout,24.0,Engineering,,2.0,No
James Silva,51.0,Sales,63300.0,11.0,Yes
Jill Conway,27.0,Engineering,76700.0,3.0,No
Benjamin Mclaughlin,21.0,Engineering,76600.0,0.0,No
Joseph Church,35.0,Marketing,68600.0,5.0,Yes
Cassandra Mitchell,40.0,Marketing,65300.0,15.0,Yes
Hannah Luna,46.0,Sales,69000.0,18.0,Yes
Patrick Yang,51.0,Engineering,103300.0,14.0,Yes
Michael Gonzalez,26.0,HR,51800.0,2.0,Yes
Travis Hull,44.0,IT,90500.0,16.0,Yes
Kevin Barber,24.0,Marketing,,2.0,No
Sherri Charles,29.0,Engineering,92800.0,7.0,Yes
John Ramirez,21.0,Finance,53800.0,0.0,No
Michael Brooks,38.0,HR,53000.0,5.0,Yes
James Austin,28.0,Marketing,54500.0,5.0,Yes
Brenda Lee,41.0,Sales,60000.0,7.0,No
Jared Garza,37.0,Sales,62600.0,8.0,Yes
Ashley Valentine,24.0,Finance,63200.0,2.0,No
Maria Jones,51.0,Customer Support,60700.0,20.0,Yes
Cory Parsons,28.0,Marketing,49700.0,2.0,No
Keith Garcia,51.0,Sales,97600.0,24.0,Yes
Darryl Acosta,21.0,Engineering,73800.0,0.0,No
Donna Ibarra,38.0,IT,87500.0,13.0,Yes
Tracey Bailey,49.0,HR,70600.0,12.0,Yes
Albert Garcia,32.0,Engineering,79600.0,4.0,Yes
Samantha Thomas,37.0,IT,73500.0,11.0,Yes
Kenneth Knight,32.0,IT,74400.0,6.0,No
Johnny Whitaker,36.0,Marketing,72100.0,11.0,Yes
Tanner Decker,33.0,Finance,66600.0,4.0,No
Jordan Garcia,38.0,Customer Support,67100.0,9.0,Yes
John Hudson,29.0,Marketing,65800.0,5.0,Yes
Erin Diaz,21.0,Engineering,71200.0,0.0,No
Charles Hernandez,37.0,Customer Support,48000.0,8.0,Yes
Charles Davila,37.0,Operations,57400.0,10.0,Yes
Melissa Grant,33.0,Sales,60700.0,9.0,Yes
Vickie Kennedy,50.0,Engineering,93300.0,11.0,Yes
Kristen Montoya,41.0,Finance,80700.0,7.0,No
Amber Vang,26.0,Engineering,75600.0,4.0,Yes
Jay Hall,37.0,Marketing,71400.0,12.0,Yes
Michael Nixon,35.0,Engineering,89700.0,8.0,Yes
Ashley Hicks,34.0,Marketing,64100.0,6.0,No
Crystal Beltran,41.0,Finance,82800.0,,Yes
Michael Perry PhD,41.0,IT,81500.0,16.0,Yes
Danny Moreno,32.0,Engineering,97200.0,9.0,Yes
Nicholas Hernandez,32.0,Engineering,88700.0,8.0,Yes
Brent Harris,26.0,IT,73800.0,3.0,Yes
Christina Reese,31.0,Operations,55300.0,4.0,Yes
Alyssa Orr,53.0,IT,108200.0,21.0,Yes
Melissa Mann,36.0,Operations,64500.0,7.0,Yes
Amber Kidd,47.0,IT,95200.0,12.0,Yes
Caitlin Harris,25.0,IT,67200.0,2.0,No
Jose Harrison,40.0,Finance,83700.0,14.0,Yes
Melinda Patterson,35.0,IT,79300.0,10.0,Yes
Elizabeth Melton,32.0,HR,59700.0,6.0,Yes
Jesse Castro,44.0,Operations,78100.0,11.0,Yes
Tyler Richard,21.0,HR,43700.0,0.0,No
Elizabeth Nichols,29.0,Finance,73800.0,4.0,No
Joseph Shaw,21.0,IT,73000.0,0.0,No
Laurie Bailey,25.0,HR,56900.0,3.0,Yes
Jessica Hoffman,25.0,Marketing,50600.0,1.0,No
Lisa Price,36.0,Engineering,106000.0,12.0,Yes
Linda Miller,50.0,IT,94700.0,17.0,Yes
Jesus Wheeler,,Engineering,85800.0,11.0,Yes
Katherine Contreras,35.0,Sales,61900.0,6.0,Yes
Colin Mckay,30.0,Finance,60700.0,4.0,No
Dr. Julie Miller,36.0,IT,89500.0,11.0,Yes
Jordan Bates,36.0,Engineering,68600.0,8.0,Yes
Arthur Gonzalez,35.0,IT,81100.0,11.0,Yes
Kimberly Ross,41.0,Customer Support,54200.0,12.0,Yes
Kimberly Sharp,,IT,84700.0,8.0,Yes
Katherine White,48.0,Marketing,83500.0,17.0,Yes
Deanna Mcdonald,25.0,IT,74500.0,2.0,No
Gregory Rivers,30.0,Engineering,80200.0,6.0,No
Miranda Beck,29.0,IT,81400.0,6.0,Yes
Annette Rivas,22.0,Sales,54600.0,1.0,Yes
Ellen Wright,43.0,Marketing,75400.0,13.0,
Michael Bradshaw,29.0,Marketing,53600.0,4.0,Yes
Meghan Rush,27.0,Engineering,71500.0,5.0,Yes
Joe Page,43.0,Sales,82300.0,15.0,Yes
Sherry Tapia,35.0,Engineering,84500.0,6.0,Yes
Tyler Stout,41.0,Finance,80200.0,12.0,Yes
Michael Lucas,49.0,Customer Support,78100.0,19.0,Yes
Nicole Richards,30.0,Sales,63000.0,6.0,No
Jake Shaw,45.0,Sales,84600.0,19.0,Yes
Andrew Johnson,32.0,Finance,69100.0,5.0,No
Lisa Haley,54.0,Marketing,84400.0,12.0,Yes
Zachary Robinson,37.0,Operations,58100.0,11.0,Yes
Steve Sanchez,36.0,Marketing,62900.0,5.0,Yes
Danielle Mcdaniel,48.0,HR,64500.0,,Yes
Ronald Clark,32.0,IT,88400.0,,
Miss Kimberly Holloway,21.0,Engineering,75600.0,0.0,No
Michael Taylor,32.0,HR,45500.0,4.0,Yes
Tony Rodriguez,39.0,Marketing,84800.0,15.0,Yes
Robert Jackson,30.0,Finance,69200.0,4.0,No
Wanda Ingram,26.0,Sales,,4.0,Yes
Alicia Wagner,35.0,,79800.0,5.0,Yes
Charles Morales,,HR,68400.0,,Yes
Kelly Howard,25.0,Sales,,2.0,No
Daniel Brewer,26.0,HR,59000.0,2.0,No
Jamie Lindsey,45.0,Engineering,97800.0,14.0,Yes
Lisa Salazar,34.0,IT,85800.0,9.0,Yes
Robert Haynes,37.0,Operations,69400.0,13.0,Yes
Larry Wilson,54.0,,107300.0,26.0,Yes
Jacob Williams,34.0,IT,89200.0,8.0,Yes
David Walters,27.0,IT,67500.0,5.0,Yes
Jaclyn Crane,33.0,Customer Support,46400.0,5.0,Yes
Rachel Taylor,21.0,Marketing,47700.0,0.0,No
Aimee Fisher,36.0,Customer Support,56100.0,8.0,Yes
Brandon Acosta,33.0,HR,66200.0,10.0,Yes
Matthew Wells,33.0,Engineering,67500.0,4.0,Yes
Roberto Smith,27.0,Marketing,57500.0,4.0,Yes
Melissa Gates,24.0,HR,54900.0,1.0,No
Timothy Andrews,34.0,Finance,64700.0,4.0,No
Jonathon Conley,40.0,Engineering,85700.0,12.0,Yes
Robert Simpson,60.0,Sales,,27.0,Yes
Matthew Hunt,38.0,HR,68900.0,13.0,Yes
Kara Hernandez,29.0,Finance,64100.0,7.0,
Brett Thomas,28.0,Finance,64900.0,4.0,No
John Cook,21.0,IT,61500.0,0.0,No
Shelia Wallace,24.0,Finance,61300.0,2.0,No
Matthew Roberts,37.0,Marketing,58400.0,6.0,Yes
Beverly Nguyen,42.0,Finance,79900.0,11.0,Yes
Daniel Lopez,28.0,Engineering,76200.0,2.0,No
Tyler Baker,34.0,HR,51000.0,6.0,Yes
Kaitlyn Leblanc,40.0,IT,85200.0,10.0,
Amber Lee,21.0,IT,69600.0,0.0,
Jennifer Ramirez,35.0,Finance,69500.0,9.0,Yes
Philip Powell,34.0,Sales,71800.0,7.0,Yes
Debbie Sherman,38.0,Sales,64700.0,7.0,Yes
Chad Kim,29.0,HR,66100.0,6.0,Yes
Henry Gray,37.0,Operations,65500.0,10.0,Yes
Mrs. Dawn Hawkins,39.0,Operations,80700.0,14.0,Yes
Gary Turner,41.0,Operations,63100.0,7.0,Yes
Christopher Jensen,27.0,IT,68500.0,3.0,No
Ryan Willis,30.0,Engineering,73600.0,3.0,No
Taylor Flores,60.0,Operations,117200.0,32.0,Yes
Andrew Jacobs,21.0,IT,64200.0,0.0,No
Stephanie Salinas,50.0,Customer Support,86700.0,20.0,Yes
Mary Peterson,36.0,HR,,11.0,Yes
Robin Smith,25.0,Marketing,49800.0,3.0,No
Chloe Ellis,27.0,Engineering,94200.0,3.0,No
Rachel Rollins,37.0,IT,76400.0,9.0,Yes
Kendra Sullivan,31.0,Finance,68600.0,8.0,Yes
Jennifer Flores,45.0,IT,107800.0,17.0,Yes
Kristen Taylor,31.0,Operations,52200.0,4.0,No
Samantha Morrow,46.0,Operations,57200.0,8.0,Yes
Ricky Hall,23.0,Finance,54300.0,1.0,No
Thomas Hughes DDS,30.0,IT,72400.0,3.0,No
Darren Morse,44.0,Operations,77700.0,16.0,Yes
Raymond Porter,40.0,Sales,72600.0,10.0,Yes
David Hernandez,26.0,IT,74600.0,3.0,No
Brent Reed,35.0,Operations,48600.0,6.0,No
Joshua Henderson,29.0,Sales,69600.0,5.0,No
Jessica Holmes,38.0,Operations,72900.0,9.0,Yes
Stacy Macias,23.0,Operations,46700.0,2.0,No
Angel Butler,28.0,IT,68400.0,3.0,No
Clarence Wood,32.0,Operations,69000.0,8.0,Yes
Brittney Hernandez,22.0,IT,56500.0,1.0,Yes
Robert West,21.0,Finance,57600.0,0.0,No
Ryan Munoz,40.0,Sales,61600.0,13.0,Yes
Breanna Flores,33.0,Operations,70600.0,9.0,Yes
Cynthia Bates,52.0,Engineering,83400.0,11.0,Yes
Tammy Werner,31.0,Operations,,,No
Julian Obrien,35.0,Engineering,77600.0,8.0,Yes
Lisa Robinson,52.0,Customer Support,91500.0,24.0,Yes
Brian Mendoza,33.0,IT,69300.0,7.0,Yes
Rachel Brown,41.0,Finance,77000.0,7.0,Yes
Brooke Allison,36.0,Engineering,86000.0,9.0,Yes
Joseph Durham,35.0,HR,69400.0,11.0,Yes
John Peterson,37.0,IT,89200.0,12.0,Yes
Julia Reeves,31.0,IT,76300.0,8.0,Yes
Jasmine Hall,21.0,Operations,47900.0,0.0,No
Randall Johnson,24.0,IT,64800.0,2.0,No
Stephen Parks,37.0,Customer Support,59900.0,9.0,Yes
Emily Bennett,41.0,Sales,75800.0,14.0,Yes
Jeffrey Hart DDS,35.0,Customer Support,60800.0,10.0,Yes
Joseph Myers,44.0,Finance,84900.0,12.0,Yes
Johnny Khan,40.0,Sales,74000.0,13.0,Yes
Richard Murray,21.0,Operations,53500.0,0.0,No
Richard Bond,40.0,Finance,81700.0,16.0,Yes
Janet Ryan,21.0,Engineering,68600.0,0.0,No
Dana Dodson,27.0,,56100.0,3.0,Yes
Cody Reyes III,28.0,Operations,54500.0,2.0,No
Darlene Miller,28.0,Finance,81000.0,5.0,No
Michael Baker,34.0,HR,59200.0,6.0,Yes
Kenneth Huff,51.0,HR,75700.0,14.0,Yes
Donna Frye,21.0,Sales,,0.0,No
Heidi Richardson,52.0,Customer Support,70300.0,17.0,Yes
Robert Bauer,28.0,Operations,49200.0,5.0,Yes
Arthur Reed,41.0,Marketing,,8.0,Yes
Jonathan Brooks,41.0,IT,96200.0,16.0,Yes
Bridget Edwards DDS,35.0,Operations,71400.0,8.0,Yes
Maria Malone,47.0,Engineering,,11.0,Yes
Gloria Dunlap,35.0,IT,84300.0,9.0,Yes
Katherine Brooks,41.0,Engineering,76900.0,,Yes
Teresa Allen,25.0,HR,47000.0,1.0,No
David Fitzpatrick,44.0,IT,93400.0,18.0,Yes
Peter Haynes,39.0,Customer Support,70100.0,13.0,Yes
Laurie Fuller,,Sales,53400.0,3.0,No
Sean Moore,25.0,Customer Support,47600.0,3.0,No
Ashley Barrera,24.0,,78500.0,2.0,No
Jack Jacobs,50.0,Sales,83800.0,22.0,Yes
Lori Thompson,51.0,,,21.0,Yes
Michele George,36.0,Sales,74500.0,8.0,Yes
James Brooks,33.0,Engineering,69500.0,8.0,Yes
Terry Brown,,Engineering,77900.0,4.0,Yes
Joshua Clark,28.0,Marketing,72800.0,5.0,No
Laura Jones,31.0,Engineering,91100.0,6.0,Yes
Angela Patel,,Finance,56500.0,5.0,Yes
Dr. George Hernandez,42.0,Engineering,86400.0,9.0,Yes
Blake Owens,31.0,Finance,75000.0,7.0,Yes
Brandy Lopez,42.0,HR,70200.0,9.0,Yes
Gary Palmer,42.0,Operations,55200.0,8.0,Yes
Mr. Anthony Mcconnell PhD,38.0,Sales,67100.0,10.0,Yes
John Lee,30.0,Sales,58600.0,7.0,No
Regina Davis,31.0,IT,89900.0,8.0,Yes
Timothy Gordon,55.0,IT,,16.0,Yes
Dawn Parker,40.0,Engineering,96100.0,10.0,Yes
Lisa Bryant,53.0,IT,79200.0,10.0,Yes
Morgan Barrett,45.0,Sales,56300.0,10.0,No
Michelle Ramirez,38.0,Sales,77300.0,11.0,Yes
Sarah Moore,42.0,Engineering,95500.0,10.0,Yes
Heather Brown,49.0,IT,81600.0,9.0,Yes
Jeffrey Glenn,23.0,IT,70500.0,1.0,No
Elizabeth Mccoy,42.0,Operations,57700.0,7.0,Yes
Kaitlyn Brown,38.0,IT,78200.0,5.0,No
Travis Price,51.0,Operations,100000.0,23.0,Yes
James Morris,24.0,IT,51700.0,1.0,No
Michael Smith,31.0,Sales,58700.0,5.0,No
Melissa Patel MD,27.0,HR,53000.0,5.0,No
Lisa Kaiser,21.0,IT,70000.0,0.0,No
Alexandra Foster,36.0,IT,68000.0,5.0,Yes
Carlos Kirk,26.0,Engineering,80800.0,3.0,No
Ryan Skinner,24.0,IT,73100.0,2.0,No
Alexander Drake,36.0,Engineering,93900.0,10.0,Yes
Paula Brown,25.0,Sales,55700.0,3.0,Yes
Joseph Perez,42.0,Engineering,86700.0,9.0,Yes
Dawn Jordan,47.0,Sales,85000.0,17.0,Yes
Brittany Snyder,35.0,Sales,68300.0,8.0,Yes
Terry Waller,21.0,Operations,41100.0,0.0,No
Anne Martin,27.0,Customer Support,38900.0,3.0,No
Philip Bowen,38.0,HR,60200.0,7.0,Yes
Benjamin Smith,45.0,Sales,65700.0,9.0,Yes
Philip Cole,36.0,Operations,67900.0,12.0,Yes
Steven Griffith,48.0,Engineering,86900.0,9.0,Yes
David Williams,53.0,Customer Support,60900.0,10.0,Yes
Breanna Ayala,39.0,IT,90300.0,12.0,Yes
Reginald Knapp,38.0,Customer Support,68300.0,14.0,Yes
Nancy Merritt,44.0,Sales,81900.0,16.0,Yes
Jessica Gibson,40.0,Marketing,,9.0,Yes
Justin Smith,25.0,HR,45900.0,1.0,No
Alyssa Weber,25.0,Finance,78400.0,2.0,No
Brenda Hall,38.0,Sales,58200.0,13.0,Yes
Robin Brown,40.0,Engineering,92300.0,11.0,Yes
Heidi Moran,,IT,63800.0,0.0,No
Joseph Hawkins,36.0,HR,59800.0,8.0,Yes
Barbara Flores,46.0,Operations,68600.0,9.0,Yes
Danielle Griffin,27.0,Sales,53800.0,4.0,No
Sara Lawson,32.0,Engineering,84500.0,8.0,Yes
Steven Boyd,57.0,Sales,66300.0,11.0,Yes
Philip Jackson,37.0,Customer Support,59400.0,9.0,Yes
Crystal Collins,22.0,Engineering,79900.0,1.0,No
Steven Howard,38.0,IT,94900.0,14.0,Yes
Amber Johnson,36.0,IT,74500.0,7.0,Yes
Kathy Bailey,24.0,Customer Support,46200.0,2.0,No
Ms. Kayla Williams,31.0,Operations,63400.0,6.0,Yes
Rhonda Willis,,HR,63900.0,8.0,Yes
Bryan Moore,31.0,IT,72600.0,4.0,Yes
Cathy Robinson,40.0,Engineering,84500.0,14.0,Yes
Timothy White,35.0,Customer Support,52200.0,9.0,No
Linda Johnson,31.0,Operations,54100.0,4.0,Yes
Keith Solis,22.0,IT,68600.0,,No
Ashley Norman,46.0,Marketing,74900.0,13.0,Yes
Dale Beck,23.0,Customer Support,32400.0,1.0,No
Brianna Martinez,30.0,Sales,54900.0,6.0,Yes
Ronnie Medina,43.0,Engineering,86300.0,9.0,Yes
Jared Chan,31.0,Customer Support,51000.0,5.0,Yes
Tara Jones,27.0,HR,52900.0,5.0,No
Justin Saunders,26.0,Customer Support,55900.0,3.0,Yes
Brian Vaughn,21.0,HR,45300.0,0.0,No
Sean Kaiser,43.0,IT,77400.0,8.0,Yes
Ryan Salazar,25.0,Sales,54300.0,1.0,No
Erin Brown,29.0,Sales,58500.0,5.0,Yes
Jason Blackwell,26.0,Engineering,64600.0,2.0,No
Alyssa Day,52.0,IT,105300.0,22.0,Yes
Arthur Golden,41.0,IT,107500.0,14.0,
Shane Henderson,45.0,Engineering,105700.0,17.0,Yes
Jane Edwards,21.0,HR,,0.0,No
Christopher Rodriguez,31.0,Operations,62700.0,8.0,Yes
Alison Short,44.0,Sales,,17.0,Yes
Maria Gonzalez,46.0,Marketing,85900.0,14.0,Yes
Jay Gallegos,33.0,IT,,6.0,No
Deborah Gregory,33.0,Marketing,65600.0,7.0,Yes
Amanda Hess,34.0,IT,77200.0,5.0,Yes
Angela Jackson,49.0,Engineering,115500.0,23.0,Yes
Joshua Russell,,Sales,,8.0,No
Phillip Kent,33.0,Engineering,97000.0,9.0,Yes
Jessica Smith,34.0,IT,84200.0,11.0,Yes
Raymond Barber,42.0,Sales,71000.0,12.0,Yes
Samantha Hale,42.0,Engineering,90500.0,11.0,Yes
Mary Houston,21.0,IT,76300.0,0.0,No
Jamie Galloway,23.0,Marketing,60600.0,1.0,No
Allison Cowan,21.0,IT,69700.0,0.0,No
Megan Allison,39.0,Operations,72200.0,12.0,Yes
Lauren Coleman,,Finance,68000.0,5.0,No
Allen White,33.0,Sales,55200.0,5.0,No
Patrick Gibson,37.0,Customer Support,44300.0,8.0,Yes
Franklin Harris,27.0,Operations,51200.0,2.0,Yes
Cynthia Shaw,25.0,Sales,54000.0,2.0,No
Mrs. Tonya Byrd,38.0,Engineering,88800.0,6.0,No
Michael Gonzalez,36.0,IT,81000.0,9.0,
Katherine Dunn,34.0,HR,60400.0,8.0,Yes
Heather Smith,21.0,Finance,55300.0,0.0,No
Sandra Alvarez,33.0,Sales,64300.0,10.0,Yes
Henry Huerta,41.0,Operations,74500.0,10.0,Yes
Mr. Edward Terry,24.0,HR,52100.0,2.0,No
Molly Watts,46.0,IT,75900.0,8.0,No
Edward Tucker,34.0,IT,83200.0,6.0,Yes
Cody Conley,30.0,Marketing,67500.0,5.0,No
Jeffery Long,21.0,Engineering,62600.0,0.0,No
Janet Larson,40.0,Finance,75500.0,10.0,Yes
Melissa Abbott,30.0,Finance,56400.0,3.0,No
Dawn Summers,33.0,Customer Support,55500.0,7.0,Yes
Daniel Campbell,22.0,Engineering,73100.0,0.0,No
Austin Baker,38.0,Customer Support,50800.0,7.0,No
Micheal Pugh,40.0,Sales,69000.0,15.0,Yes
Julie Herrera,33.0,HR,43100.0,5.0,No
Jessica Doyle,46.0,Sales,58800.0,9.0,Yes
Kevin Guerra,39.0,IT,81900.0,9.0,Yes
Logan Massey,40.0,Finance,90100.0,15.0,Yes
Randy Friedman,38.0,Customer Support,55900.0,8.0,Yes
Richard Rodriguez,22.0,Finance,62800.0,1.0,No
Kathryn Fletcher,31.0,Engineering,75400.0,4.0,Yes
James Gilbert,43.0,Sales,58100.0,9.0,No
Jeffrey Mendez,33.0,IT,87600.0,8.0,Yes
Michael Smith,21.0,Finance,52500.0,0.0,No
Edward Guzman,41.0,Sales,62100.0,8.0,Yes
James Martin,21.0,Operations,51700.0,0.0,No
Shannon Cain,26.0,IT,73600.0,3.0,No
Kenneth Knight,39.0,IT,93600.0,12.0,Yes
Victoria Garcia,31.0,Sales,71400.0,8.0,Yes
Alexandra Ramos,41.0,Finance,76100.0,7.0,No
Diane Hughes,28.0,Customer Support,50500.0,4.0,Yes
Claudia Brooks,44.0,Sales,74600.0,17.0,Yes
Charles Yang,51.0,Operations,82100.0,11.0,Yes
Matthew Schwartz,36.0,Operations,64300.0,6.0,No
Mr. Lawrence Edwards,35.0,Engineering,86700.0,8.0,Yes
Matthew Mclaughlin PhD,30.0,Customer Support,54500.0,4.0,No
Angel Rojas,38.0,Marketing,70200.0,7.0,Yes
Kristen Ramirez,36.0,Engineering,87400.0,5.0,No
Daniel Bush,31.0,IT,79500.0,7.0,No
Donald Smith,31.0,Engineering,92700.0,6.0,Yes
Nicholas Humphrey,27.0,Sales,50600.0,4.0,No
Joshua Cooke,34.0,Customer Support,62200.0,7.0,Yes
Donald Cole,29.0,Sales,61900.0,7.0,No
Ashlee Lopez,35.0,Engineering,87200.0,11.0,Yes
Timothy Chavez,31.0,IT,77500.0,8.0,Yes
Robert Lozano,32.0,IT,81400.0,,Yes
Christopher Long,29.0,Marketing,66800.0,5.0,No
Danielle Murray,46.0,HR,51500.0,8.0,Yes
Aaron Boyd,33.0,Marketing,60200.0,4.0,No
Katelyn Curry,52.0,Engineering,92300.0,10.0,Yes
Laura Clarke,21.0,Engineering,72000.0,0.0,No
Kristen Larson,,IT,74400.0,7.0,Yes
Jamie Bond,37.0,Sales,64600.0,9.0,Yes
Adam Brooks,,IT,72600.0,10.0,Yes
Grace Miller,50.0,HR,66200.0,12.0,Yes
Christopher Burnett,36.0,IT,84700.0,12.0,Yes
Brandon Baker,35.0,Customer Support,54300.0,10.0,Yes
Ronald Juarez,27.0,Marketing,60100.0,3.0,No
Mrs. Virginia Daniels,39.0,Sales,56600.0,6.0,Yes
Richard Turner,50.0,IT,107600.0,,Yes
Antonio Garcia,28.0,Sales,66000.0,6.0,Yes
Michael Cortez,,Sales,60600.0,2.0,No
Shannon Cowan,31.0,Marketing,59500.0,3.0,No
Ethan Russell Jr.,43.0,Customer Support,62100.0,17.0,Yes
Mitchell Griffith,44.0,HR,69000.0,16.0,Yes
Brent Garcia,29.0,Engineering,86800.0,6.0,No
Nancy Jones,53.0,Operations,75500.0,19.0,Yes
Julie Martinez,24.0,HR,58300.0,2.0,No
Sherry Woods,,IT,69000.0,7.0,Yes
Connor Dominguez,36.0,IT,,12.0,Yes
Douglas Ryan,48.0,IT,112600.0,21.0,Yes
Jennifer Griffin,44.0,HR,71300.0,13.0,Yes
Michael Graham,38.0,Operations,65800.0,11.0,Yes
Robin York,40.0,Operations,77800.0,,Yes
Kimberly Flores,25.0,IT,72300.0,2.0,No
John Erickson,42.0,Engineering,82500.0,8.0,Yes
Amanda Conley,,Operations,63600.0,3.0,No
Ryan Alvarez,27.0,Operations,55300.0,4.0,Yes
Kayla Moore,,Engineering,107900.0,11.0,Yes
Carly Riggs,41.0,Engineering,96300.0,14.0,Yes
Natalie Martinez,44.0,Engineering,85200.0,8.0,Yes
Nicole Anderson,45.0,Marketing,70100.0,10.0,Yes
Susan Matthews,38.0,Engineering,93700.0,8.0,Yes
Jason Rhodes,35.0,Engineering,85100.0,7.0,Yes
Laurie Goodwin,39.0,Engineering,85900.0,10.0,Yes
Christian Garcia,48.0,Engineering,110400.0,19.0,Yes
Theresa Clark,21.0,Engineering,70600.0,0.0,No
Brent Stephens,35.0,Engineering,79400.0,6.0,No
Anna Cantu,35.0,Sales,67400.0,9.0,Yes
Brenda Gonzalez,32.0,Engineering,89300.0,8.0,Yes
Kelly Andersen,47.0,IT,94600.0,21.0,Yes
Steven Stein,44.0,Engineering,98400.0,18.0,Yes
Angel Lewis,36.0,Sales,58800.0,9.0,
Jamie Zhang,27.0,Marketing,59400.0,4.0,No
Lori Steele,23.0,IT,60000.0,1.0,No
Sara Hamilton,49.0,Customer Support,59000.0,13.0,Yes
Devin Ferrell,31.0,IT,67700.0,5.0,No
John Stewart,38.0,Sales,73200.0,12.0,Yes
David Mitchell,40.0,IT,88400.0,7.0,No
Kelly Williams,41.0,HR,73500.0,9.0,Yes
Michelle Mcdowell,26.0,Marketing,60500.0,2.0,No
Tammy Morris,36.0,IT,86400.0,6.0,Yes
Alexander Garrett,39.0,Operations,53900.0,6.0,No
Jeffery Ortega,,Marketing,68600.0,4.0,Yes
Michael Williams,40.0,Engineering,89200.0,8.0,No
Marilyn Wang,41.0,Engineering,84100.0,10.0,Yes
Kelly Beck,44.0,HR,76900.0,16.0,Yes
Catherine Davis,36.0,HR,49000.0,11.0,Yes
Michael Sims,35.0,Marketing,55000.0,9.0,Yes
Keith Horton,37.0,Customer Support,50100.0,5.0,No
Douglas Watkins,47.0,HR,61400.0,15.0,Yes
Donna Howell,33.0,IT,69000.0,6.0,No
Robert Chapman,49.0,IT,89400.0,10.0,Yes
Richard Wilson,28.0,Customer Support,36600.0,3.0,No
Jon Russo,49.0,Sales,75700.0,15.0,Yes
Amanda Anderson,30.0,Engineering,85100.0,6.0,No
Eric Russell,35.0,Finance,74500.0,9.0,Yes
Tiffany Peterson,29.0,Customer Support,49600.0,6.0,Yes
Mr. Joseph Bush,33.0,Sales,65900.0,8.0,Yes
David Murphy,27.0,Finance,70500.0,3.0,No
Samantha Garcia,57.0,Finance,,29.0,Yes
Sarah Taylor,35.0,Marketing,69900.0,8.0,Yes
Richard Stuart,47.0,Marketing,69100.0,10.0,Yes
Bethany Neal,27.0,Sales,55900.0,4.0,Yes
Mr. Don Flores,40.0,Sales,83600.0,15.0,Yes
Patrick Huerta,32.0,IT,75100.0,6.0,Yes
Olivia Gonzalez,27.0,Operations,54800.0,4.0,Yes
Jennifer Hurley,31.0,Operations,60600.0,4.0,No
Ashley Sullivan,33.0,Marketing,66000.0,7.0,Yes
Andrew Potter,30.0,HR,57900.0,7.0,No
Mary Richardson,37.0,Engineering,81700.0,7.0,Yes
Erika Maxwell,38.0,Customer Support,51600.0,9.0,Yes
Ashley Brown,30.0,Engineering,81600.0,6.0,No
Deborah Garza,30.0,HR,51900.0,6.0,No
Mark Meyer,27.0,Marketing,49200.0,2.0,No
Kevin Gregory,21.0,Sales,47200.0,0.0,No
Michael Flowers,23.0,HR,37200.0,2.0,No
Lawrence Martin,27.0,Engineering,73100.0,2.0,No
Phillip King,35.0,Sales,70000.0,9.0,Yes
Kevin Hansen,32.0,Marketing,55400.0,4.0,No
Susan Porter,35.0,Engineering,89000.0,10.0,Yes
Erica Alvarez,38.0,Operations,68600.0,8.0,Yes
Brittany Farley,29.0,Engineering,78400.0,4.0,No
Elizabeth Owens,29.0,Customer Support,54600.0,5.0,No
Danielle Thornton,32.0,Operations,56100.0,6.0,Yes
James Chapman,52.0,IT,92300.0,12.0,Yes
Mario Green,27.0,Engineering,92600.0,4.0,Yes
Brittany Clements MD,23.0,Sales,54000.0,1.0,No
Michelle Mcneil,21.0,Finance,65000.0,0.0,No
David Perkins,21.0,HR,45700.0,0.0,No
Ronald Garcia,45.0,Operations,85900.0,17.0,Yes
Casey Ferguson,39.0,Engineering,101100.0,13.0,Yes
Phillip Scott,26.0,IT,72300.0,2.0,No
Gavin Howell,51.0,Operations,82900.0,17.0,Yes
Joshua Vance,35.0,Customer Support,50100.0,5.0,No
Marc Brown,31.0,Sales,63900.0,5.0,Yes
William Lewis,46.0,IT,101600.0,20.0,Yes
Ana Thomas,28.0,Customer Support,49700.0,5.0,No
Alexander Davis,34.0,IT,75900.0,6.0,No
Daniel Graham,26.0,Finance,70800.0,4.0,No
Scott Nunez,35.0,Customer Support,56900.0,9.0,Yes
Parker Brown,47.0,IT,93100.0,13.0,Yes
Diana Myers,36.0,Finance,81700.0,11.0,Yes
Heather Hughes,21.0,Engineering,81700.0,0.0,No
Kathy Hull,36.0,Finance,,11.0,Yes
Michael Preston,32.0,Engineering,89100.0,9.0,Yes
Joanna Bradshaw,27.0,IT,63900.0,3.0,No
Rhonda Simmons,45.0,Engineering,98500.0,,Yes
Robert Rogers,46.0,Engineering,95100.0,9.0,Yes
Derrick Ramirez,39.0,Finance,74100.0,9.0,Yes
Nicholas Fitzgerald,32.0,Engineering,78400.0,4.0,No
Jeanette Garcia,27.0,Finance,61900.0,5.0,No
Alexander Collins,41.0,Marketing,74100.0,9.0,Yes
James Perez,26.0,Sales,61800.0,4.0,No
Sandra Lee,28.0,IT,72800.0,4.0,No
Tiffany Hood,36.0,Finance,80800.0,12.0,Yes
Joshua Miranda,34.0,HR,62500.0,8.0,No
Alexandra Holmes,33.0,IT,79000.0,8.0,Yes
Kimberly Wilson,34.0,Marketing,,6.0,No
Christopher Bass,38.0,Engineering,88000.0,12.0,Yes
Kevin Berry,44.0,Finance,68700.0,7.0,Yes
Todd Perry,49.0,Operations,74400.0,19.0,Yes
David Davis,30.0,Finance,69100.0,7.0,Yes
Jeremy Ross,34.0,Customer Support,42800.0,8.0,No
Crystal Hernandez,31.0,Finance,72400.0,3.0,Yes
Jared Smith,45.0,Sales,87100.0,20.0,Yes
Shawn Doyle,26.0,Engineering,69400.0,2.0,No
Anthony Washington,33.0,Engineering,78100.0,7.0,Yes
Brenda Payne,40.0,Engineering,85200.0,11.0,
Antonio Cole,29.0,HR,39100.0,2.0,No
Rebecca Boone,42.0,IT,84100.0,9.0,No
Fred Smith,37.0,Sales,63300.0,6.0,Yes
Tonya Campbell,,Engineering,88800.0,6.0,Yes
Mary Johnson,50.0,Engineering,109600.0,16.0,Yes
Donna Taylor,29.0,Finance,61200.0,4.0,Yes
Michael Suarez,30.0,Customer Support,48800.0,7.0,Yes
Kristen Gallegos,43.0,Sales,56400.0,8.0,Yes
Kevin Stokes,37.0,Customer Support,54500.0,11.0,Yes
Michael Leonard,21.0,Finance,49900.0,0.0,No
Krystal Jones,35.0,Sales,73200.0,,Yes
Elizabeth Hart,29.0,IT,72800.0,,No
Joshua Anderson,45.0,IT,87100.0,17.0,Yes
Samuel Lee,37.0,IT,74300.0,8.0,Yes
James Padilla,52.0,HR,77400.0,13.0,Yes
Jasmine Martin,30.0,Customer Support,45500.0,4.0,No
Chad Cortez,21.0,Engineering,63600.0,0.0,No
Nicole Gutierrez,34.0,Operations,55600.0,7.0,No
Beth Sanchez,22.0,Engineering,87900.0,0.0,
Anthony Wright,33.0,Engineering,83500.0,7.0,Yes
Courtney Briggs,28.0,Engineering,82600.0,5.0,No
Sharon Barajas,25.0,Customer Support,42600.0,3.0,Yes
Karen Hughes,46.0,Customer Support,51300.0,12.0,Yes
Laura Robertson,34.0,IT,83800.0,8.0,Yes
Matthew Farmer,21.0,Customer Support,40300.0,0.0,No
Julian Williams,47.0,IT,94200.0,16.0,Yes
Cristian Smith,35.0,Finance,75000.0,9.0,Yes
Elizabeth Miller,33.0,Engineering,97500.0,7.0,Yes
Christopher Lopez,21.0,Sales,43600.0,0.0,No
Dana Bennett,28.0,Finance,69500.0,,Yes
Jorge Stone,45.0,Marketing,64000.0,7.0,No
Linda French,25.0,IT,65900.0,2.0,No
William Weber,33.0,Engineering,87500.0,5.0,No
Jennifer Cummings,31.0,Engineering,78200.0,6.0,Yes
Casey Foster,37.0,Customer Support,55400.0,6.0,No
David Baker,33.0,Marketing,59800.0,4.0,No
Laura Griffin,29.0,Sales,56000.0,4.0,Yes
Vincent Reeves,21.0,Finance,57100.0,0.0,No
Kevin Escobar,45.0,IT,94200.0,15.0,Yes
Michael Parker,39.0,Customer Support,56700.0,10.0,Yes
David Morrison,33.0,Operations,,7.0,Yes
Marissa Bennett,44.0,IT,99200.0,20.0,Yes
Matthew Valencia,33.0,HR,54300.0,5.0,No
Kristi Jordan,21.0,Engineering,,0.0,No
Pamela Boyd,38.0,HR,51300.0,9.0,Yes
William Ramos,39.0,Customer Support,47900.0,8.0,Yes
Daniel Reynolds,23.0,Operations,46800.0,1.0,No
Crystal Hernandez,37.0,Engineering,93500.0,11.0,Yes
Julie Thompson,41.0,Customer Support,46400.0,10.0,Yes
Sharon Boyd,22.0,HR,53200.0,0.0,No
Rebecca Lee,31.0,IT,69900.0,5.0,Yes
Travis Hughes,33.0,Sales,71800.0,8.0,Yes
Antonio Walton,38.0,Operations,,6.0,No
Shane Short,33.0,Customer Support,41500.0,,Yes
Teresa Carter,30.0,Sales,46500.0,5.0,Yes
Jessica Smith,28.0,IT,77100.0,,No
Eileen Valdez,38.0,Marketing,52900.0,6.0,No
Adam Jackson,23.0,Marketing,63400.0,1.0,No
Dr. Lisa Ramos,32.0,Engineering,94900.0,8.0,Yes
Cameron Torres,24.0,Sales,47800.0,2.0,No
Eric Hall,55.0,Marketing,104700.0,29.0,Yes
Dr. Paul Olson,36.0,IT,78700.0,6.0,Yes
Daniel Mercer,44.0,Engineering,,7.0,Yes
Dr. Steve James,26.0,Engineering,71100.0,4.0,Yes
Brian Fuentes,38.0,IT,79300.0,9.0,Yes
Sharon Hicks,28.0,Sales,,4.0,No
Paul Estrada,36.0,Finance,65300.0,9.0,Yes
Allison Gilbert,31.0,IT,81900.0,8.0,Yes
Carla Reid DDS,30.0,Marketing,63200.0,6.0,No
Christopher Morris,40.0,HR,66200.0,16.0,Yes
Darrell Wong,27.0,Customer Support,51000.0,4.0,No
Joshua Navarro,41.0,Customer Support,58700.0,9.0,Yes
Todd Sherman,21.0,IT,73200.0,0.0,No
Frederick Mejia,44.0,HR,62800.0,10.0,Yes
Lacey Graves,36.0,HR,50600.0,5.0,No
Lisa Gibson,33.0,Engineering,80400.0,6.0,Yes
Michele Holland,31.0,IT,76900.0,7.0,Yes
Elizabeth Hill,33.0,IT,77100.0,6.0,Yes
Lisa Harris,,Sales,54300.0,5.0,Yes
Jamie Baird,37.0,Operations,64100.0,5.0,No
Mr. Michael Peters,40.0,Engineering,99500.0,13.0,Yes
Tammy Moore,48.0,Engineering,97300.0,10.0,Yes
Jesse Tucker,52.0,Engineering,107300.0,19.0,Yes
Jennifer Smith,31.0,Finance,80800.0,6.0,Yes
Alexandra Lyons,36.0,Engineering,84000.0,7.0,Yes
Sandra Casey,54.0,Sales,86000.0,26.0,Yes
Joseph Haynes,34.0,Customer Support,64100.0,8.0,Yes
Patricia Mitchell,24.0,Customer Support,50700.0,1.0,No
Monica Herrera,31.0,Engineering,84200.0,7.0,Yes
Tanya Hill,46.0,Sales,68300.0,9.0,Yes
Robert Savage,47.0,IT,109700.0,22.0,Yes
Heather Montes,26.0,IT,63200.0,4.0,Yes
John Ortega,28.0,Engineering,80500.0,4.0,Yes
Tracy Harrington,46.0,Operations,,8.0,Yes
Joseph Smith,39.0,Customer Support,51800.0,9.0,Yes
Melissa Nguyen DVM,38.0,HR,65800.0,9.0,Yes
Antonio Nichols,40.0,Marketing,65700.0,12.0,Yes
Elizabeth Wilson,41.0,Engineering,89800.0,10.0,Yes
Heidi Baldwin,42.0,Customer Support,,10.0,No
Paul Nguyen,33.0,Customer Support,49300.0,8.0,Yes
Angela Parker,34.0,Marketing,70100.0,8.0,Yes
Cynthia Taylor,42.0,Sales,,15.0,Yes
Jeffrey Taylor,43.0,Finance,88400.0,14.0,Yes
Mark Decker,37.0,IT,75600.0,5.0,Yes
Mr. Antonio Yang,,Operations,62000.0,12.0,Yes
Susan Baker,40.0,Sales,71200.0,13.0,Yes
Nicholas Abbott,30.0,Marketing,59500.0,7.0,Yes
Michael Arias,,HR,59900.0,11.0,Yes
Douglas Rose,,IT,96400.0,15.0,Yes
Jennifer White,32.0,Marketing,70400.0,9.0,Yes
Douglas Lopez,42.0,Operations,61500.0,8.0,Yes
Laura Singleton,27.0,Sales,50300.0,2.0,No
Allison Rice,26.0,Sales,56300.0,3.0,No
Lisa Goodwin,23.0,Sales,52900.0,1.0,No
Michelle Wilson,36.0,Finance,78500.0,12.0,Yes
Melissa Goodman,30.0,Engineering,,5.0,No
Elizabeth Hunter,44.0,Marketing,73600.0,8.0,Yes
Ryan Pierce,39.0,Sales,71300.0,6.0,No
Paul Anderson,33.0,IT,80300.0,6.0,No
Katherine Stark,41.0,Engineering,99200.0,16.0,Yes
Richard Rogers,,Finance,78100.0,9.0,Yes
Joseph Hill,38.0,HR,58900.0,7.0,Yes
Trevor Sparks,36.0,Marketing,77500.0,8.0,No
James Schaefer,46.0,Operations,72300.0,15.0,Yes
Steven Flores,49.0,IT,113900.0,23.0,Yes
Amber Walker,27.0,Operations,63200.0,4.0,No
Kyle Blake,40.0,Operations,62000.0,9.0,Yes
Shannon Sosa,30.0,Engineering,77800.0,5.0,Yes
Chad King,36.0,,64200.0,10.0,No
Mario White,37.0,Engineering,97500.0,9.0,Yes
Jose Lawrence,21.0,Sales,42900.0,0.0,No
Matthew Watts,39.0,,82100.0,11.0,Yes
Barbara Glover,26.0,Engineering,81800.0,4.0,Yes
Colleen Cruz,41.0,Engineering,95400.0,12.0,Yes
Michelle Sanders,41.0,IT,90500.0,13.0,Yes
Sophia Dawson,39.0,Marketing,71100.0,8.0,Yes
Tony Smith,36.0,Finance,79200.0,13.0,Yes
Timothy Sexton,34.0,IT,83300.0,11.0,Yes
Mandy Henderson,29.0,Engineering,75700.0,5.0,No
Tony Ramsey,34.0,IT,69200.0,4.0,Yes
Christine Parker,37.0,Customer Support,49000.0,5.0,Yes
Kimberly Ryan,41.0,IT,79400.0,10.0,Yes
Tracy Atkins,54.0,Engineering,124900.0,26.0,Yes
Dawn Garrett,48.0,Engineering,112700.0,20.0,Yes
Lisa Johnson,34.0,Finance,66400.0,4.0,Yes
Jennifer Brown,37.0,Customer Support,51100.0,6.0,Yes
Amy Diaz,43.0,IT,95800.0,18.0,Yes
Mr. Richard Knight PhD,51.0,Engineering,100000.0,,Yes
Lisa Long,35.0,Engineering,90700.0,8.0,Yes
Denise Martinez,55.0,Engineering,113700.0,25.0,Yes
Carol Gay,38.0,IT,77700.0,6.0,No
Victoria Juarez,38.0,Finance,77600.0,6.0,Yes
Monica Oconnor,23.0,Sales,53000.0,2.0,No
Bethany Baxter MD,21.0,Sales,49400.0,0.0,No
Michael Cruz,38.0,Sales,,6.0,Yes
Rhonda Clark,21.0,Sales,60900.0,0.0,No
Olivia Carter,41.0,IT,72700.0,7.0,Yes
Valerie Lopez,43.0,IT,,12.0,Yes
Samantha Douglas,37.0,,73800.0,9.0,Yes
Melanie Preston,25.0,HR,41100.0,2.0,Yes
Theresa Colon,24.0,Engineering,78600.0,,No
Kenneth Reynolds,21.0,Marketing,44100.0,0.0,No
James Weaver,42.0,Engineering,82300.0,8.0,Yes
Victoria Webb,26.0,IT,71000.0,3.0,No
Corey Pacheco,41.0,Engineering,83200.0,9.0,Yes
Charles Garcia,48.0,Operations,69900.0,13.0,Yes
Dylan Patel,57.0,Sales,100900.0,21.0,Yes
Susan Hogan,50.0,HR,74100.0,20.0,Yes
Joshua Mcbride,30.0,Marketing,54600.0,5.0,No
Debbie Carrillo,40.0,Sales,79500.0,16.0,Yes
Jennifer Avila,39.0,HR,67500.0,13.0,Yes
Joseph Woodward,21.0,Marketing,57700.0,0.0,No
Justin Yu,38.0,IT,82800.0,10.0,Yes
Jennifer Sullivan,30.0,Operations,,5.0,Yes
Phillip Berry,23.0,IT,81500.0,2.0,No
Kathleen Marshall,40.0,Marketing,59500.0,9.0,Yes
Eric Moore,21.0,Finance,60000.0,0.0,No
Danielle Wilson,34.0,Marketing,68700.0,10.0,Yes
Carlos Miller,54.0,HR,85800.0,21.0,Yes
Tamara Riddle,37.0,Sales,67000.0,9.0,Yes
Joseph Sullivan,33.0,Marketing,66600.0,7.0,Yes
Deborah Stewart,25.0,HR,45600.0,1.0,No
Kiara Preston,33.0,Sales,55500.0,6.0,Yes
Mario Peters,30.0,Finance,68600.0,4.0,Yes
Jill Taylor,45.0,Operations,69800.0,17.0,Yes
Frank Todd,27.0,Sales,55000.0,4.0,No
Kevin Davis,45.0,Marketing,81900.0,18.0,Yes
Cindy Williams,21.0,IT,65700.0,0.0,No
Donna Beck,35.0,Finance,71600.0,8.0,Yes
Kenneth Snyder,40.0,Finance,87900.0,14.0,Yes
Michael Serrano,43.0,Marketing,73000.0,13.0,Yes
Scott Hernandez,39.0,Engineering,82100.0,8.0,Yes
Pam Miller,35.0,Marketing,70100.0,5.0,Yes
Erin Warner,23.0,Engineering,67300.0,1.0,No
Vanessa Morris,31.0,Operations,60000.0,4.0,Yes
Pamela Jordan,24.0,Customer Support,42500.0,2.0,No
Samantha Parker,49.0,IT,94500.0,,Yes
Mackenzie Price DDS,41.0,Sales,76000.0,16.0,Yes
Cory Thomas,27.0,Finance,58300.0,2.0,No
Elizabeth Nicholson,25.0,Finance,59700.0,2.0,No
Jason Norris,31.0,Marketing,51600.0,4.0,No
Joe Martinez,33.0,IT,82900.0,6.0,No
Jonathan York,40.0,,68200.0,7.0,Yes
Adam Holland,30.0,Finance,66700.0,3.0,No
Erik Delacruz,,Engineering,100700.0,13.0,Yes
Cheryl Jackson,30.0,Sales,59000.0,4.0,No
Richard Beasley,47.0,Engineering,83400.0,9.0,Yes
David Rodriguez,42.0,Sales,77900.0,16.0,Yes
Tina Dougherty,21.0,Engineering,81100.0,0.0,No
Pamela Diaz,30.0,IT,64000.0,4.0,No
Monica Smith,36.0,Marketing,72700.0,7.0,Yes
Leslie Bauer,42.0,Engineering,88200.0,7.0,No
Jacob Kennedy,31.0,Marketing,69600.0,7.0,No
David Torres,21.0,IT,62900.0,0.0,No
Nicholas Chung,46.0,HR,77600.0,16.0,Yes
Andrew Harris,56.0,Finance,101100.0,25.0,Yes
Thomas Peterson,37.0,Finance,85400.0,10.0,Yes
Emily Morris,37.0,Finance,78800.0,6.0,Yes
Desiree Jimenez,35.0,Engineering,84200.0,,Yes
Erin Ortega,53.0,HR,73300.0,12.0,Yes
Sean Mendez,26.0,HR,51700.0,3.0,No
Katherine Phillips,21.0,Customer Support,35200.0,0.0,No
Arthur Krueger,32.0,Operations,,5.0,No
Jeffrey Hall,41.0,Sales,74900.0,15.0,Yes
Cynthia Morris,37.0,Operations,76900.0,14.0,Yes
Courtney Sanders,37.0,Sales,76000.0,12.0,Yes
Christopher Powell,37.0,Marketing,53300.0,6.0,No
Stephanie Smith,38.0,Sales,66000.0,10.0,Yes
Dana Savage,39.0,Operations,55300.0,7.0,Yes
Andrea Taylor,34.0,Sales,48800.0,5.0,Yes
Robert Jones,33.0,Engineering,100700.0,10.0,Yes
Sara Fuller,40.0,Customer Support,47100.0,8.0,Yes
Mary Lewis,26.0,Marketing,54200.0,2.0,No
John Ward,33.0,Finance,67000.0,5.0,No
Mike Buchanan,35.0,IT,72500.0,6.0,No
Gary Chavez,31.0,IT,83500.0,3.0,No
Michael Johnson,47.0,,80600.0,22.0,Yes
Mark Weaver,38.0,HR,,14.0,Yes
Jeffrey Ford,24.0,IT,68500.0,2.0,No
Nicholas Holland Jr.,46.0,IT,86300.0,10.0,Yes
Matthew Moon,34.0,Operations,62700.0,5.0,Yes
Amanda Shelton,37.0,Engineering,98900.0,13.0,Yes
Ashley Mills,31.0,IT,75800.0,7.0,Yes
Jody Rice,48.0,Marketing,,20.0,Yes
Lisa Cervantes,43.0,Engineering,103200.0,16.0,Yes
Kelli Mccoy,54.0,,87600.0,22.0,Yes
Jamie Walton,27.0,Customer Support,53700.0,3.0,No
Luke Hansen,27.0,Operations,59400.0,,Yes
Adrian Morris,34.0,IT,80300.0,5.0,No
Aimee Gonzalez,33.0,Marketing,74100.0,8.0,No
Jeffrey Howell,28.0,IT,78500.0,5.0,Yes
Chad Thornton,42.0,Operations,65000.0,8.0,Yes
Ryan Palmer,32.0,Sales,67200.0,7.0,Yes
Karen Fernandez,29.0,Finance,68600.0,6.0,No
Scott Brown,27.0,Customer Support,40300.0,4.0,No
Diane Brown,30.0,Finance,69800.0,7.0,Yes
Marcus King,28.0,Engineering,81500.0,4.0,No
Alexis Olsen,39.0,Customer Support,54500.0,8.0,Yes
Christine Zavala,32.0,Marketing,63500.0,8.0,Yes
Caitlin Wilson,43.0,IT,83200.0,10.0,Yes
Valerie Gonzalez,41.0,IT,74100.0,10.0,Yes
Stephanie Colon,49.0,HR,67000.0,12.0,Yes
Zachary Michael,21.0,HR,42000.0,0.0,No
Sara Stuart,56.0,Sales,89200.0,23.0,Yes
Jill Smith DDS,42.0,Finance,89900.0,14.0,Yes
Tonya Alexander,46.0,HR,70700.0,,Yes
Lori Valentine,30.0,Operations,56000.0,7.0,Yes
Mary Compton,46.0,Sales,66300.0,9.0,Yes
James Peck,29.0,Finance,,7.0,Yes
Chelsea Gill,46.0,Operations,81800.0,16.0,Yes
Ryan Carpenter,40.0,Customer Support,74900.0,16.0,Yes
Jennifer Mendoza,31.0,Customer Support,46500.0,4.0,Yes
Nancy Brown,42.0,HR,52700.0,9.0,Yes
Colton Williams,35.0,Operations,50700.0,4.0,No
Justin Walker,25.0,HR,52600.0,2.0,Yes
Steven Small,37.0,HR,70000.0,11.0,Yes
Jacob Allen,22.0,HR,52500.0,1.0,No
Joan Wilson,27.0,HR,57900.0,4.0,Yes
Rodney Avila,35.0,Finance,68100.0,5.0,Yes
Jill Reynolds,34.0,Sales,68200.0,6.0,Yes
Kristin Brown,21.0,Sales,39400.0,0.0,No
Kelly Johnston,23.0,Sales,57600.0,1.0,
Patricia Boyd,22.0,Engineering,,1.0,No
Joseph Meyers,38.0,IT,88100.0,6.0,No
Kelsey Lewis,24.0,Sales,54800.0,2.0,Yes
Kimberly Jones,38.0,Sales,70800.0,14.0,Yes
Stacey Howe,28.0,Sales,55900.0,5.0,Yes
Nichole Klein,33.0,Engineering,86600.0,4.0,Yes
Corey Johnson,41.0,Sales,80000.0,14.0,Yes
James Dudley,43.0,Sales,72600.0,13.0,Yes
Jessica Lowery,29.0,Engineering,90100.0,5.0,No
Suzanne Bailey,33.0,Sales,53100.0,5.0,Yes
Lori Mason,38.0,Operations,59700.0,12.0,Yes
Benjamin Alvarez,34.0,IT,,11.0,Yes
Timothy Jacobs,27.0,Operations,54300.0,3.0,
Daniel Carter,47.0,Engineering,102700.0,18.0,Yes
Christopher Mcdowell,26.0,Engineering,78700.0,4.0,Yes
Dana Stanley,42.0,Operations,64500.0,10.0,Yes
Kim James,33.0,Sales,58200.0,8.0,Yes
Natalie Watson,46.0,Engineering,92600.0,8.0,No
Erica White,38.0,Sales,73300.0,11.0,Yes
Pamela Dixon,35.0,IT,82400.0,8.0,No
Juan Davis,26.0,Marketing,54500.0,2.0,No
Jason Day,,Sales,53900.0,8.0,Yes
John Griffith,27.0,HR,60700.0,5.0,Yes
Kathy Steele,46.0,Marketing,73500.0,14.0,Yes
Mrs. Kimberly Mooney,35.0,Engineering,92200.0,9.0,Yes
Michelle King,38.0,Operations,64500.0,8.0,Yes
Stacey Thomas,38.0,Engineering,87500.0,9.0,Yes
Christina Perez,44.0,HR,67500.0,14.0,Yes
Ashley Parrish,38.0,Operations,66100.0,14.0,Yes
Martin Wilcox,,,63700.0,8.0,Yes
Rebecca Roberts,44.0,Operations,62900.0,9.0,Yes
Erica Moon,24.0,Engineering,77300.0,1.0,Yes
Craig Daniels,31.0,Customer Support,55100.0,8.0,No
Tracey Hogan,29.0,Engineering,77300.0,3.0,No
Sharon Newton,21.0,IT,57900.0,0.0,No
Carol Carter,41.0,Customer Support,71700.0,15.0,Yes
Christopher Smith,,Operations,65400.0,11.0,Yes
Mr. Thomas Garcia,37.0,Sales,55500.0,12.0,Yes
Nicholas Rasmussen,45.0,Sales,74400.0,16.0,Yes
John Bell,40.0,IT,74400.0,7.0,No
Mr. John Decker MD,44.0,IT,85800.0,11.0,Yes
Melinda Hill,33.0,IT,67300.0,6.0,No
Anna Wong,27.0,Operations,52400.0,2.0,No
Amanda Brown,39.0,IT,93500.0,12.0,Yes
Dana Wolfe,43.0,Engineering,109800.0,17.0,Yes
Jonathan Glass MD,22.0,Operations,49600.0,1.0,No
Philip Espinoza,22.0,Operations,50000.0,0.0,No
Carla James,43.0,IT,79500.0,7.0,Yes
Joseph Williams,45.0,Sales,84500.0,17.0,Yes
Michael Kane,50.0,Engineering,92500.0,13.0,Yes
Lonnie Miller,22.0,Customer Support,39900.0,1.0,No
Pamela Walker,,Customer Support,48700.0,7.0,Yes
Andrew Cook,29.0,Sales,62500.0,6.0,No
Jaclyn Watson,32.0,IT,79100.0,8.0,Yes
Crystal Rogers,39.0,Customer Support,62200.0,12.0,Yes
Christine Moran,26.0,IT,66300.0,3.0,No
Ariel Sandoval,29.0,Marketing,67400.0,6.0,No
Deborah Williams,46.0,Sales,77300.0,16.0,Yes
Jaime Walker,34.0,Operations,73000.0,9.0,No
Nicholas Myers,42.0,HR,63800.0,10.0,Yes
Rodney Evans,36.0,Sales,76700.0,9.0,No
Michael Serrano,35.0,Engineering,77900.0,5.0,Yes
James Bradley,39.0,Sales,61000.0,14.0,Yes
Matthew Allen,43.0,Customer Support,73300.0,16.0,Yes
Richard Smith,41.0,IT,86100.0,12.0,Yes
Brittany Mitchell,37.0,Sales,63800.0,7.0,Yes
Ronald Graham,27.0,Marketing,62500.0,,Yes
Adam Arnold,35.0,HR,66800.0,11.0,Yes
Rebecca Hicks,37.0,Customer Support,56000.0,8.0,Yes
Annette Meyer,44.0,Engineering,89700.0,15.0,Yes
John Zamora,42.0,IT,75500.0,8.0,Yes
Brenda Wright,38.0,HR,66300.0,12.0,Yes
Austin Schultz,37.0,Customer Support,53500.0,11.0,Yes
Dr. Michael Evans,24.0,IT,71500.0,2.0,No
Jennifer Brown,41.0,IT,94800.0,15.0,Yes
Alicia Garner,,Engineering,84700.0,10.0,Yes
Patrick Pineda,40.0,Sales,59200.0,11.0,Yes
Bradley Walker,32.0,Operations,60500.0,6.0,No
Linda Johnson,30.0,Sales,66200.0,8.0,No
Robert Thomas,26.0,IT,74600.0,4.0,No
Richard Jackson,29.0,IT,82000.0,5.0,No
Lindsey Robinson,50.0,Engineering,102200.0,18.0,Yes
Richard Bass,30.0,Engineering,76900.0,6.0,Yes
Debra Larson,36.0,Marketing,54100.0,8.0,Yes
Benjamin Smith,33.0,Customer Support,49200.0,8.0,Yes
Dalton Davis,53.0,Operations,70600.0,17.0,Yes
Rebecca Oneill,28.0,Sales,48400.0,4.0,Yes
Jonathan Williams,22.0,Engineering,,0.0,No
Shelia Dixon,31.0,HR,54000.0,6.0,Yes
Kathryn Chavez,28.0,IT,57200.0,4.0,No
Tyler Roy,25.0,IT,72400.0,3.0,No
John Stokes,32.0,Sales,67100.0,,Yes
Ronnie Jenkins,33.0,Marketing,64400.0,5.0,No
Melissa Jensen,38.0,IT,91800.0,14.0,Yes
Kayla Carlson,22.0,Engineering,70200.0,1.0,No
Rachel Norris,53.0,Engineering,105700.0,17.0,Yes
Paul Castaneda,26.0,Engineering,74800.0,3.0,Yes
Tiffany Johnston,38.0,IT,93900.0,13.0,Yes
Jeffrey Lyons,24.0,Sales,51000.0,1.0,
Jessica Walsh,22.0,Sales,43100.0,1.0,No
Deborah Stewart,42.0,Marketing,90000.0,17.0,Yes
William Martinez,33.0,Sales,58200.0,5.0,No
Samuel Keller,33.0,Marketing,51000.0,4.0,No
Casey Hardy,32.0,Engineering,79900.0,4.0,No
Becky Garcia,26.0,IT,74100.0,3.0,Yes
Andres Marshall,21.0,IT,70000.0,0.0,No
James Ray,40.0,Operations,64700.0,6.0,No
Nancy Larson,47.0,IT,99100.0,19.0,Yes
Emily Gamble,46.0,Operations,87800.0,21.0,Yes
Debra Gonzalez,22.0,Sales,52300.0,1.0,No
Erica Porter,41.0,Customer Support,63200.0,13.0,Yes
Jeffrey Scott,41.0,Marketing,74600.0,13.0,Yes
Christopher Taylor,40.0,HR,64700.0,15.0,Yes
Andrea Morris,33.0,IT,78600.0,4.0,No
Elizabeth Sharp,57.0,IT,123300.0,26.0,Yes
Paul Brown,29.0,Finance,68100.0,5.0,Yes
Misty Martinez,38.0,Finance,73500.0,7.0,Yes
Emily Winters,51.0,HR,83000.0,22.0,Yes
Robin Clay,31.0,,88100.0,5.0,Yes
Misty Rice,44.0,Marketing,83600.0,16.0,Yes
Steven Medina,34.0,Customer Support,51600.0,5.0,No
Eugene Price,39.0,Engineering,107300.0,15.0,Yes
Patricia Cannon,36.0,Sales,65400.0,7.0,No
Cheryl Rose,34.0,Sales,60200.0,9.0,Yes
Kurt Hancock,34.0,Finance,60200.0,4.0,No
Pamela Cook,23.0,IT,63000.0,1.0,No
Patricia Rodriguez,21.0,Engineering,77500.0,0.0,No
Darlene Sanchez,60.0,Engineering,109600.0,15.0,Yes
Denise Davenport,39.0,Sales,74200.0,14.0,Yes
Sonya Jackson,54.0,Marketing,79500.0,13.0,Yes
Nathan Wilson,,Finance,,5.0,Yes
Caleb Rodriguez,39.0,Engineering,93000.0,12.0,Yes
Alexis Harris,,,81600.0,11.0,Yes
Sharon Mann,50.0,Engineering,90700.0,10.0,Yes
Stephen Walker,42.0,Finance,71200.0,11.0,Yes
Rachael Flores,38.0,Engineering,92000.0,6.0,No
Nicholas Rush,36.0,Operations,64600.0,9.0,No
Clayton May,36.0,IT,77000.0,8.0,Yes
Ronnie Martinez,21.0,Marketing,57000.0,0.0,No
Manuel Smith,23.0,Operations,46000.0,1.0,No
Juan Johnson,40.0,Sales,71200.0,9.0,Yes
Samantha Jones,26.0,Finance,60000.0,3.0,No
Ashley Campbell,30.0,Customer Support,49600.0,7.0,Yes
Karen White,37.0,Marketing,67200.0,8.0,Yes
Andrew Carter,23.0,Sales,55400.0,1.0,No
Gary Rodriguez,30.0,Engineering,95200.0,6.0,Yes
Nicole Juarez,40.0,Operations,63000.0,8.0,Yes
Katelyn Yang,36.0,Sales,70600.0,12.0,Yes
Michael Ortega,,Marketing,53100.0,3.0,No
Sean Harper,38.0,Sales,61000.0,10.0,Yes
Rebecca Lee,29.0,Operations,50600.0,5.0,No
Dorothy Brown,55.0,Finance,122600.0,25.0,Yes
Stanley Le,36.0,Operations,63100.0,8.0,Yes
Lori Hernandez,25.0,Customer Support,49300.0,2.0,No
Karen Bradley,21.0,Engineering,67400.0,0.0,No
Mark Moss,43.0,Operations,67500.0,14.0,Yes
Vanessa Martinez,44.0,Marketing,71000.0,8.0,Yes
Kimberly Ramirez,44.0,Sales,68300.0,9.0,Yes
Richard Franklin,34.0,Operations,72900.0,10.0,Yes
Robert Stark,40.0,Marketing,71800.0,13.0,Yes
Evelyn Pacheco,47.0,HR,81100.0,15.0,Yes
Taylor Carlson,37.0,Engineering,85600.0,10.0,Yes
Robert Griffin,39.0,Finance,81900.0,12.0,Yes
Mark Maddox,46.0,Engineering,98100.0,18.0,Yes
Dr. Jessica Chase MD,40.0,HR,56200.0,7.0,Yes
Shawn Shepherd,37.0,IT,90300.0,11.0,Yes
Cassidy Paul,35.0,Finance,73900.0,5.0,No
Victoria Lewis,32.0,HR,64500.0,4.0,Yes
Jodi Thomas,40.0,Sales,84400.0,15.0,Yes
Douglas Grant,53.0,Sales,95300.0,23.0,Yes
James Jones,27.0,IT,72100.0,5.0,Yes
Charles Ramos,21.0,IT,,0.0,No
Jennifer Hernandez,39.0,IT,83700.0,14.0,Yes
Christina Le MD,33.0,Finance,68600.0,10.0,Yes
David Ayers,47.0,IT,98500.0,16.0,Yes
Susan Conley,37.0,Engineering,76800.0,6.0,Yes
Robert Fischer,33.0,Engineering,89700.0,5.0,Yes
Amanda Smith,24.0,Customer Support,45300.0,2.0,No
Brenda Harris,38.0,Marketing,72800.0,13.0,Yes
Kimberly Morgan,36.0,Engineering,84000.0,6.0,No
Jason Rodriguez,45.0,Operations,65400.0,9.0,Yes
Rebecca Blake,44.0,Customer Support,73300.0,17.0,Yes
Claudia Brown,41.0,Operations,59500.0,11.0,Yes
Nathan Freeman,25.0,Engineering,,2.0,No
Lance Robinson,29.0,Marketing,70000.0,5.0,Yes
Sandra Hines,42.0,Sales,82800.0,16.0,Yes
Jonathan Potter,47.0,Engineering,85600.0,15.0,Yes
William Casey,45.0,Engineering,107100.0,20.0,Yes
Miss Stephanie Cherry,32.0,IT,81400.0,7.0,Yes
Ashley Cochran,31.0,Sales,65000.0,5.0,Yes
Brendan Walton,42.0,Sales,72900.0,13.0,Yes
Kayla Thomas,33.0,Engineering,88800.0,6.0,No
Edward Barton,42.0,IT,89800.0,13.0,Yes
Kenneth Murphy,49.0,Operations,78200.0,20.0,Yes
Victoria Tanner,38.0,Operations,70100.0,13.0,Yes
Benjamin Neal,54.0,Finance,,,Yes
Jason Stevenson,27.0,Engineering,63800.0,4.0,Yes
Kenneth Lewis,31.0,Sales,65900.0,7.0,Yes
Christopher Sanchez,26.0,Marketing,62000.0,3.0,No
Christina Ramirez,34.0,IT,87500.0,6.0,Yes
Patricia Hamilton,46.0,Sales,54600.0,8.0,Yes
Sharon Miller,37.0,HR,52400.0,10.0,Yes
Michael Moon,42.0,Customer Support,54100.0,,Yes
Dennis Jones,37.0,IT,75400.0,8.0,No
Robert Sandoval,27.0,IT,78800.0,4.0,No
Danny Campbell,,Sales,57700.0,5.0,Yes
Wendy Webb,21.0,Sales,42600.0,0.0,No
Brian Murphy,54.0,Sales,94300.0,20.0,Yes
Charles Haley,35.0,Marketing,82900.0,11.0,Yes
David Mcdaniel,45.0,Engineering,90000.0,11.0,Yes
Austin Solis,39.0,IT,88100.0,10.0,Yes
Christina Murray,47.0,IT,90300.0,18.0,Yes
Alexandria Wise,46.0,Finance,74900.0,14.0,Yes
Elizabeth Fowler,23.0,Marketing,48300.0,1.0,No
Kevin Christian,39.0,IT,67100.0,7.0,Yes
Jeremy Chambers,40.0,Engineering,89700.0,15.0,Yes
Eric George,,IT,67700.0,0.0,No
Dean Cook,36.0,Engineering,,6.0,No
Kevin Carrillo,35.0,Sales,67700.0,10.0,
Wendy Kelley,39.0,Engineering,88000.0,15.0,Yes
Tyler Reynolds,35.0,Operations,67900.0,7.0,Yes
Brian Hunt,46.0,Finance,86000.0,12.0,Yes
Christian Bryant,41.0,Finance,82400.0,8.0,No
Becky Sellers,21.0,IT,67600.0,0.0,No
Robin Terry,32.0,HR,58100.0,4.0,No
Nicholas Carlson,21.0,Engineering,74900.0,0.0,No
Christina Wilson,46.0,Finance,89000.0,21.0,Yes
Christopher Thomas,30.0,Engineering,82000.0,7.0,Yes
Kristen Jones,30.0,IT,67100.0,3.0,No
Phillip Jenkins,36.0,Sales,66900.0,12.0,Yes
Christopher Thomas,,IT,67600.0,5.0,Yes
Alexander Brown,26.0,Sales,59100.0,3.0,Yes
Tracey Brooks,35.0,HR,64800.0,,Yes
Derrick Clayton,31.0,Operations,61400.0,6.0,Yes
William Hansen,33.0,Engineering,78000.0,7.0,No
Rose Mcdonald,30.0,Engineering,68500.0,4.0,No
Traci Rodriguez,,Marketing,68200.0,15.0,Yes
Willie Henry,23.0,IT,63400.0,1.0,No
Victoria Burgess,28.0,Marketing,56800.0,6.0,No
Kathleen Lopez,46.0,HR,82600.0,17.0,Yes
Janice Henson,32.0,IT,69600.0,,Yes
Amanda Forbes,26.0,,51100.0,3.0,No
Jonathan Russell,31.0,Sales,69700.0,6.0,No
Michael Thompson,48.0,Marketing,89900.0,19.0,Yes
Kelly Miller,25.0,Marketing,66900.0,3.0,Yes
Caleb Jackson,44.0,IT,86200.0,16.0,Yes
Amy Leach,48.0,IT,99000.0,21.0,Yes
Stephanie Cortez,21.0,Marketing,57600.0,0.0,No
Willie Flynn PhD,45.0,Operations,79500.0,17.0,Yes
Daniel Gallegos,45.0,Finance,69900.0,8.0,Yes
Heather Morales,28.0,Sales,63000.0,5.0,No
Dana Gilbert,21.0,IT,65300.0,0.0,No
Catherine Johns,,HR,67300.0,9.0,Yes
Anthony Gordon,44.0,Finance,87200.0,17.0,Yes
Chad Allison,37.0,IT,82500.0,10.0,Yes
Mark Taylor Jr.,51.0,Engineering,99000.0,16.0,Yes
Angela Wilson,42.0,Operations,71900.0,16.0,Yes
Cynthia Nguyen,39.0,IT,90400.0,13.0,Yes
Nicole Sanchez,21.0,Customer Support,51500.0,0.0,No
Elizabeth Ruiz,36.0,Sales,65700.0,9.0,Yes
Amy Rowe,29.0,Operations,67800.0,6.0,Yes
Theresa Martinez,44.0,IT,86800.0,13.0,
Amber Chapman,39.0,Engineering,89100.0,8.0,Yes
Alexis Wells,21.0,Operations,,0.0,No
Jesse Poole,35.0,IT,75200.0,7.0,Yes
Wendy Smith,42.0,Engineering,95800.0,15.0,Yes
Shannon White,46.0,IT,79900.0,8.0,No
Nancy Jennings,21.0,Marketing,59700.0,0.0,No
Robert Cooper,40.0,Customer Support,64600.0,10.0,Yes
Ashlee Ross,25.0,HR,41500.0,2.0,Yes
Mary Henry,24.0,Sales,,1.0,Yes
Jason Herrera,40.0,Marketing,83500.0,13.0,Yes
Courtney Williams,42.0,HR,58400.0,13.0,Yes
Lisa Singh,44.0,Operations,64900.0,11.0,Yes
Eric Ponce,35.0,HR,73000.0,10.0,Yes
Brittany Cisneros,24.0,Operations,33100.0,1.0,No
Matthew Davis MD,,Engineering,115800.0,23.0,Yes
Maurice Johnson,31.0,Operations,52100.0,6.0,No
Timothy Duncan,27.0,,53200.0,,Yes
Douglas Oliver,46.0,Marketing,63500.0,8.0,Yes
Angela Hunt,21.0,Finance,63200.0,0.0,No
Dr. William Warren,40.0,Sales,82800.0,16.0,Yes
Sean Morrow,34.0,Engineering,78500.0,7.0,Yes
Kevin Oliver,22.0,Operations,51400.0,0.0,No
Joseph Lopez,41.0,IT,88900.0,14.0,Yes
Gregory Ponce,47.0,Operations,83900.0,20.0,Yes
Alicia Li,24.0,Engineering,69900.0,2.0,Yes
Casey Obrien,22.0,Marketing,66100.0,0.0,No
Amber Hernandez,29.0,IT,79800.0,4.0,Yes
Samantha Carter,41.0,IT,85800.0,13.0,Yes
Kelly Liu,43.0,Sales,68400.0,12.0,Yes
Jennifer Baker,26.0,Marketing,60200.0,2.0,No
Christine Kennedy,31.0,Customer Support,53200.0,5.0,Yes
Michael Wood,35.0,Engineering,102500.0,10.0,No
Tyler Murray,21.0,Engineering,66000.0,0.0,No
Anthony Mills,34.0,Sales,62900.0,6.0,Yes
Anna Love,37.0,IT,80400.0,12.0,Yes
Derek Wright,21.0,Engineering,71700.0,0.0,No
Thomas Macdonald,26.0,IT,70400.0,4.0,Yes
Julie Curry,46.0,Finance,92000.0,19.0,Yes
Megan Burns,45.0,Engineering,90500.0,18.0,Yes
Katherine Davenport,28.0,Finance,60300.0,3.0,No
Dr. Jose Garcia,38.0,IT,81600.0,9.0,Yes
Chad Roach,39.0,IT,,9.0,Yes
Tina Patel,44.0,Marketing,69700.0,8.0,Yes
Lisa Perry,39.0,Sales,68600.0,8.0,Yes
John Jones,26.0,IT,65100.0,4.0,No
Christopher Banks,21.0,Operations,58500.0,0.0,No
Angela Reyes,39.0,Customer Support,61000.0,8.0,Yes
Megan Decker,31.0,IT,77200.0,8.0,Yes
Jennifer Dominguez,37.0,Sales,71800.0,8.0,Yes
Daniel Kane,28.0,Finance,65300.0,4.0,Yes
Mary Alvarez,27.0,IT,64300.0,2.0,No
Keith Knox,54.0,Engineering,112700.0,27.0,Yes
Jesus Becker,21.0,Engineering,89700.0,0.0,No
Ethan Perez,43.0,Engineering,99300.0,17.0,Yes
Andrew Medina,29.0,Sales,62800.0,3.0,No
Alan Mahoney,30.0,Operations,59300.0,7.0,Yes
Thomas Atkins,,Operations,43800.0,2.0,Yes
Arthur Hamilton MD,44.0,Marketing,100700.0,19.0,Yes
Crystal Johnson,57.0,Sales,89300.0,20.0,Yes
Laura Lee,31.0,HR,53600.0,5.0,Yes
Dillon Travis,21.0,Sales,43000.0,0.0,No
Edward Jenkins,41.0,IT,83000.0,7.0,Yes
Karen Griffin,21.0,IT,70700.0,,No
Patrick Blair,,Engineering,112800.0,20.0,Yes
Rose Mclaughlin,58.0,Sales,68300.0,13.0,Yes
Kathleen Moran,29.0,Operations,48800.0,4.0,Yes
Morgan Flynn,31.0,Sales,75000.0,5.0,Yes
Miss Kelly Dawson,37.0,Engineering,91200.0,12.0,Yes
Jillian Wilson,29.0,Marketing,51900.0,6.0,Yes
Timothy Blair,46.0,Engineering,,13.0,Yes
Michael Bowen,33.0,Finance,65600.0,6.0,No
Joseph Davis,46.0,IT,84400.0,13.0,Yes
Carolyn Haley,38.0,Customer Support,69200.0,14.0,Yes
Jerry Walsh,37.0,IT,81100.0,13.0,Yes
Paul Stephens,41.0,IT,,11.0,Yes
Mark Conner,36.0,IT,86200.0,11.0,Yes
Amber Zhang,27.0,HR,62700.0,5.0,No
James Spears,46.0,Engineering,93200.0,10.0,Yes
Michael Summers,,Operations,93500.0,28.0,Yes
Mary Marshall,25.0,Customer Support,43200.0,3.0,No
Amanda Robinson,39.0,Sales,66400.0,15.0,Yes
Donna Garcia,35.0,Sales,63300.0,8.0,No
Joann Ferguson,35.0,Customer Support,54100.0,10.0,Yes
Gordon Hahn,35.0,IT,70700.0,6.0,Yes
Marco Davis,31.0,Finance,74800.0,8.0,Yes
Cheryl Mclean,43.0,HR,57600.0,14.0,Yes
Cody Thompson,40.0,Sales,290800.0,12.0,Yes
Jordan Moses,54.0,IT,88600.0,10.0,Yes
James Weber,38.0,Engineering,96300.0,12.0,Yes
James Gallagher,29.0,Customer Support,58100.0,6.0,Yes
Nicole Wallace DDS,37.0,IT,88500.0,12.0,Yes
Mary Wilkinson,32.0,Sales,51700.0,4.0,Yes
Shannon Chapman,44.0,Sales,60400.0,10.0,Yes
Mrs. Olivia Petersen,29.0,IT,72400.0,6.0,No
Eddie Sanders,35.0,Operations,60200.0,10.0,Yes
Kelly Patton,35.0,Engineering,86300.0,5.0,No
Mr. Joshua Cohen,25.0,IT,69000.0,3.0,Yes
Alyssa Rodriguez PhD,,IT,79400.0,1.0,No
Paige Meyer,32.0,Operations,62100.0,6.0,No
Robert Cortez,36.0,Engineering,76800.0,8.0,Yes
Jose Schultz,49.0,Sales,83100.0,19.0,Yes
Scott Thompson,32.0,IT,69200.0,4.0,No
Allison Branch,56.0,Operations,91100.0,26.0,Yes
Andre Terrell,45.0,Sales,64800.0,12.0,Yes
Toni Miller,27.0,Operations,48000.0,4.0,No
Travis Hopkins,37.0,Engineering,83300.0,6.0,Yes
Joshua Herrera,29.0,Operations,46200.0,4.0,No
Theresa Ward,30.0,IT,78900.0,4.0,No
Brittany Fitzgerald,41.0,Marketing,65500.0,9.0,
Charles Poole,36.0,Operations,,5.0,Yes
Victoria Benitez,39.0,Engineering,92300.0,9.0,Yes
Megan Orr,30.0,Sales,68400.0,6.0,Yes
Miss Leslie Booker,38.0,Engineering,87000.0,5.0,No
Stephanie Ross,38.0,Finance,73000.0,,Yes
James Rodriguez,45.0,Finance,,15.0,Yes
Kara Gallegos,40.0,Sales,68300.0,6.0,Yes
Roger Peters,39.0,Customer Support,54000.0,7.0,
David Hughes,28.0,Engineering,77300.0,5.0,No
Kevin Wood,27.0,IT,67200.0,5.0,No
Amanda Garcia,25.0,Finance,59200.0,1.0,No
Charles Smith,,Sales,,0.0,No
Patricia Hale,38.0,,78000.0,12.0,Yes
Tina Little,37.0,Marketing,84000.0,14.0,Yes
Joshua Love,39.0,Sales,64700.0,7.0,Yes
Ruben Dunn,24.0,Sales,44900.0,1.0,No
Paul Massey,34.0,IT,72500.0,6.0,Yes
Michael Owens,27.0,Operations,60800.0,4.0,No
Brandon Perkins,35.0,Engineering,99300.0,12.0,Yes
Garrett Wilson,43.0,IT,101800.0,17.0,Yes
Angela Beck,21.0,IT,64500.0,0.0,No
Bradley Wallace,28.0,Marketing,56900.0,2.0,No
Molly White,43.0,Marketing,78800.0,18.0,Yes
Joshua Nelson,23.0,Customer Support,40800.0,,No
April Finley,21.0,Engineering,81100.0,0.0,No
Abigail Parsons MD,36.0,IT,81400.0,8.0,Yes
Elizabeth Perkins,45.0,IT,106900.0,18.0,Yes
Joseph Cruz Jr.,24.0,IT,76700.0,2.0,No
Christine Mills,21.0,Engineering,79600.0,0.0,Yes
Eugene Fritz,25.0,IT,63600.0,2.0,No
Jessica Wilson,40.0,IT,81800.0,7.0,Yes
Eric Taylor,34.0,Operations,66800.0,7.0,Yes
Helen Jones,40.0,Engineering,87400.0,11.0,Yes
Kevin Johnson,32.0,HR,55900.0,,No
John Munoz Jr.,29.0,Engineering,80400.0,3.0,No
Barbara Hunt,36.0,Engineering,80600.0,6.0,Yes
Sylvia Anderson,23.0,IT,62500.0,1.0,No
Steven Schroeder,28.0,IT,66200.0,5.0,Yes
Mary Conley,21.0,Operations,290400.0,0.0,No
Kathleen Garcia,27.0,Marketing,67200.0,3.0,No
Paul Martin,37.0,Customer Support,72200.0,13.0,Yes
Molly Rodriguez,35.0,HR,,11.0,Yes
Nichole Thompson,23.0,Operations,54400.0,1.0,No
Susan Patrick,37.0,Engineering,86100.0,10.0,Yes
Michelle Harris,33.0,Marketing,74800.0,10.0,Yes
Kevin Hernandez,44.0,Engineering,,15.0,Yes
Andrea Ho,28.0,IT,79900.0,5.0,Yes
Cody Ramirez,30.0,Marketing,52200.0,6.0,Yes
Joel Wise,38.0,Sales,79100.0,12.0,Yes
Sarah King,40.0,Sales,64600.0,11.0,Yes
Edward Arroyo,42.0,Engineering,90200.0,10.0,Yes
Jeffrey Hernandez,39.0,Sales,52800.0,7.0,Yes
Kelly Johnson,40.0,Engineering,88500.0,6.0,Yes
Natalie Mitchell,38.0,Customer Support,64900.0,13.0,Yes
Abigail Acevedo,24.0,HR,55300.0,2.0,Yes
Francis Wilson,36.0,IT,92100.0,12.0,Yes
Samuel Russell,49.0,Operations,88000.0,23.0,Yes
Troy Mills,37.0,Customer Support,51200.0,7.0,Yes
Steven Haas,24.0,Sales,50200.0,1.0,No
Richard Schneider,47.0,Marketing,75200.0,17.0,Yes
Laura Sanders,33.0,Marketing,61300.0,7.0,Yes
Tracy House,34.0,Engineering,82700.0,8.0,
Martha Arnold,,Sales,70700.0,16.0,Yes
William Johnson,32.0,Sales,58400.0,9.0,Yes
Christina Washington,32.0,IT,79500.0,6.0,No
Daniel Molina,32.0,Marketing,52900.0,5.0,Yes
Elizabeth Marks,28.0,Engineering,70600.0,5.0,No
Richard Miller,40.0,IT,79000.0,6.0,No
Antonio Woods,60.0,Finance,112400.0,29.0,Yes
Shannon Curry,45.0,Engineering,109200.0,19.0,Yes
Taylor Morales,35.0,Sales,75000.0,9.0,Yes
Joseph Zavala,45.0,Finance,94800.0,15.0,Yes
Gregory Madden,41.0,HR,58900.0,7.0,
Cynthia Williams,22.0,Marketing,41300.0,1.0,No
Jonathon Stevenson,31.0,Sales,62200.0,4.0,Yes
Diana Ramsey,49.0,IT,109400.0,22.0,Yes
Charlene Gutierrez,30.0,Sales,68900.0,6.0,Yes
Samantha Roy,43.0,Engineering,103700.0,15.0,Yes
Diana Mullins,42.0,Finance,83700.0,13.0,Yes
Stephen Smith,25.0,Operations,44800.0,1.0,No
Chelsea Nguyen,38.0,Finance,91800.0,11.0,Yes
Tammy Williams MD,45.0,Marketing,78200.0,8.0,Yes
Brittney Morales,30.0,Sales,53000.0,7.0,Yes
Kirk Carter,36.0,Engineering,101700.0,,Yes
Mary Kelly,30.0,Sales,46100.0,4.0,No
Cory Jones,46.0,Engineering,96400.0,11.0,Yes
Angelica Parker,30.0,Sales,56900.0,7.0,Yes
Bryan Yates,33.0,Sales,67300.0,,Yes
Kevin Marquez,26.0,IT,67900.0,3.0,No
Christina Hudson,38.0,IT,88600.0,10.0,Yes
Luis Wilson,21.0,Finance,45900.0,0.0,No
Jennifer Little,41.0,Marketing,69100.0,9.0,Yes
Sarah Bush,21.0,Operations,50900.0,0.0,No
William Miller,41.0,Sales,74100.0,10.0,Yes
Donna Mccarty,21.0,Sales,50700.0,0.0,No
Carl Harper,34.0,IT,84100.0,9.0,No
Angelica Keith,24.0,Operations,209700.0,2.0,No
Joe Gordon,31.0,Finance,85700.0,,No
George Ochoa,29.0,Sales,71400.0,5.0,Yes
Franklin Wright,38.0,,67600.0,8.0,Yes
Michael Walker,21.0,HR,43400.0,0.0,No
Angelica Vincent,25.0,Customer Support,28900.0,2.0,No
Sarah Williams,22.0,Finance,59600.0,0.0,No
Alan Nguyen,34.0,Engineering,69300.0,5.0,No
Craig Morrison,30.0,Marketing,64500.0,7.0,Yes
John Williams,38.0,Customer Support,61400.0,,Yes
Nicole Price,50.0,Sales,80500.0,20.0,Yes
Brittany Jenkins,30.0,Operations,51600.0,3.0,No
Theresa Wilson,34.0,IT,82500.0,8.0,Yes
Tim Larsen,38.0,Marketing,68100.0,11.0,Yes
Charles Schultz,54.0,Operations,,25.0,Yes
Tracey Johnson,21.0,Sales,53400.0,0.0,No
Paul Hansen,48.0,Marketing,61500.0,8.0,Yes
Dr. Sarah Smith,43.0,Sales,71500.0,11.0,Yes
Molly Jackson,,IT,97800.0,14.0,Yes
Jennifer Nichols,41.0,Finance,90900.0,16.0,
Michele Stewart,45.0,Engineering,102100.0,19.0,Yes
Heather Fernandez,27.0,Finance,71900.0,5.0,Yes
Jesse Brown,40.0,IT,88000.0,6.0,Yes
Melissa Bishop,22.0,,37500.0,0.0,No
Crystal Mann,25.0,Finance,,2.0,No
Jamie James,21.0,Engineering,70800.0,0.0,No
Jennifer Miller,53.0,Customer Support,57900.0,10.0,Yes
Erika Bates,37.0,Marketing,52100.0,5.0,No
Kyle Chambers,36.0,Finance,74500.0,9.0,Yes
Justin Small,26.0,Sales,51900.0,4.0,No
James Franklin,26.0,HR,56900.0,3.0,Yes
Nicole Stewart,32.0,IT,72100.0,4.0,No
Ryan White,37.0,Marketing,68900.0,9.0,No
Pedro Greene,37.0,Engineering,87900.0,7.0,No
Kim Flynn,21.0,Customer Support,34500.0,0.0,No
Eric Kane,48.0,Marketing,82900.0,17.0,Yes
Laurie Sanchez,36.0,Finance,,11.0,Yes
Robert Valdez,31.0,IT,72300.0,5.0,No
Monica Cannon,35.0,Sales,56900.0,5.0,Yes
Debbie Schneider,28.0,Marketing,53500.0,2.0,No
Christian Wagner,31.0,Engineering,83800.0,6.0,Yes
Edward White,29.0,Operations,57300.0,4.0,Yes
Vanessa Coleman,27.0,Operations,53700.0,2.0,No
Blake Bonilla,34.0,Marketing,72600.0,7.0,Yes
Michael Jackson,39.0,IT,84100.0,11.0,Yes
Steven Martinez,24.0,Marketing,67200.0,2.0,No
Zachary Vargas PhD,33.0,Finance,66600.0,4.0,No
Donna Mejia,34.0,Engineering,80000.0,4.0,Yes
Valerie Taylor,35.0,,63900.0,7.0,Yes
Megan Mills,26.0,Sales,56800.0,2.0,No
Angela Vaughn,25.0,Customer Support,42800.0,3.0,No
Debbie Koch,50.0,Customer Support,54700.0,12.0,Yes
Ashley Thomas,21.0,IT,71200.0,0.0,No
Michelle Tyler,41.0,Engineering,95400.0,12.0,Yes
Kurt Martinez,31.0,Sales,64700.0,6.0,Yes
Robert Torres,37.0,Marketing,63300.0,7.0,Yes
Luis Mcclain,33.0,Engineering,86700.0,9.0,Yes
Amy Gordon,25.0,IT,70500.0,3.0,No
Kathy Rivas,40.0,Marketing,75800.0,14.0,Yes
Joseph Williams,21.0,Customer Support,39800.0,0.0,No
Sabrina Austin,28.0,IT,77800.0,4.0,Yes
Tommy Walter,22.0,Sales,46600.0,1.0,No
Patrick Clark,54.0,Engineering,91200.0,12.0,Yes
Sandy Baker,23.0,Finance,,1.0,No
Julie Johnson,60.0,Engineering,118200.0,25.0,Yes
Jason Mack,39.0,Operations,74000.0,13.0,Yes
Keith Gonzalez,47.0,IT,,18.0,Yes
Steven Johnson,30.0,Operations,58500.0,,Yes
David Oliver,47.0,Sales,77100.0,15.0,Yes
Elizabeth Sanchez,41.0,Engineering,109800.0,13.0,Yes
Jeanette Harrison,30.0,Engineering,81500.0,5.0,No
Jeremiah Hernandez,25.0,HR,49400.0,2.0,Yes
Paul Johnson,30.0,Engineering,81000.0,6.0,No
Sharon Cherry,52.0,IT,,11.0,Yes
Jacob Obrien,37.0,IT,74000.0,6.0,Yes
Mitchell Garza,32.0,Engineering,,4.0,No
Ana Hill,38.0,IT,99900.0,13.0,Yes
Marc White,34.0,HR,69700.0,9.0,Yes
Eugene Patterson,40.0,IT,92900.0,13.0,Yes
Joshua Blair,38.0,IT,78000.0,7.0,Yes
Anthony Lee,36.0,Operations,67700.0,9.0,Yes
Glenn Ward,48.0,Sales,79700.0,13.0,Yes
Glenn Collins DDS,23.0,Operations,49100.0,1.0,No
Edgar Stevens,56.0,Engineering,95500.0,13.0,Yes
Laura Ware,37.0,Engineering,82000.0,9.0,Yes
Anthony Good,30.0,Sales,52900.0,6.0,No
David Skinner,21.0,Engineering,378800.0,0.0,No
Desiree Smith,40.0,IT,98500.0,12.0,Yes
Darryl Christensen,41.0,HR,45000.0,8.0,Yes
Louis Gibson,44.0,IT,99700.0,19.0,Yes
Phillip Anderson,23.0,Operations,48400.0,1.0,No
Ariel Taylor,37.0,Operations,68200.0,12.0,Yes
Sonya Ramirez,,IT,70900.0,5.0,No
Stacy Smith,,HR,56400.0,8.0,Yes
Jennifer Allen,26.0,Engineering,,2.0,No
Tiffany Morrow,28.0,Customer Support,48700.0,6.0,Yes
Michelle Brown,28.0,IT,83600.0,4.0,Yes
Dorothy Osborn,33.0,IT,97000.0,10.0,Yes
Brett Phillips,33.0,Engineering,97100.0,9.0,Yes
Christina Perry,40.0,Finance,61200.0,7.0,Yes
Rebecca Henderson,30.0,Sales,69000.0,6.0,No
John Francis,40.0,Sales,75300.0,,Yes
Kimberly Smith,35.0,Sales,69200.0,12.0,Yes
Catherine Smith,43.0,Marketing,,8.0,Yes
Kelly Guerra,28.0,IT,65200.0,3.0,No
Tina Hancock,24.0,Engineering,77500.0,2.0,No
Matthew Harrington,38.0,HR,49700.0,7.0,Yes
Tommy Hood,38.0,Engineering,87700.0,10.0,Yes
Carol Yang,39.0,Engineering,82700.0,6.0,
Phillip Turner,60.0,IT,120500.0,28.0,Yes
Jason Thompson,22.0,Sales,48100.0,0.0,No
Stephanie Nunez,27.0,Operations,63000.0,4.0,Yes
Stephen Olson,22.0,Marketing,58600.0,0.0,No
Patricia Hall,33.0,IT,60400.0,5.0,No
Mason Miller,36.0,Engineering,94200.0,7.0,Yes
Robert Gonzales,31.0,Engineering,78300.0,7.0,Yes
Cody Bailey,39.0,Sales,69000.0,11.0,Yes
Lisa Bridges,50.0,Marketing,91800.0,20.0,Yes
Jason Taylor,41.0,Operations,75300.0,15.0,Yes
Katherine Weaver MD,37.0,IT,,12.0,Yes
Michael Lee,24.0,,66500.0,2.0,No
Eric Elliott,21.0,Operations,50700.0,0.0,No
Mark Cox,27.0,Finance,76300.0,4.0,No
Stephen Wood,43.0,Customer Support,,15.0,Yes
Lisa Gill,29.0,Sales,58600.0,5.0,No
Luke Duncan,37.0,IT,81100.0,7.0,Yes
Amy Baker,25.0,HR,36600.0,1.0,No
Amanda Guzman,43.0,HR,60800.0,13.0,Yes
Jessica Torres,27.0,Operations,,5.0,No
Christopher Walker,43.0,Finance,65400.0,9.0,Yes
Casey Garcia,47.0,Engineering,94500.0,18.0,Yes
Melvin Weeks,23.0,Engineering,85300.0,1.0,No
Willie Garza,29.0,Engineering,81400.0,7.0,Yes
Aimee Turner,28.0,Sales,54300.0,3.0,No
Makayla Friedman,32.0,HR,54100.0,5.0,
Ethan Obrien,35.0,Marketing,64900.0,7.0,Yes
Shane Hopkins,45.0,IT,91700.0,20.0,Yes
Jason Crawford,30.0,Customer Support,51500.0,6.0,Yes
Amber Wilson,50.0,Customer Support,73300.0,24.0,Yes
Rebecca Nguyen,39.0,Marketing,75900.0,11.0,Yes
Jennifer Schneider,49.0,Sales,89900.0,18.0,Yes
Jeffrey Weaver,42.0,Operations,70300.0,14.0,Yes
Sarah Brooks,40.0,Sales,69700.0,11.0,Yes
Michael Stanley,32.0,Customer Support,47700.0,,Yes
Carol Gray,34.0,IT,78300.0,9.0,Yes
William Hickman,32.0,Finance,65000.0,7.0,No
Jennifer Martinez,35.0,IT,69800.0,7.0,Yes
Terri Pennington,36.0,Sales,63100.0,7.0,Yes
Jennifer Adkins,26.0,Sales,50000.0,2.0,No
Michael Wiggins,40.0,Operations,61600.0,6.0,Yes
Andrew Edwards,27.0,,71700.0,4.0,No
Jane King,42.0,IT,84400.0,,Yes
Jean Lane,38.0,Marketing,67000.0,5.0,Yes
Robert Stewart,33.0,Engineering,83800.0,8.0,Yes
Michelle Mitchell,21.0,Customer Support,34600.0,0.0,No
Jeffrey Maldonado DDS,30.0,IT,86900.0,7.0,Yes
Amanda Franklin,40.0,Marketing,75000.0,13.0,Yes
Brendan Khan,46.0,Operations,68600.0,17.0,Yes
Tina Ballard,37.0,Sales,72600.0,7.0,Yes
Jenna Velazquez,24.0,HR,46500.0,1.0,No
David Avila,36.0,Operations,73500.0,10.0,Yes
Brittney Brown,25.0,IT,353900.0,2.0,No
Angela Lopez,36.0,Marketing,66600.0,10.0,Yes
Gary Taylor,50.0,Sales,77300.0,15.0,Yes
Richard Case,30.0,Engineering,72300.0,5.0,No
Pamela Medina,25.0,IT,72100.0,2.0,No
Michael Miller,30.0,Operations,54300.0,7.0,No
Micheal Green,33.0,Engineering,87000.0,10.0,Yes
Laura Gilbert,34.0,Engineering,92200.0,5.0,Yes
Nicole Rodriguez,21.0,IT,74400.0,0.0,No
Heidi Matthews,49.0,Customer Support,,15.0,Yes
Judith Miller,39.0,IT,97900.0,14.0,Yes
Erika Hodge,44.0,Marketing,80400.0,15.0,Yes
Paul Lewis,28.0,Sales,61500.0,4.0,Yes
Kelly Donovan,33.0,,55700.0,6.0,Yes
Billy Tate,44.0,Marketing,80900.0,11.0,Yes
Rachel Miller,25.0,IT,67700.0,2.0,No
Sarah Shelton,41.0,Sales,68500.0,10.0,Yes
Henry Garcia,28.0,Sales,52300.0,4.0,No
Ian Harrell,27.0,Finance,66600.0,4.0,Yes
Brittney Mccoy,53.0,Marketing,64400.0,11.0,Yes
Paige Jordan,53.0,Sales,87300.0,24.0,Yes
Jessica Gross,21.0,Engineering,,0.0,No
Ryan Moore,51.0,Engineering,88200.0,12.0,Yes
Margaret Chandler,21.0,Marketing,50900.0,0.0,Yes
Donna Dunn,39.0,Engineering,76400.0,7.0,Yes
Kaitlyn Warren,25.0,Marketing,55000.0,1.0,No
Stephanie Sanders,35.0,Sales,47300.0,4.0,Yes
Donna Williams,37.0,Operations,63400.0,13.0,Yes
Veronica Nelson,48.0,IT,105600.0,23.0,Yes
Edward Taylor,38.0,Finance,78200.0,14.0,Yes
Gerald Kelly,33.0,Customer Support,56000.0,10.0,Yes
Jonathan Clark,30.0,HR,59700.0,4.0,No
Tracy Roberts,44.0,Operations,62300.0,12.0,Yes
Erin Nash,37.0,Marketing,68700.0,10.0,Yes
David Wallace,,IT,68300.0,4.0,No
Joshua Rodriguez,44.0,IT,83500.0,11.0,Yes
David Warner,47.0,Sales,92400.0,20.0,Yes
Tracy Martinez,23.0,Finance,57900.0,2.0,No
Michael Cross DDS,45.0,Sales,67000.0,9.0,Yes
Pamela Sullivan,30.0,Operations,49300.0,7.0,No
Andrew Avila,28.0,,77200.0,2.0,No
Angela Brown,41.0,Customer Support,68500.0,15.0,Yes
Steve Brewer,44.0,IT,73800.0,8.0,Yes
Kristen Rowe,25.0,Engineering,79900.0,2.0,Yes
Caitlin Ford,27.0,IT,73500.0,3.0,No
Kimberly Nunez,44.0,Engineering,101400.0,9.0,Yes
Rachel Williams,33.0,HR,54600.0,7.0,Yes
Matthew Dunlap,46.0,IT,78100.0,8.0,Yes
John Austin,54.0,IT,92500.0,17.0,Yes
Jose Bennett,35.0,Customer Support,49400.0,9.0,Yes
Shelley York,41.0,HR,54200.0,7.0,No
Scott Thomas,40.0,Engineering,106200.0,16.0,Yes
Steve Rivera,36.0,IT,73500.0,8.0,Yes
David Roach,44.0,Finance,89900.0,14.0,Yes
Elizabeth Ferguson,21.0,Operations,50500.0,0.0,No
Tricia Russo,36.0,Marketing,69400.0,10.0,Yes
Kirk Powell,42.0,Engineering,82500.0,6.0,Yes
Austin Grant,39.0,IT,67000.0,7.0,Yes
Connor Benton,24.0,Customer Support,28400.0,2.0,No
Martha Lee,21.0,Sales,57100.0,0.0,
Caleb Williams,26.0,Finance,61000.0,3.0,Yes
Spencer Butler,35.0,Sales,63800.0,9.0,Yes
Ashley Stevens,27.0,Engineering,74400.0,2.0,No
Robert Ellison,,Operations,61500.0,5.0,Yes
Joseph Wilson,36.0,Sales,60900.0,10.0,Yes
Melissa Smith,40.0,Sales,80100.0,13.0,Yes
Vincent Huynh,35.0,Operations,48200.0,4.0,No
Teresa Adams,24.0,Operations,48400.0,2.0,Yes
Jennifer Woodard,21.0,Customer Support,31800.0,0.0,No
Jerry Martin,30.0,Engineering,84700.0,5.0,No
Christine Lopez,35.0,Customer Support,49300.0,7.0,Yes
Maria Parsons,,Customer Support,,0.0,No
Jean Murillo,,Marketing,62300.0,8.0,
Luis Davis,51.0,Sales,82600.0,18.0,Yes
Kyle Gross,43.0,Marketing,,18.0,Yes
Wayne Robinson,40.0,IT,82800.0,9.0,Yes
Anthony Schmidt,39.0,Engineering,97300.0,15.0,Yes
Richard Rice,46.0,Sales,91500.0,17.0,Yes
Jacqueline Perry,47.0,IT,94900.0,14.0,Yes
Janet Parker,40.0,,73000.0,11.0,Yes
Victor Williams,34.0,Finance,76000.0,10.0,Yes
Elizabeth Williams,38.0,Sales,72800.0,7.0,Yes
Robin Rodriguez,45.0,Customer Support,64100.0,15.0,Yes
Matthew Simmons,32.0,Engineering,77800.0,8.0,Yes
Anthony Rivera,41.0,Operations,54300.0,6.0,Yes
Richard Gutierrez,38.0,Sales,69000.0,11.0,Yes
Megan Grant,29.0,IT,60300.0,2.0,No
Cheyenne Horton,37.0,Sales,63300.0,13.0,Yes
Dr. Katherine Nguyen,36.0,IT,77400.0,10.0,Yes
Sharon Baird,32.0,Operations,64400.0,9.0,Yes
Kim Long,33.0,Marketing,51100.0,4.0,No
Jamie White,23.0,Operations,54000.0,1.0,No
Elizabeth Barton,45.0,IT,105000.0,19.0,Yes
Elizabeth Taylor,25.0,IT,78500.0,3.0,Yes
Casey Smith,24.0,Operations,55600.0,1.0,No
Courtney Nichols,38.0,Sales,71500.0,14.0,Yes
Michael Roberson,46.0,Finance,107000.0,20.0,Yes
Glenn Chen,44.0,Finance,73500.0,7.0,Yes
Elizabeth Sanders,40.0,Customer Support,59000.0,15.0,Yes
Katherine Stone,21.0,IT,56200.0,0.0,No
Walter Howard,33.0,HR,53800.0,9.0,Yes
Shawn Kim,37.0,Engineering,81600.0,6.0,Yes
Jesse Brown,56.0,Sales,102500.0,27.0,Yes
Matthew Foster,30.0,Engineering,81600.0,6.0,Yes
David Martinez,38.0,Sales,54500.0,6.0,Yes
Elizabeth Foster,21.0,HR,42200.0,0.0,
Steven King,34.0,Operations,57700.0,5.0,Yes
Stacy Garcia,41.0,HR,69900.0,17.0,Yes
Desiree Tyler,34.0,IT,79900.0,8.0,Yes
Amy Jenkins,22.0,Operations,56200.0,1.0,No
Kimberly Grant,21.0,Sales,42700.0,0.0,No
Mark Madden,40.0,,79300.0,7.0,No
Paul Beasley,26.0,Engineering,76800.0,,No
John Harris,43.0,Sales,82600.0,14.0,Yes
Patricia Hernandez,33.0,Operations,68800.0,7.0,Yes
Wendy Miller,32.0,IT,66100.0,8.0,Yes
Stephanie Weiss,31.0,IT,70600.0,4.0,Yes
Lisa Durham,52.0,IT,73300.0,12.0,Yes
Gabrielle Davis,31.0,,85300.0,6.0,No
Matthew Dominguez,36.0,Finance,93000.0,11.0,Yes
Yolanda Green,23.0,Engineering,79100.0,2.0,No
Kim Carter,46.0,Engineering,106400.0,17.0,Yes
Jennifer Ferguson,50.0,IT,88700.0,14.0,Yes
Ann Montoya,43.0,Engineering,,13.0,Yes
Terry Stokes,32.0,Sales,61200.0,7.0,Yes
Robin Young,21.0,IT,80100.0,0.0,No
Clayton Blankenship,39.0,Finance,92500.0,9.0,Yes
Carol Fisher,31.0,Engineering,80800.0,4.0,No
Tamara Harris,38.0,IT,85200.0,,No
James Todd,21.0,IT,57800.0,0.0,No
William Hall,27.0,Engineering,61000.0,3.0,No
Cynthia Cohen,24.0,Sales,55100.0,2.0,No
Joyce Webster,44.0,Marketing,74100.0,12.0,Yes
Juan Harrison,34.0,IT,89500.0,11.0,Yes
Matthew Leonard,24.0,IT,66700.0,2.0,No
Austin Baker,,HR,54900.0,6.0,Yes
Rachel Sandoval,33.0,Operations,62800.0,5.0,No
Madeline Ford,33.0,Operations,47200.0,6.0,Yes
Monica Madden,46.0,Engineering,81000.0,8.0,Yes
David Hanson,33.0,IT,81700.0,8.0,Yes
James Ruiz,38.0,Customer Support,47800.0,10.0,Yes
Elizabeth Anderson,24.0,Sales,54700.0,2.0,No
Amy Holt,41.0,Engineering,99000.0,14.0,Yes
Shannon Hurley,25.0,IT,75100.0,3.0,No
Matthew Jones,43.0,IT,80500.0,11.0,Yes
Amanda Barber,21.0,IT,59600.0,0.0,Yes
James Phillips,43.0,Sales,77200.0,13.0,Yes
Austin Conley,44.0,HR,68300.0,12.0,Yes
Gina Brennan,40.0,Engineering,87100.0,14.0,Yes
Jennifer Morris,42.0,IT,92500.0,17.0,Yes
Christopher Jones,37.0,Engineering,96100.0,12.0,
Kayla Burke,23.0,IT,67100.0,1.0,No
Michelle Ryan,23.0,Sales,47100.0,1.0,No
Diana Kemp,35.0,HR,67400.0,,Yes
Renee Browning,43.0,Operations,95100.0,18.0,Yes
Sabrina Galvan,35.0,Marketing,,7.0,Yes
Margaret Coleman,43.0,Sales,,16.0,Yes
Michael Nelson,27.0,Customer Support,45900.0,3.0,No
Michael Glass,37.0,HR,58100.0,11.0,Yes
Joseph Beltran,21.0,IT,65200.0,0.0,No
April Turner,53.0,Sales,66500.0,13.0,Yes
Kathryn Thomas,24.0,IT,,2.0,No
Brent Dawson,48.0,Finance,90700.0,20.0,Yes
Bonnie Woods,48.0,Sales,86900.0,18.0,Yes
Wesley Williams,37.0,Engineering,93300.0,9.0,Yes
Brian Hoffman,42.0,Finance,83700.0,12.0,Yes
Nathan Wilson,43.0,Engineering,96000.0,10.0,Yes
Joyce Brown,49.0,Operations,77800.0,20.0,Yes
Melissa Martinez,44.0,IT,78500.0,17.0,Yes
Alexis Weeks,26.0,IT,60400.0,2.0,No
Arthur Bowen,26.0,Sales,64700.0,4.0,No
Jack Mills,33.0,IT,83000.0,8.0,Yes
Michael Garcia,50.0,Engineering,99300.0,10.0,Yes
Heather Davis,33.0,HR,43700.0,6.0,Yes
Kristine Bryant DVM,37.0,Marketing,,7.0,No
Heather Davis,32.0,Sales,54500.0,5.0,No
Adam Vaughan,36.0,Finance,70400.0,8.0,Yes
Miguel Williams,60.0,IT,115300.0,29.0,Yes
Francis Walker,24.0,Finance,54000.0,1.0,No
Pamela Smith,32.0,HR,63600.0,8.0,Yes
Joseph Kelly,60.0,IT,108600.0,26.0,Yes
Brenda Bradley,24.0,Engineering,75900.0,2.0,No
Jared Ballard,28.0,Engineering,78600.0,3.0,
Robert Payne,34.0,HR,57400.0,8.0,Yes
Jeffery Richards,,Engineering,71700.0,4.0,No
Kevin Anderson,35.0,Engineering,,8.0,Yes
Sarah Berry,,IT,69900.0,4.0,Yes
Brenda Pierce,59.0,Sales,97500.0,28.0,Yes
Janet White,49.0,Marketing,92700.0,22.0,Yes
Ashley Smith,35.0,Marketing,74800.0,11.0,Yes
John Massey,42.0,Customer Support,57300.0,8.0,Yes
Jenny Carter,21.0,HR,39100.0,0.0,No
Matthew Stone,34.0,IT,77200.0,8.0,Yes
Nathan Mcgee,24.0,Marketing,57100.0,2.0,No
Kevin Huerta,39.0,Marketing,57700.0,6.0,Yes
John Young,,Finance,47900.0,2.0,No
Valerie Howard,40.0,Sales,77700.0,15.0,Yes
Amanda Wright,27.0,Engineering,80200.0,4.0,Yes
Ann Huffman,21.0,HR,40900.0,0.0,No
Antonio Smith,,Marketing,70300.0,4.0,
Michael Jackson,43.0,Marketing,86700.0,14.0,Yes
John Johnson,27.0,IT,82800.0,4.0,No
Laura Sparks,32.0,Operations,58300.0,7.0,Yes
Lisa Ramirez,24.0,Engineering,68300.0,2.0,No
Michael Lopez,35.0,Finance,66100.0,6.0,No
Brenda Simpson,33.0,Engineering,84000.0,7.0,Yes
Lauren Jackson,26.0,Marketing,66400.0,4.0,No
Mary Pugh,38.0,IT,76400.0,8.0,Yes
Richard Harper,21.0,Customer Support,35100.0,0.0,No
Maria Williams,35.0,Finance,,10.0,Yes
Amanda Johnson,21.0,IT,62400.0,0.0,No
Yolanda Brown,34.0,HR,39500.0,7.0,Yes
Donald Mays,32.0,Sales,59400.0,5.0,No
Sharon Lester,24.0,Sales,51700.0,2.0,No
Karen Munoz,23.0,Engineering,80400.0,1.0,No
Francis Andrews,35.0,Customer Support,55700.0,7.0,Yes
Jeremy Silva,31.0,Finance,72300.0,5.0,Yes
Christopher White,27.0,HR,45200.0,2.0,Yes
Mrs. Felicia Castro DDS,39.0,Engineering,83300.0,11.0,Yes
Kristen Matthews,43.0,Sales,68000.0,8.0,Yes
Jerry Gilmore,21.0,Operations,35400.0,0.0,
Tyler Russell,39.0,Finance,77200.0,9.0,Yes
Krista Benton,27.0,Engineering,77800.0,,Yes
Glenn Gallegos,56.0,IT,109300.0,24.0,Yes
Emily Smith,35.0,Operations,62400.0,6.0,Yes
Elizabeth Graham,29.0,Operations,55100.0,6.0,No
Marie Christian,30.0,IT,75200.0,7.0,Yes
Teresa Young,37.0,Sales,69300.0,9.0,Yes
Mason Moore,25.0,Customer Support,42400.0,3.0,No
Ryan Gonzalez,,Engineering,94000.0,12.0,Yes
Margaret Tanner,21.0,Sales,52300.0,0.0,No
Nathaniel Baldwin,41.0,Sales,66700.0,14.0,Yes
Timothy Moore,42.0,Customer Support,50200.0,8.0,Yes
Kurt Daniels,31.0,Engineering,78400.0,8.0,Yes
Timothy Monroe,40.0,Operations,71700.0,15.0,Yes
Raymond Vargas,39.0,Sales,57600.0,5.0,No
Gregory Harrell,41.0,Finance,87300.0,13.0,Yes
Nicole Peterson,45.0,Operations,68000.0,11.0,Yes
Amanda Johnson,38.0,IT,83000.0,8.0,Yes
Dana Hanson,28.0,Marketing,52200.0,5.0,Yes
Eric Shaffer,36.0,Sales,70600.0,13.0,Yes
Brittney Rodriguez,27.0,Finance,65300.0,4.0,No
Sharon Reynolds,27.0,Sales,47400.0,2.0,
Ashley Moreno,37.0,Finance,75900.0,9.0,No
Amanda Cook,27.0,Customer Support,47200.0,3.0,Yes
Melvin Flores,21.0,IT,70200.0,0.0,No
Jerome Reid,29.0,Engineering,75400.0,6.0,No
Manuel Taylor,33.0,Operations,42700.0,,No
Megan Koch,27.0,,66700.0,5.0,No
Marie Boyd,35.0,Customer Support,,9.0,Yes
Cory Barrett,,Marketing,75300.0,9.0,Yes
Desiree Stafford,34.0,Engineering,80400.0,5.0,No
James Gardner,30.0,IT,75800.0,4.0,No
Amber Stevenson,36.0,Marketing,56700.0,5.0,No
Christian Anderson,23.0,Operations,48500.0,1.0,No
Eric Adkins,31.0,Engineering,96500.0,8.0,No
Adam Shannon,28.0,Operations,43800.0,6.0,No
Brett Rogers,30.0,Operations,54700.0,3.0,No
Frank Harding,21.0,Finance,59600.0,0.0,No
Adam Sanchez,44.0,Operations,,19.0,Yes
Dawn Levy,21.0,IT,55600.0,0.0,No
Jerome Parker,39.0,Finance,74000.0,13.0,Yes
Tracey Gonzalez,26.0,Sales,49700.0,4.0,Yes
Michael Sloan,29.0,Finance,71700.0,6.0,Yes
Tyler Harris,28.0,Operations,47800.0,5.0,No
Stephanie Manning,38.0,IT,82300.0,6.0,Yes
Sonia Reyes,37.0,IT,85300.0,10.0,Yes
Lauren Barr,23.0,Finance,64100.0,1.0,Yes
Jason Miller,41.0,IT,82600.0,15.0,Yes
Bethany Haynes,28.0,Engineering,75700.0,2.0,No
John Hooper,21.0,Engineering,75000.0,0.0,No
Lindsay Martinez,33.0,IT,79600.0,5.0,No
Dana Ruiz,32.0,Sales,61600.0,7.0,Yes
Russell Murphy,45.0,Engineering,97500.0,16.0,Yes
Amanda Moody,33.0,Engineering,87300.0,5.0,No
Justin Hurley,21.0,Sales,43200.0,0.0,No
Richard Dominguez,34.0,Marketing,74600.0,8.0,No
Aaron Henry,41.0,Sales,72300.0,15.0,Yes
Bryan Burns,39.0,Engineering,78600.0,6.0,Yes
James Raymond,32.0,HR,54000.0,5.0,Yes
Curtis Rice,28.0,Sales,75600.0,5.0,No
Ashley Prince,,Engineering,72700.0,0.0,No
Felicia Krueger,32.0,IT,74800.0,5.0,Yes
Shaun Meyer DDS,24.0,Engineering,64200.0,2.0,No
Cynthia Clark,32.0,IT,79100.0,8.0,
Amy Knight,35.0,Finance,74100.0,7.0,Yes
James Stevens,60.0,Operations,79700.0,15.0,Yes
Heather Barry,32.0,Marketing,61800.0,7.0,Yes
Johnny Mcmillan,42.0,Sales,66600.0,11.0,Yes
Yvonne Burns,33.0,Customer Support,42700.0,4.0,Yes
Nathan Hess,,Sales,,10.0,Yes
Mark Johnson,24.0,Engineering,78700.0,2.0,No
Joseph Jackson,25.0,Finance,,2.0,Yes
Donna Wright,44.0,Engineering,,12.0,Yes
Terry Mills,31.0,Marketing,71000.0,8.0,Yes
Brian Brown,40.0,Operations,68200.0,6.0,Yes
Edward Patterson DDS,26.0,Operations,53900.0,,No
Natalie Smith,21.0,Marketing,54300.0,0.0,No
Jason Foster,44.0,Marketing,66400.0,,Yes
Cody Lawson,52.0,,100300.0,13.0,Yes
Brian Lee,60.0,Sales,93400.0,17.0,Yes
John Jackson,42.0,Engineering,97200.0,,Yes
Michael Robertson,34.0,Operations,64600.0,6.0,Yes
Kenneth Johnson,22.0,Marketing,46200.0,1.0,No
John Hernandez,28.0,Engineering,88100.0,4.0,No
Jacob Duran,42.0,Customer Support,51000.0,9.0,Yes
Virginia Cunningham,44.0,HR,81300.0,12.0,Yes
Eugene Baldwin,38.0,Sales,63600.0,8.0,Yes
Deborah Mercado,27.0,Marketing,55900.0,3.0,Yes
Lorraine Turner,52.0,Engineering,103800.0,20.0,Yes
Bonnie Barnes,48.0,Customer Support,76100.0,22.0,Yes
Lisa Mosley,33.0,Engineering,81500.0,6.0,No
Kristen Pena,21.0,Sales,53000.0,0.0,No
Corey Rodriguez,24.0,IT,77500.0,2.0,No
Matthew Thompson,37.0,Sales,79000.0,11.0,Yes
Christopher Brown,30.0,Customer Support,56200.0,5.0,No
Brian Ibarra,24.0,Sales,,2.0,
Ronald Carr,42.0,HR,58500.0,7.0,No
Lee Barry,21.0,Finance,61100.0,0.0,No
Christina Davis,38.0,Marketing,68700.0,6.0,No
Heather Page,27.0,Customer Support,42700.0,3.0,Yes
Jonathan Sanchez,26.0,Finance,64200.0,3.0,Yes
Caleb Ponce,30.0,Marketing,60200.0,7.0,Yes
Ronald Hines,27.0,Operations,,3.0,No
Phillip Obrien,,HR,70300.0,13.0,Yes
Adam Sanchez,37.0,Finance,81800.0,13.0,Yes
Jennifer Hoover,35.0,Operations,67500.0,9.0,No
Yolanda Johnson,32.0,Sales,63200.0,7.0,Yes
Philip Gilmore,43.0,Marketing,68000.0,13.0,Yes
Justin Carter,37.0,Engineering,94800.0,9.0,Yes
Danny Morgan,32.0,Finance,82000.0,7.0,Yes
Amber Ray,25.0,IT,74100.0,2.0,Yes
Sierra Moses,39.0,Engineering,94300.0,13.0,Yes
Kyle Perry,38.0,HR,63000.0,12.0,Yes
Julie Johnson,25.0,Engineering,70900.0,3.0,Yes
Steven Thomas,26.0,Finance,61500.0,4.0,
Thomas Kelly,45.0,IT,96300.0,13.0,No
Cathy Hess,22.0,Sales,43800.0,1.0,No
Amy Moore,23.0,Finance,67100.0,1.0,No
Danielle Davis,36.0,Operations,66000.0,10.0,Yes
Carrie Petersen,34.0,Engineering,81800.0,8.0,No
Sherry Anderson,35.0,Customer Support,53200.0,8.0,Yes
Chelsea Long,35.0,Engineering,88500.0,7.0,Yes
Julia Torres,36.0,HR,58800.0,10.0,Yes
Pamela Hubbard,41.0,Sales,,6.0,No
Joel Williams,33.0,Engineering,80100.0,7.0,No
Stacy Fitzgerald,39.0,Customer Support,53700.0,9.0,Yes
Karen Scott,54.0,IT,119000.0,25.0,Yes
Melinda Jacobs,40.0,Marketing,78500.0,12.0,Yes
Robert Hall,21.0,Sales,54900.0,,No
Kyle Johnson,27.0,IT,71200.0,3.0,No
Tina Brown,47.0,Operations,61600.0,9.0,Yes
Tammy Estrada,34.0,Customer Support,49200.0,5.0,No
Miranda Hicks,29.0,Sales,63100.0,6.0,Yes
Andrew Proctor,34.0,Marketing,56300.0,4.0,No
Paul Vasquez,27.0,Engineering,84000.0,5.0,No
Monica Brooks,24.0,Sales,58800.0,2.0,No
Tina Walter,30.0,Marketing,62200.0,5.0,No
Paul Guzman,37.0,Customer Support,43800.0,6.0,Yes
Kim Holmes,35.0,IT,86800.0,8.0,Yes
Tina Harper,24.0,Engineering,73700.0,2.0,No
Heidi Brown,55.0,IT,105400.0,21.0,Yes
Abigail Collins,28.0,Engineering,84400.0,4.0,Yes
Charles Romero,33.0,Operations,62900.0,6.0,No
Nancy Brown,35.0,Sales,52000.0,4.0,No
Michael Spencer,22.0,HR,40800.0,0.0,No
David Ruiz,47.0,Engineering,100400.0,14.0,Yes
Michael Phillips,38.0,Customer Support,54600.0,8.0,Yes
Darrell Curry,28.0,IT,79900.0,5.0,Yes
Donald Miller,46.0,Sales,77100.0,15.0,Yes
Thomas Turner,37.0,Marketing,69500.0,10.0,Yes
Jeffrey Holden,41.0,Finance,69600.0,10.0,Yes
Tammy Taylor,44.0,HR,53900.0,8.0,Yes
Annette Holland,21.0,Marketing,53300.0,0.0,No
Rebecca Cox,38.0,IT,89300.0,11.0,Yes
Mark Perez,41.0,Engineering,89600.0,9.0,Yes
Sharon Sims,38.0,Engineering,82000.0,6.0,Yes
Mrs. Sara Hebert,36.0,IT,65400.0,5.0,Yes
Carolyn Moore,36.0,HR,51100.0,6.0,No
Tiffany Nguyen,37.0,IT,86400.0,11.0,Yes
Ariel Murphy,41.0,IT,98500.0,15.0,Yes
David Garrison,28.0,Sales,52500.0,3.0,Yes
Danny Harris,35.0,Engineering,82700.0,10.0,Yes
Rebecca Kaufman DDS,45.0,IT,83400.0,13.0,Yes
Carl Rubio,29.0,Marketing,68000.0,3.0,No
Howard Thompson,52.0,Sales,87500.0,24.0,Yes
Oscar Kelly,21.0,HR,36200.0,0.0,No
Matthew Bennett,28.0,Sales,,5.0,Yes
Melissa Yang,,Sales,48000.0,0.0,No
Daniel White,29.0,IT,71500.0,3.0,No
Richard Parsons,50.0,HR,65400.0,,Yes
David Hernandez,32.0,Engineering,81800.0,5.0,Yes
Derek Jones,39.0,Customer Support,65300.0,14.0,Yes
Tiffany Davis,39.0,Marketing,69300.0,8.0,Yes
Ann Goodwin,56.0,Operations,88700.0,23.0,Yes
Mario Maxwell,32.0,Sales,54100.0,6.0,Yes
Erica Taylor,34.0,IT,84600.0,7.0,Yes
Ana Higgins,21.0,Operations,45700.0,0.0,No
Laurie Porter,24.0,HR,32400.0,1.0,No
Lauren Higgins,46.0,Engineering,105100.0,19.0,Yes
Wesley Rich,40.0,Finance,,16.0,Yes
Sarah Phillips,32.0,Finance,71300.0,9.0,Yes
Katherine Baxter,42.0,Marketing,80700.0,17.0,Yes
Mrs. Melissa Robinson,21.0,Sales,45100.0,0.0,No
Dr. Kelly Hammond DVM,42.0,,54100.0,14.0,Yes
Jay Walker,29.0,Customer Support,42300.0,3.0,Yes
Laura Hill,49.0,Sales,61200.0,12.0,Yes
Jesse Perry,35.0,Sales,70000.0,12.0,Yes
Christine Sanders,38.0,HR,55800.0,7.0,Yes
Patricia Johnson,42.0,Marketing,93300.0,17.0,Yes
Rebecca White,28.0,IT,68700.0,3.0,No
Anne Chambers,40.0,Sales,67500.0,10.0,Yes
Angel May,27.0,IT,70200.0,5.0,Yes
Jeffrey Williams,37.0,Customer Support,67100.0,11.0,Yes
John Daniel,44.0,IT,101100.0,13.0,Yes
Robert Stark,35.0,Sales,72000.0,10.0,Yes
Melissa Brown,34.0,Engineering,89000.0,8.0,Yes
Paula Evans,45.0,IT,,11.0,Yes
Tammie Bright,41.0,Sales,65700.0,7.0,Yes
Penny West,36.0,Finance,84000.0,9.0,Yes
Miguel Green,41.0,IT,94900.0,14.0,Yes
Jesse Riley,43.0,HR,61300.0,11.0,Yes
Samantha Johnson,24.0,Sales,56700.0,1.0,Yes
Charles Weaver,38.0,IT,82300.0,9.0,Yes
Bridget Bell,29.0,Operations,,5.0,Yes
Jeffrey Walters PhD,38.0,Engineering,79600.0,9.0,Yes
Nathaniel Rodriguez,39.0,Customer Support,48500.0,6.0,Yes
Chris Martin,42.0,Engineering,89500.0,11.0,Yes
Courtney Hayes,44.0,Marketing,66200.0,10.0,Yes
Christine Park,38.0,IT,78600.0,7.0,Yes
Crystal Abbott,43.0,Engineering,99600.0,11.0,Yes
Carl Dean,,Finance,71400.0,6.0,Yes
Ralph Gray,41.0,Operations,81200.0,16.0,Yes
Renee Mendez,56.0,Engineering,109900.0,16.0,Yes
Jesse Williams,44.0,Marketing,67600.0,8.0,Yes
Amber Turner,60.0,Customer Support,70400.0,21.0,Yes
Gina Hayes,46.0,Finance,71100.0,8.0,Yes
Justin Freeman,36.0,Finance,85400.0,12.0,Yes
Thomas Morse,21.0,Engineering,73500.0,0.0,No
Ronald Potter,32.0,Operations,65300.0,9.0,Yes
Charles Anderson,21.0,Engineering,64700.0,0.0,No
Patricia Anderson,25.0,HR,47400.0,3.0,No
Austin Briggs,27.0,Operations,52300.0,4.0,No
Amy Perez,22.0,Operations,38800.0,0.0,No
Aaron Scott,22.0,HR,39200.0,1.0,Yes
Eric Carney,21.0,IT,64600.0,0.0,No
Daniel Williams,41.0,IT,89800.0,12.0,Yes
Lauren Trujillo,33.0,IT,83000.0,7.0,Yes
Tyrone Collins,27.0,IT,65100.0,2.0,No
Lori Little,51.0,Marketing,91800.0,22.0,Yes
Daniel Wood,22.0,Operations,55000.0,1.0,No
Krista Wilson,30.0,Operations,55600.0,3.0,No
Craig Marsh,27.0,Marketing,54100.0,3.0,Yes
Nicolas Salas,27.0,IT,71100.0,5.0,Yes
Craig Beard,21.0,Operations,42700.0,0.0,No
Felicia Aguilar,41.0,HR,52900.0,8.0,Yes
Laura Cox,53.0,Finance,103300.0,24.0,Yes
Allison Hill,39.0,HR,52100.0,9.0,Yes
Claudia Wilson,44.0,Sales,75200.0,14.0,Yes
Erin Williams,48.0,IT,85000.0,11.0,Yes
Richard Saunders,36.0,IT,82300.0,8.0,No
Jeffery York,40.0,Engineering,100500.0,12.0,Yes
Thomas Reyes,45.0,Operations,,,Yes
Amanda Perkins,46.0,Sales,72100.0,12.0,Yes
Michael Elliott,35.0,Sales,59800.0,5.0,No
Victoria Berry,,Engineering,102300.0,19.0,Yes
Allison Spencer,33.0,Engineering,96500.0,10.0,Yes
Carrie Valdez,21.0,IT,67400.0,0.0,No
Yolanda Garrett,33.0,Customer Support,47500.0,7.0,Yes
Kristin Phillips,25.0,Engineering,76200.0,3.0,No
Michael Taylor,50.0,Marketing,79900.0,16.0,Yes
Robert Thompson,,Operations,79000.0,20.0,Yes
Jonathan Gallagher,36.0,IT,88900.0,,Yes
Tammy Williams,35.0,Marketing,68300.0,8.0,Yes
Austin Green,35.0,HR,67100.0,11.0,Yes
Raymond Chapman,35.0,Sales,341800.0,11.0,Yes
Brandon Mitchell,23.0,Engineering,74100.0,1.0,No
Daniel Shaw,,IT,74400.0,4.0,No
Paige Hernandez,53.0,Customer Support,66800.0,20.0,Yes
Miguel Pena,32.0,Engineering,92300.0,6.0,Yes
Maria Coleman,30.0,IT,65200.0,6.0,No
Natalie Burns,43.0,HR,61500.0,9.0,Yes
Timothy Schmitt,31.0,Customer Support,49200.0,7.0,Yes
Jocelyn Chambers,21.0,IT,72100.0,0.0,No
Stacey Clark,48.0,HR,64200.0,11.0,Yes
Jose Green,21.0,HR,48200.0,0.0,No
Donna Frye,34.0,IT,81000.0,7.0,No
Sandra Gonzalez,33.0,IT,83400.0,10.0,Yes
Kimberly Kane,51.0,HR,78400.0,20.0,Yes
Julie Gillespie,36.0,Finance,79600.0,12.0,Yes
Karla Ramos,27.0,Marketing,70700.0,2.0,Yes
Samuel Ellis,44.0,Sales,81700.0,19.0,Yes
Austin Kane,22.0,Sales,43900.0,1.0,No
Michael Valencia,32.0,Marketing,70500.0,7.0,Yes
Michael Bennett DVM,32.0,Marketing,57700.0,4.0,No
Eric Li,38.0,Finance,84600.0,13.0,Yes
Jill Anderson,30.0,IT,65900.0,4.0,Yes
Mark Weber,48.0,Marketing,81100.0,22.0,Yes
Randall Nguyen,39.0,Engineering,101200.0,14.0,Yes
Brenda Nicholson,47.0,Customer Support,89600.0,21.0,Yes
Rebecca Torres,35.0,Sales,60600.0,7.0,No
Jake Campbell,36.0,Customer Support,68000.0,12.0,Yes
David Garcia,40.0,Marketing,53500.0,7.0,No
Jason Morgan,44.0,Finance,91900.0,,Yes
Russell Anderson,42.0,Marketing,77500.0,15.0,Yes
Lisa Evans,32.0,Customer Support,46800.0,4.0,No
Joseph Mayer,,IT,100400.0,15.0,Yes
Karen Gonzalez,35.0,IT,85700.0,10.0,Yes
Lauren Daniels,49.0,Marketing,90800.0,17.0,Yes
Theresa Goodman,41.0,Finance,85700.0,11.0,Yes
Tracie Wiley,42.0,Operations,73200.0,13.0,Yes
Nancy Allen,29.0,Engineering,81100.0,5.0,No
Christina Castillo,,Marketing,51600.0,0.0,No
Christopher Marsh,21.0,Operations,47500.0,0.0,No
Shannon Jones,,Engineering,100400.0,14.0,Yes
Justin Jones,34.0,Engineering,57300.0,4.0,No
John Davidson,46.0,Engineering,91200.0,11.0,Yes
Vanessa Harris,47.0,Sales,89100.0,15.0,Yes
Brandon Montgomery,24.0,Engineering,79000.0,1.0,No
Kathryn Clark,47.0,Sales,77400.0,17.0,Yes
Christina Weber,48.0,Marketing,85300.0,22.0,Yes
Kimberly Jones,,Engineering,93800.0,8.0,Yes
Bobby Guerrero,50.0,IT,116500.0,24.0,Yes
Emily Rodgers,50.0,,96300.0,23.0,Yes
Manuel Mccullough,39.0,Operations,82100.0,13.0,
Tammy Melton,51.0,IT,84000.0,13.0,Yes
Sandra Drake,44.0,Engineering,461600.0,13.0,Yes
Kimberly Moore,38.0,Engineering,73400.0,6.0,Yes
Brian Fuller,34.0,Customer Support,,8.0,Yes
Patricia Paul,32.0,IT,69400.0,5.0,Yes
Tracy Guzman,40.0,Engineering,,9.0,Yes
Mr. Larry Shaw,38.0,IT,91200.0,14.0,Yes
Laurie Shaw,39.0,Sales,76000.0,12.0,Yes
Anna Valenzuela,36.0,Customer Support,56200.0,6.0,Yes
Jason Thomas,45.0,Marketing,84800.0,16.0,Yes
Carla Patterson,48.0,Marketing,79000.0,18.0,Yes
Marie Moody,28.0,Operations,69600.0,6.0,No
Anna Estes,22.0,Engineering,68400.0,,Yes
Mark Smith,,Operations,70300.0,,Yes
Mary Jones,29.0,Engineering,84400.0,4.0,Yes
Jesus Hale,26.0,Engineering,83000.0,3.0,No
Brittany Davis,33.0,Customer Support,,5.0,Yes
Anthony King,29.0,Marketing,64800.0,5.0,Yes
Jonathan Walton,34.0,Marketing,56500.0,9.0,Yes
Colleen Cox,34.0,IT,75100.0,7.0,Yes
Joshua Lewis,36.0,Customer Support,53800.0,9.0,Yes
Ryan Adams,37.0,IT,73500.0,9.0,Yes
Nancy Webb,32.0,Marketing,60600.0,7.0,No
Tyler Andrews,26.0,IT,67200.0,4.0,Yes
Jeffrey Carter,33.0,Engineering,85700.0,8.0,Yes
Brian Sloan,33.0,Marketing,74400.0,8.0,Yes
Christina Hudson,42.0,Operations,70800.0,10.0,Yes
Kerry Chavez DDS,43.0,IT,83900.0,13.0,Yes
Roger Holmes,21.0,HR,,,No
Susan Howard,44.0,Sales,89500.0,17.0,Yes
Brian Daugherty,29.0,Finance,69200.0,4.0,Yes
Melissa Carroll,34.0,Sales,64700.0,5.0,No
Jon Day Jr.,23.0,IT,72800.0,1.0,No
Wendy Williams,36.0,IT,86600.0,11.0,Yes
Taylor Salinas,24.0,Sales,54200.0,2.0,No
Matthew Murphy,22.0,Engineering,81000.0,0.0,No
Robert Hopkins,22.0,IT,63200.0,1.0,No
Tracey Phillips,40.0,Engineering,103400.0,14.0,Yes
Eddie Adams,28.0,Sales,51800.0,3.0,No
Bryan Martin II,29.0,IT,73500.0,4.0,No
Christopher Tate,37.0,IT,94200.0,13.0,Yes
Robert Garza,33.0,HR,54100.0,4.0,No
Amy Bailey,42.0,Marketing,74300.0,12.0,Yes
Joseph Walker Jr.,21.0,Finance,56800.0,0.0,No
Richard Brewer,,Marketing,70100.0,8.0,Yes
Dean Harrington,38.0,HR,61100.0,7.0,Yes
Latoya Terry,23.0,Sales,49800.0,1.0,No
David Nguyen,45.0,Engineering,107500.0,17.0,Yes
Chad Taylor,36.0,,78100.0,7.0,Yes
John Dixon,46.0,Sales,71300.0,15.0,Yes
Cody Burgess,38.0,Engineering,93700.0,6.0,No
Jeffrey Johnson,28.0,Customer Support,50800.0,5.0,Yes
Katelyn Gray,30.0,Marketing,52600.0,4.0,No
Gregory Stanley,35.0,Marketing,45500.0,6.0,No
Jim Foster,28.0,Sales,,5.0,No
Tammy Alvarado,27.0,Customer Support,42300.0,,No
Priscilla Romero,25.0,IT,70100.0,2.0,No
Janet Delgado,46.0,HR,80000.0,18.0,Yes
Jennifer Evans,21.0,Marketing,44700.0,0.0,No
Laura Davila,39.0,IT,84600.0,11.0,Yes
Anthony Romero,36.0,Finance,79700.0,12.0,Yes
Jenny Cardenas,48.0,Finance,93300.0,21.0,Yes
Michael Cruz,31.0,IT,71300.0,4.0,Yes
Christopher Gutierrez,29.0,,60800.0,5.0,No
Ashley Santos,,Sales,67600.0,8.0,Yes
Catherine Garcia,40.0,Marketing,81200.0,10.0,Yes
Martha Bailey,50.0,Sales,67500.0,12.0,Yes
Michael Jackson,43.0,Engineering,86600.0,8.0,No
Kyle Black,46.0,Marketing,89500.0,21.0,Yes
Matthew Mueller,24.0,Engineering,70500.0,1.0,No
Chris Velazquez,,Engineering,79500.0,7.0,Yes
David Moreno,28.0,Engineering,88600.0,5.0,No
Katherine Welch,39.0,Sales,65200.0,7.0,Yes
Brian Bright,39.0,Finance,85400.0,14.0,Yes
Mark Jimenez,21.0,IT,64400.0,0.0,No
Wayne Davis,45.0,Operations,82200.0,20.0,Yes
Erica Green,,Customer Support,40300.0,1.0,Yes
Roger Sullivan,31.0,Operations,,6.0,No
Yolanda Keith,33.0,Engineering,76300.0,6.0,Yes
Richard Scott,31.0,Operations,48800.0,3.0,No
Alejandra Ellis,30.0,Finance,77600.0,5.0,Yes
Nicholas Pace,21.0,Sales,65800.0,0.0,No
Karen Robertson,39.0,Engineering,89100.0,12.0,Yes
Megan Anderson,32.0,,55200.0,9.0,Yes
Sydney Welch,40.0,Customer Support,54400.0,10.0,No
John Allen,49.0,Sales,97300.0,22.0,Yes
Gail Vasquez,27.0,IT,68500.0,3.0,No
Caitlin Curry,32.0,Engineering,91100.0,,Yes
Patricia Vincent,31.0,Marketing,56600.0,4.0,No
Kimberly Gibson,50.0,IT,108500.0,23.0,Yes
Katherine Flores,42.0,Engineering,97100.0,11.0,Yes
Kim Williams,58.0,Operations,83700.0,13.0,Yes
Heather Stevens,31.0,Sales,64800.0,7.0,Yes
Parker Cain,40.0,HR,65500.0,13.0,Yes
Jacqueline Davis,34.0,Sales,55400.0,5.0,No
Emily Middleton,34.0,Finance,64900.0,5.0,Yes
Renee Wolfe,24.0,HR,45700.0,1.0,No
Rebecca Brown,25.0,Customer Support,51600.0,3.0,No
Theresa Mercer,53.0,,67600.0,17.0,Yes
Jason Waters,27.0,Marketing,58500.0,3.0,No
Bailey Stewart,,IT,73800.0,9.0,Yes
Paul Wagner,44.0,HR,70000.0,16.0,Yes
Betty Cole,26.0,IT,71900.0,4.0,Yes
Erica Baker,34.0,Operations,52100.0,6.0,Yes
Donna Wright,23.0,Engineering,61800.0,1.0,No
Erik Dean,21.0,Marketing,55200.0,0.0,No
Kristen Blair,29.0,Finance,65400.0,3.0,Yes
Haley Jackson,35.0,Finance,80900.0,7.0,Yes
Todd Bishop,30.0,Marketing,56800.0,7.0,Yes
Shelby Rodriguez,32.0,HR,58800.0,9.0,Yes
Benjamin Price,37.0,IT,85400.0,10.0,Yes
Howard Castillo,40.0,Finance,72700.0,11.0,Yes
Kelly Woods,21.0,Sales,46600.0,0.0,No
Dana Hopkins,26.0,Marketing,58700.0,2.0,No
Margaret White,27.0,Finance,61800.0,3.0,Yes
William Wolfe,30.0,Operations,53300.0,4.0,Yes
James Oconnor,42.0,Operations,59100.0,8.0,Yes
Alisha Rasmussen,38.0,IT,83900.0,8.0,Yes
Joseph Knight,34.0,Finance,75400.0,8.0,Yes
Michael Chandler,24.0,Finance,64100.0,2.0,No
Gary Marshall,21.0,IT,62900.0,0.0,No
Jessica Fisher,34.0,Finance,77600.0,7.0,Yes
April Davis,50.0,HR,98100.0,24.0,Yes
Anthony Hernandez,51.0,Engineering,119800.0,24.0,Yes
Kevin Hall,33.0,Marketing,66800.0,7.0,Yes
Robert James,33.0,Operations,62100.0,7.0,Yes
Amy Wright,47.0,Operations,,21.0,Yes
Christina Patrick,35.0,Operations,71400.0,10.0,Yes
Danielle Perkins,29.0,IT,66400.0,5.0,No
Jessica Simmons,39.0,Customer Support,59300.0,12.0,Yes
Denise Mccann,45.0,Operations,74800.0,19.0,Yes
Emily Henderson,32.0,Engineering,89000.0,7.0,Yes
John Diaz,25.0,Marketing,46900.0,1.0,No
Joyce Bowen,26.0,Customer Support,57700.0,4.0,No
Lisa Archer,30.0,IT,81000.0,7.0,Yes
Rebecca Klein,32.0,IT,81200.0,4.0,No
Rebecca Zimmerman,35.0,Finance,78300.0,12.0,Yes
Keith Jennings,42.0,Sales,79000.0,12.0,Yes
James Hernandez,31.0,IT,65500.0,7.0,Yes
Allison Mcpherson DDS,34.0,Marketing,71600.0,8.0,Yes
Michelle Martinez,34.0,Sales,69000.0,11.0,Yes
Elizabeth Thomas,21.0,Engineering,72600.0,0.0,No
Kevin Grant,43.0,Marketing,284000.0,17.0,Yes
Jordan Chambers,35.0,Sales,,6.0,No
Samantha Alvarez,28.0,Marketing,,,No
Debbie Gordon,50.0,Sales,101600.0,22.0,Yes
Samuel Mata,29.0,IT,70300.0,5.0,No
Nicole Barron,28.0,Finance,56900.0,3.0,No
Alyssa Morales,33.0,Customer Support,64200.0,8.0,No
Ryan Hardy,36.0,Finance,86800.0,10.0,Yes
Russell Green,31.0,Finance,63400.0,5.0,Yes
Michael Hunter,43.0,Marketing,64700.0,7.0,Yes
Jonathan Bates,36.0,Finance,85600.0,8.0,
Lisa Morgan,27.0,Operations,65100.0,4.0,Yes
Kristy Bryan,37.0,Operations,68700.0,13.0,Yes
Joseph Conway,35.0,Operations,61200.0,9.0,Yes
Donna Mejia,34.0,Sales,70900.0,10.0,Yes
Ms. Kelly Holder,31.0,IT,69800.0,8.0,Yes
Tracy Parker,38.0,IT,,7.0,Yes
Jessica Jones,49.0,Marketing,64000.0,9.0,No
Michele Ford,51.0,IT,69800.0,9.0,Yes
Amber Williams,38.0,HR,79000.0,11.0,Yes
Jack Garcia,31.0,IT,68300.0,7.0,Yes
Melissa Davis,30.0,Engineering,84600.0,4.0,Yes
Ms. Mackenzie Barton,54.0,Sales,,10.0,No
Mary Hoffman,34.0,Customer Support,50100.0,5.0,Yes
Jeanne Mills,31.0,Finance,81000.0,8.0,Yes
Cindy Young,35.0,Engineering,81000.0,6.0,Yes
Jennifer Smith,36.0,IT,91600.0,13.0,Yes
Craig Nicholson,26.0,,46200.0,2.0,Yes
Darren Morris,21.0,IT,68000.0,0.0,No
Dylan Guzman,30.0,Sales,65300.0,5.0,Yes
Kimberly Thompson,45.0,Engineering,,17.0,Yes
Amanda Hart DVM,21.0,IT,62800.0,0.0,No
Mark Frank,28.0,Finance,71300.0,4.0,No
Jenna Bryant,47.0,Customer Support,59600.0,12.0,Yes
Tyler Velazquez,21.0,HR,40500.0,0.0,No
Dennis Douglas,34.0,Engineering,99600.0,10.0,Yes
Jose Gross,21.0,Sales,50900.0,0.0,Yes
Luis Nelson,37.0,Sales,,10.0,Yes
Nathan Brown,48.0,Operations,76200.0,12.0,Yes
Andrew Cortez,36.0,HR,69400.0,12.0,Yes
Luke Bush,29.0,IT,86000.0,5.0,Yes
Andrea Jones,39.0,Operations,73400.0,9.0,Yes
Peter Campbell,40.0,Sales,71800.0,15.0,Yes
Thomas Short,41.0,Engineering,94300.0,14.0,Yes
Christopher Shelton,29.0,Engineering,82000.0,3.0,No
Kimberly Holmes,27.0,Operations,58800.0,3.0,No
Christian Rodriguez,28.0,IT,61000.0,3.0,Yes
Valerie Morgan,44.0,Sales,71200.0,12.0,Yes
Robert Mclean,29.0,Marketing,70300.0,7.0,Yes
Sandra Kirby,22.0,Marketing,63400.0,0.0,No
Sarah Holt,37.0,Customer Support,52100.0,9.0,Yes
Gregory Wiggins,55.0,IT,91100.0,18.0,Yes
Debra White,39.0,Marketing,68400.0,10.0,Yes
Luis Wells,32.0,Engineering,73500.0,8.0,Yes
David Davis,35.0,HR,57600.0,11.0,Yes
Ricky Luna,23.0,IT,,2.0,No
Amanda Walters,21.0,,44400.0,0.0,No
Andrew Meyers,24.0,Marketing,54700.0,1.0,Yes
Lori Krueger,40.0,Operations,59800.0,6.0,No
Courtney Smith,21.0,IT,61500.0,0.0,No
Crystal James,28.0,Engineering,84600.0,4.0,No
Ashley Bowman,29.0,Sales,65900.0,4.0,No
Mr. Gregory Hart,29.0,Engineering,73100.0,6.0,No
James Richardson,50.0,Finance,103700.0,23.0,Yes
Jordan Schneider,,Engineering,104500.0,14.0,
Joshua Hayes,33.0,HR,57600.0,5.0,Yes
Patrick Bird,32.0,Operations,58900.0,4.0,No
Emily Wilson,39.0,Finance,73900.0,,Yes
Sergio Carroll,26.0,Engineering,77100.0,4.0,Yes
Joshua Guerrero,32.0,Operations,72600.0,8.0,Yes
John Garcia,42.0,Customer Support,58500.0,13.0,Yes
Andrea Donaldson,23.0,IT,66800.0,1.0,No
Alicia Warren,41.0,IT,95600.0,16.0,Yes
Erin Mason,30.0,Sales,63500.0,3.0,No
Karen Chambers,31.0,Finance,54800.0,4.0,No
Diane Taylor,34.0,Engineering,73500.0,9.0,Yes
Emily Fitzpatrick,37.0,Engineering,85500.0,5.0,No
Brandon Pruitt,40.0,HR,77200.0,15.0,Yes
Jessica Romero,35.0,Marketing,70800.0,10.0,Yes
Angela Parks,27.0,Customer Support,54900.0,5.0,No
Todd Lutz,44.0,Engineering,104800.0,16.0,Yes
Emily Herrera,37.0,IT,81100.0,11.0,Yes
Tammy Lopez,41.0,Marketing,72200.0,7.0,Yes
Eric Barker,22.0,Operations,39700.0,1.0,No
Christopher Porter,36.0,IT,76600.0,7.0,Yes
Tammy Garcia,21.0,Finance,48000.0,0.0,No
Jonathan Graves,32.0,IT,66700.0,5.0,No
Brittany Sanchez,29.0,IT,75500.0,6.0,No
Heather Morales,28.0,Engineering,82700.0,4.0,No
Kaitlyn Phillips,29.0,Sales,56300.0,4.0,No
Kevin Stokes,27.0,Finance,55900.0,2.0,No
Nancy Bradford,21.0,Sales,53200.0,0.0,No
Heather Bowers,29.0,HR,48200.0,3.0,Yes
Eric Wright,21.0,Operations,46200.0,0.0,No
Theresa Woods,33.0,IT,64200.0,4.0,No
Mary Morgan,40.0,Customer Support,58800.0,10.0,No
Jenna Larson,26.0,Engineering,77600.0,4.0,No
Mark Elliott,46.0,Engineering,81300.0,10.0,Yes
Tara Hale,26.0,HR,55300.0,3.0,No
Joshua Herman,30.0,Engineering,77100.0,,No
Eugene Martinez,37.0,Operations,65400.0,12.0,Yes
David Silva,52.0,Finance,87700.0,13.0,Yes
Amy Clark,31.0,Engineering,77000.0,7.0,No
Jacqueline Banks,23.0,IT,75600.0,2.0,No
Brian Nichols,26.0,Engineering,78300.0,2.0,No
Joann Glass,31.0,Engineering,83300.0,5.0,Yes
Heather Bolton,48.0,Operations,67000.0,13.0,Yes
Crystal Smith,21.0,IT,65200.0,0.0,No
Jeff Jackson,40.0,Operations,57400.0,9.0,Yes
Anthony Terry,26.0,Finance,70100.0,3.0,No
Aaron Schroeder,31.0,Engineering,80800.0,5.0,Yes
Eric Williams,33.0,Sales,52800.0,7.0,
Guy Reynolds,42.0,IT,70500.0,7.0,Yes
Chase Matthews,28.0,IT,84000.0,4.0,Yes
Jeffrey White,40.0,Sales,81100.0,12.0,Yes
Christopher Simmons,38.0,Operations,71500.0,12.0,Yes
Dennis Garcia,39.0,Customer Support,52300.0,6.0,Yes
Jonathan Davis,21.0,Operations,58200.0,0.0,No
Kathy Gutierrez,47.0,HR,57500.0,12.0,Yes
Matthew Mccullough,32.0,Operations,64900.0,8.0,Yes
Jesse Davis,48.0,IT,78700.0,,Yes
Tammy Hill,38.0,Sales,79300.0,14.0,Yes
David Mason,22.0,Operations,58300.0,0.0,No
Amanda Gonzalez,38.0,Engineering,100300.0,14.0,Yes
Bonnie Wade,33.0,IT,83800.0,9.0,
Anthony Cook,48.0,Engineering,109900.0,21.0,Yes
Craig Smith,38.0,Finance,65400.0,5.0,Yes
Phillip Fowler,34.0,IT,77600.0,8.0,Yes
Michael Rodriguez,47.0,IT,71700.0,8.0,Yes
Hannah Williamson,39.0,Marketing,71900.0,14.0,Yes
Mark Mills,21.0,HR,49700.0,0.0,Yes
Sandra Walker,35.0,Sales,76500.0,4.0,No
Jose Collins,24.0,Sales,52800.0,2.0,No
Anthony Randolph,51.0,Engineering,122100.0,25.0,Yes
Taylor Taylor,31.0,Marketing,66100.0,5.0,No
Robin Thompson,50.0,Sales,97300.0,21.0,Yes
Chad Daugherty,39.0,Marketing,61800.0,13.0,Yes
Anthony Everett,42.0,HR,70800.0,14.0,Yes
Eric Thomas,35.0,Sales,68400.0,10.0,Yes
Richard Best,33.0,HR,55200.0,7.0,Yes
Julie Sharp,37.0,Marketing,74700.0,10.0,Yes
Judith Bartlett,,Engineering,77300.0,2.0,No
Lisa Joseph,36.0,Marketing,68300.0,8.0,Yes
Anthony Morse,22.0,Engineering,83300.0,0.0,No
Taylor Stark,34.0,Finance,71700.0,7.0,Yes
Lee Rivera,52.0,,108100.0,17.0,Yes
Richard Bauer,29.0,Engineering,83700.0,6.0,Yes
Tammy Morris,35.0,Sales,56700.0,9.0,Yes
James Jefferson,38.0,IT,84500.0,10.0,Yes
Cheryl Newman,26.0,Finance,63000.0,3.0,No
Daniel Flynn,34.0,Engineering,82600.0,5.0,No
Renee Farmer,40.0,Marketing,70800.0,14.0,Yes
Jennifer Fletcher,40.0,,84400.0,11.0,Yes
Jaclyn Long,32.0,Marketing,57800.0,,No
Dustin Jordan,36.0,Sales,65200.0,8.0,Yes
Karen Mendez,21.0,Engineering,70500.0,0.0,No
Brenda Cruz,29.0,Engineering,88000.0,6.0,No
Lisa Ochoa,30.0,Sales,68600.0,7.0,Yes
Maria Valenzuela,37.0,Marketing,73900.0,13.0,Yes
Jessica Harris,35.0,Sales,66400.0,5.0,
Richard Mitchell,21.0,IT,74300.0,0.0,No
Latasha Washington,44.0,Engineering,83900.0,,Yes
Jennifer Esparza,39.0,Sales,74900.0,14.0,Yes
Tanya Russell,44.0,Finance,86600.0,13.0,Yes
Dale Bartlett,32.0,Sales,61400.0,5.0,No
Rebecca Johnson,38.0,HR,57500.0,6.0,No
Carol Taylor,33.0,IT,89100.0,10.0,Yes
Frank Cordova,29.0,Customer Support,37700.0,2.0,No
Michael Dalton,42.0,Marketing,68800.0,12.0,Yes
Jessica Richardson,44.0,Sales,71300.0,13.0,Yes
Anthony Rodriguez,32.0,Sales,53300.0,5.0,No
Brittany Davis,44.0,IT,83600.0,8.0,Yes
Zachary Miller,23.0,HR,45500.0,1.0,No
Cody Woods,35.0,Sales,60000.0,5.0,Yes
Jermaine Barnes,26.0,Sales,58700.0,2.0,No
Monica Richardson,41.0,Customer Support,70400.0,16.0,Yes
Valerie Robertson,30.0,Engineering,83600.0,7.0,Yes
Candice Gomez,31.0,Marketing,59300.0,6.0,Yes
Arthur White,36.0,Engineering,92600.0,9.0,Yes
Justin White,21.0,Customer Support,48300.0,0.0,No
Olivia Rodriguez,41.0,IT,103500.0,17.0,Yes
Mary Lee,38.0,HR,48200.0,7.0,
Andrew Powell,52.0,Engineering,110700.0,20.0,Yes
Michael Barker,35.0,Customer Support,48600.0,9.0,Yes
Virginia Jimenez,21.0,Sales,52600.0,0.0,No
Alexander Zavala,29.0,Finance,67000.0,5.0,No
Robert Reese,31.0,IT,76200.0,6.0,Yes
John Pierce,31.0,Engineering,79200.0,3.0,No
Tina Wilson,45.0,HR,70800.0,,Yes
Thomas Carr,32.0,Engineering,92300.0,8.0,Yes
Erin Nelson,53.0,IT,109200.0,21.0,Yes
Sharon Cook,39.0,Engineering,91600.0,12.0,Yes
Lisa Ramirez,41.0,Operations,62300.0,7.0,Yes
Susan Figueroa,33.0,Operations,64900.0,4.0,Yes
Diane Mcdowell,36.0,IT,79900.0,7.0,Yes
Pamela Burnett,26.0,Marketing,61300.0,3.0,No
Becky Smith,36.0,Sales,62100.0,6.0,No
Brittney Bowman,48.0,IT,101200.0,17.0,Yes
Jerry Johnson,31.0,IT,86200.0,8.0,Yes
Linda Bailey,47.0,IT,112900.0,21.0,
Jennifer Nguyen,30.0,HR,,6.0,Yes
Alicia Wilson,32.0,Operations,47200.0,4.0,No
Heidi Blankenship,50.0,Finance,,11.0,Yes
Devin Hardin,55.0,HR,72000.0,13.0,Yes
Donald Bell,23.0,IT,75900.0,2.0,No
Holly Rivas,,Engineering,96200.0,11.0,Yes
Wesley Brown,31.0,Finance,59500.0,4.0,No
Matthew Jones,29.0,Customer Support,54700.0,3.0,Yes
Richard Roy,30.0,Operations,63600.0,7.0,Yes
Peter Anderson,45.0,IT,87500.0,11.0,Yes
Belinda Fisher,40.0,Sales,83800.0,13.0,Yes
Ryan Myers,24.0,Finance,,2.0,No
Vanessa Hatfield,37.0,Marketing,65800.0,8.0,Yes
Heather Mcmahon,37.0,IT,,6.0,No
Diane Byrd MD,,Operations,51700.0,2.0,No
Stacy Harper,44.0,Finance,84600.0,15.0,Yes
Richard Smith,31.0,Engineering,91400.0,7.0,Yes
William Turner,32.0,Engineering,79800.0,9.0,Yes
Desiree Patterson,41.0,HR,59500.0,12.0,Yes
Thomas Murphy,27.0,IT,71100.0,3.0,No
Karl Moore,40.0,Engineering,72500.0,7.0,No
Jessica Bowen,29.0,Engineering,81000.0,4.0,No
Kimberly Choi,26.0,Operations,52500.0,3.0,No
Randy Kennedy,38.0,IT,80700.0,11.0,Yes
Rickey Hall,33.0,Engineering,94100.0,10.0,Yes
Steven Martin,34.0,Marketing,63000.0,10.0,Yes
Yvette Marks,35.0,Operations,47900.0,5.0,Yes
Andrew Holder,39.0,Engineering,83700.0,8.0,Yes
Tiffany Harris,21.0,Engineering,76400.0,0.0,No
Eric Clark,43.0,Marketing,71900.0,15.0,Yes
Michelle Walls,37.0,Marketing,74200.0,9.0,Yes
Ashley Sanders,50.0,IT,123700.0,24.0,Yes
Joshua Dunlap,41.0,Engineering,93300.0,12.0,Yes
Gerald Moran,35.0,Finance,74400.0,9.0,Yes
Heather Hess,30.0,Customer Support,57300.0,6.0,No
Angie Henderson,41.0,Engineering,100300.0,14.0,Yes
Diana Rogers,36.0,Engineering,78000.0,,No
Julie Martinez,39.0,Engineering,102600.0,13.0,Yes
Casey Campbell,47.0,Finance,88800.0,18.0,Yes
Sherry Porter,22.0,Engineering,52800.0,1.0,Yes
Carol Johnson,32.0,IT,77400.0,6.0,No
Traci Vincent,48.0,Finance,86100.0,11.0,Yes
Nicole Barton,30.0,Operations,55500.0,4.0,Yes
Erika Alvarez,49.0,,92200.0,20.0,Yes
Rachel Patel,41.0,Customer Support,62500.0,15.0,Yes
Carlos Hensley,26.0,Engineering,82200.0,4.0,No
Megan Carter,25.0,Finance,59900.0,2.0,No
Holly Vega,49.0,Marketing,62400.0,9.0,Yes
Ashley Alvarez DVM,33.0,Sales,67200.0,9.0,Yes
Mr. Jerry Robinson,30.0,Marketing,71900.0,7.0,No
Richard Schmidt,27.0,Marketing,62900.0,5.0,No
Teresa Martinez,21.0,Operations,43300.0,0.0,No
Ann Hansen,41.0,Operations,70300.0,11.0,Yes
Jennifer Gonzalez,42.0,Customer Support,57500.0,12.0,Yes
Jesse Mccormick,26.0,Engineering,73500.0,2.0,No
Debbie Schmidt,37.0,Engineering,86000.0,6.0,No
Dr. Paul Morgan,33.0,Operations,57300.0,5.0,Yes
Scott Stephens,31.0,Engineering,84300.0,7.0,Yes
Frank Whitaker,42.0,IT,98000.0,10.0,Yes
Jorge Lee,38.0,Marketing,79400.0,12.0,Yes
Michael Clay,29.0,HR,51400.0,3.0,Yes
Raymond Harris,46.0,Operations,85900.0,21.0,Yes
Jennifer Reilly,26.0,Marketing,50200.0,2.0,No
Robert Miller,45.0,Finance,75600.0,9.0,Yes
Michele Cherry,55.0,Engineering,102300.0,16.0,Yes
Daniel Sullivan,56.0,Operations,71200.0,,Yes
Clifford Poole,21.0,IT,76800.0,0.0,No
Jamie Martin,38.0,Finance,74400.0,13.0,Yes
Mr. Paul Chase,28.0,Engineering,84800.0,5.0,Yes
Rodney Salinas,32.0,Finance,74500.0,4.0,No
Richard Munoz,32.0,Marketing,62800.0,6.0,No
Anthony Christensen,49.0,Sales,88600.0,21.0,Yes
Amanda Swanson,41.0,Sales,62200.0,13.0,Yes
Lauren Marshall,30.0,Engineering,83600.0,7.0,No
Lisa Johnson,30.0,Engineering,81300.0,6.0,No
Elizabeth Chase,39.0,IT,81400.0,8.0,Yes
Christina White,36.0,Sales,63800.0,8.0,Yes
Robert Woods,36.0,IT,80600.0,12.0,Yes
Jennifer Cline MD,36.0,Engineering,80600.0,6.0,Yes
Susan Johnson,47.0,Operations,62300.0,18.0,Yes
Alejandra Fernandez,,Marketing,67200.0,4.0,Yes
Andre Haynes,30.0,,75500.0,7.0,Yes
Christine Montgomery,35.0,Operations,56600.0,5.0,No
Joshua King,33.0,Customer Support,47900.0,6.0,Yes
Laura Roberts,43.0,IT,93500.0,18.0,Yes
Antonio Johnson,47.0,IT,84100.0,19.0,Yes
William Fisher,31.0,Engineering,86500.0,4.0,No
Sean Anderson,44.0,Sales,74100.0,9.0,Yes
Jennifer Goodwin,58.0,Engineering,125200.0,30.0,Yes
Renee Thompson,31.0,HR,53600.0,8.0,Yes
Traci Martinez,41.0,Sales,72800.0,7.0,Yes
Tracy Hernandez,38.0,HR,56500.0,9.0,Yes
Vincent Zuniga,30.0,IT,77300.0,4.0,No
Marie Thompson,29.0,Engineering,73700.0,4.0,No
Danny Butler,31.0,Engineering,80600.0,5.0,No
Julie Wallace,43.0,Operations,61200.0,7.0,
Melissa Santos,32.0,Sales,58400.0,7.0,No
Michele Ayala,29.0,IT,79000.0,5.0,Yes
Dean Donovan,30.0,Customer Support,39900.0,5.0,No
Amy Olsen,43.0,Engineering,77000.0,8.0,No
Jon Ramos,40.0,HR,63000.0,11.0,Yes
Corey Caldwell,23.0,Operations,50100.0,1.0,No
Kenneth Schmidt,28.0,IT,70700.0,6.0,
Brian Harris,21.0,Finance,48000.0,0.0,No
Dale Chan,34.0,Customer Support,46200.0,7.0,Yes
Daryl Olson,37.0,Marketing,55700.0,7.0,Yes
Brett Maxwell,37.0,Marketing,63700.0,6.0,Yes
Dylan Long,43.0,Sales,64300.0,13.0,Yes
Maria Smith,34.0,Engineering,90500.0,6.0,
Dr. Hannah Patterson,41.0,IT,78000.0,9.0,Yes
Vanessa Cunningham,46.0,HR,67400.0,17.0,Yes
Megan Green,36.0,Engineering,102300.0,12.0,Yes
Michael Saunders,32.0,Customer Support,37600.0,4.0,No
Julia Marks,21.0,IT,72100.0,0.0,No
Angela Ramos,41.0,Customer Support,66800.0,12.0,
Francisco Johnson,52.0,Customer Support,75900.0,24.0,Yes
Stephen Young,45.0,Sales,64300.0,11.0,Yes
Erika Daugherty,41.0,IT,73300.0,10.0,Yes
Jose Hartman,30.0,Finance,69800.0,5.0,
Sherry Adams,34.0,Finance,73700.0,5.0,No
Eric Rush,21.0,Finance,58500.0,0.0,No
Edward Keller,33.0,IT,69700.0,4.0,No
Jenna Gamble,29.0,IT,77600.0,4.0,No
Tyler Dominguez,30.0,IT,78300.0,7.0,
Martin Hall,27.0,IT,78700.0,4.0,No
Laura Thomas,37.0,Operations,57500.0,8.0,Yes
Nicole Chung,35.0,Finance,78400.0,5.0,No
Jeremy Wallace,26.0,Finance,60700.0,4.0,Yes
Jon Clark,57.0,HR,93800.0,28.0,Yes
Jennifer Bennett,36.0,Marketing,75000.0,11.0,Yes
Joshua Perry,52.0,Engineering,88500.0,10.0,Yes
Kevin Marshall,35.0,Engineering,79300.0,5.0,No
Amber Bennett,31.0,HR,62700.0,7.0,Yes
Richard Stevens,27.0,Customer Support,,3.0,No
Jasmin Hamilton,44.0,IT,97200.0,13.0,Yes
Timothy Hill,,Sales,81300.0,13.0,Yes
Erin Figueroa,50.0,IT,91400.0,14.0,Yes
Mr. Justin Green III,22.0,Sales,49200.0,1.0,No
Kathryn Mendez,42.0,IT,93400.0,16.0,Yes
Rose Kaiser,32.0,Sales,59000.0,7.0,Yes
Karen Johnson,35.0,Engineering,75500.0,6.0,Yes
Kristina Monroe,23.0,IT,68600.0,1.0,No
Amanda Sullivan MD,29.0,Engineering,78800.0,4.0,No
Bryan Gonzalez MD,41.0,IT,83800.0,7.0,No
Russell Bailey,28.0,HR,57600.0,4.0,No
Kim Arnold,26.0,Finance,61500.0,3.0,No
Kimberly Gutierrez,39.0,Engineering,98500.0,13.0,Yes
Rodney Duran,37.0,Sales,55600.0,,No
Annette Mcguire,40.0,Operations,65900.0,12.0,Yes
Rita Graves,,Marketing,73100.0,12.0,Yes
Penny Gomez MD,21.0,Finance,64700.0,0.0,No
John Anderson,29.0,Marketing,63900.0,4.0,No
Matthew Ramirez,33.0,Operations,54000.0,7.0,No
Maria Cook,29.0,Engineering,77200.0,5.0,No
Sarah Sanchez,28.0,Engineering,82600.0,5.0,No
Jesse Perez,26.0,IT,75800.0,4.0,No
Travis Harris,40.0,Sales,72000.0,14.0,Yes
Joshua Reed,23.0,Engineering,79700.0,1.0,No
Ashley Edwards,36.0,Finance,87400.0,10.0,Yes
Todd Reynolds,42.0,Sales,65200.0,8.0,Yes
Robert Brandt,31.0,IT,74100.0,5.0,Yes
Joseph Watson,45.0,Sales,66500.0,,Yes
Rhonda Pena,51.0,Customer Support,52900.0,9.0,Yes
Roger Weaver,43.0,IT,98700.0,15.0,Yes
Calvin Smith,31.0,Marketing,60800.0,8.0,Yes
Nicholas Calhoun,22.0,IT,60500.0,0.0,No
Seth Olsen,36.0,Operations,63600.0,12.0,Yes
Mrs. Tammy Curry,42.0,Operations,81900.0,14.0,Yes
Tom Perez,22.0,Engineering,71100.0,1.0,No
Scott Miranda,43.0,Operations,69600.0,15.0,Yes
Teresa Cohen,22.0,Engineering,70900.0,1.0,Yes
Ralph Dominguez,46.0,Finance,91200.0,14.0,Yes
Joshua Moran,26.0,Marketing,52500.0,2.0,Yes
Jerry Jensen,29.0,Finance,60100.0,4.0,No
Jamie Mayer,25.0,Operations,49000.0,2.0,No
Daniel Baker,30.0,Marketing,52000.0,5.0,Yes
Michael Henry,37.0,HR,57500.0,8.0,Yes
Taylor Acevedo,22.0,IT,67900.0,1.0,No
Greg Tanner,45.0,Engineering,86400.0,9.0,Yes
Andrew Moreno,23.0,IT,72800.0,1.0,No
Timothy Fletcher,39.0,IT,84300.0,12.0,Yes
Cindy Estrada,32.0,IT,77100.0,8.0,Yes
Brittany Heath,39.0,Sales,59900.0,9.0,Yes
Jennifer Hernandez,28.0,Customer Support,44200.0,6.0,Yes
Shannon Yu,37.0,Engineering,80700.0,10.0,Yes
Susan Snyder,33.0,Sales,72500.0,9.0,Yes
Joshua Reed,24.0,IT,57100.0,1.0,No
Michael Neal,45.0,Marketing,67000.0,12.0,No
Juan Moore,33.0,Finance,72400.0,9.0,Yes
Matthew Watson,34.0,Sales,72600.0,7.0,Yes
Katie Hardin,38.0,Operations,53100.0,9.0,Yes
Katie Brown,33.0,Engineering,83500.0,5.0,No
Victor Harmon,43.0,IT,73800.0,9.0,Yes
Jennifer Smith,26.0,IT,67600.0,3.0,No
April Wiley,38.0,IT,85300.0,7.0,Yes
Joshua Scott,27.0,Engineering,74600.0,4.0,No
Deborah Graves,52.0,IT,92500.0,11.0,Yes
Lance Kirby,42.0,,91800.0,13.0,Yes
Yolanda Chen,25.0,Sales,58800.0,1.0,No
Adam White,34.0,Marketing,77000.0,10.0,Yes
Mr. William Ward,43.0,IT,78500.0,10.0,No
Darren Reyes,41.0,Finance,79500.0,14.0,Yes
Aaron Shepard,36.0,Marketing,67300.0,6.0,Yes
Katherine Caldwell,38.0,HR,62300.0,11.0,Yes
Michelle King,21.0,Sales,44400.0,0.0,No
Gloria Mckinney,40.0,Engineering,92800.0,8.0,No
Pamela Weaver,50.0,,69600.0,13.0,Yes
Melissa Sparks,35.0,Engineering,91600.0,8.0,Yes
Craig Dean,41.0,Engineering,90400.0,7.0,Yes
Chad Hurley,22.0,IT,58500.0,0.0,No
Pamela Davis,42.0,Engineering,95800.0,14.0,Yes
Debra Smith,28.0,Engineering,72700.0,5.0,No
Kayla Williams,27.0,IT,82700.0,5.0,Yes
Heidi Graham,43.0,IT,82400.0,8.0,Yes
Samuel Bowman,41.0,Sales,75700.0,11.0,Yes
Troy Ward,22.0,Sales,58300.0,1.0,No
Keith Johnson,39.0,Finance,86400.0,14.0,
Ryan Cobb PhD,37.0,Finance,83200.0,12.0,Yes
Robert Miranda,44.0,Engineering,,15.0,Yes
Marie Patterson,23.0,Marketing,57000.0,1.0,No
Francisco Coleman,21.0,Sales,56400.0,0.0,No
Marcus Johnson,40.0,IT,75500.0,9.0,Yes
Barbara Burns,26.0,HR,,4.0,No
Sara Flores,33.0,Engineering,89500.0,8.0,Yes
Gary Gilbert,24.0,Engineering,80900.0,2.0,No
Stephanie Williams,54.0,Engineering,83200.0,14.0,Yes
Anna Henderson,22.0,Marketing,46500.0,1.0,Yes
Emily Potter,28.0,Marketing,64800.0,4.0,No
Jamie Love,39.0,Engineering,,11.0,Yes
Gregory Ochoa,29.0,Operations,57800.0,5.0,Yes
Dr. John Jenkins,36.0,IT,74100.0,6.0,Yes
Douglas Hampton,21.0,Finance,58700.0,0.0,No
Kimberly Carson,53.0,Operations,65000.0,11.0,Yes
Dr. Susan Navarro,43.0,Finance,,17.0,Yes
Daniel Jones III,37.0,Engineering,83800.0,8.0,No
Jennifer Gonzalez,21.0,Customer Support,51700.0,0.0,No
Jonathan Glover,25.0,Finance,65400.0,2.0,Yes
Cynthia Harrell,60.0,Marketing,89100.0,23.0,Yes
Renee Newton,47.0,Engineering,100900.0,13.0,Yes
Jackie Morgan,39.0,IT,67000.0,7.0,Yes
Cheryl Petersen,44.0,Operations,69800.0,17.0,Yes
Meagan Patterson,28.0,Marketing,52700.0,2.0,No
Mrs. Michele Boyd,,Engineering,84700.0,4.0,
Michelle Hobbs,21.0,Operations,55200.0,0.0,No
Michelle Richardson,32.0,IT,77800.0,7.0,Yes
Luke Alexander,33.0,Engineering,86600.0,7.0,No
Christina Olsen,47.0,Marketing,75000.0,16.0,Yes
Joseph Thomas,37.0,Sales,77900.0,13.0,Yes
Julie Martin,37.0,Sales,76700.0,11.0,Yes
Sarah Howell,41.0,Engineering,94600.0,15.0,Yes
David Romero,43.0,Finance,,9.0,Yes
Tina Ellis,36.0,Finance,78500.0,11.0,Yes
Isaiah Terry,37.0,Marketing,64300.0,13.0,Yes
Taylor Williams II,45.0,HR,72000.0,18.0,Yes
Jordan Carter,30.0,IT,74200.0,3.0,No
Anthony Humphrey,32.0,Finance,76500.0,5.0,No
Shannon Cook,34.0,Marketing,66200.0,8.0,Yes
Brittany Ballard,21.0,Customer Support,32500.0,0.0,No
Tyler Garcia,37.0,Customer Support,58400.0,10.0,Yes
Devon Roberts,37.0,Sales,54900.0,5.0,No
Laura Coleman,46.0,Operations,233700.0,13.0,Yes
Shawn Evans,38.0,Marketing,68700.0,13.0,Yes
Christopher Porter,38.0,HR,71000.0,13.0,Yes
Stephanie Hoffman,36.0,IT,90200.0,10.0,Yes
Bryan Harrison,35.0,Marketing,61900.0,6.0,No
Alyssa Guerra,36.0,Customer Support,53800.0,8.0,Yes
Frank Robinson,44.0,Marketing,66300.0,17.0,
Hunter Yang,29.0,Marketing,56600.0,4.0,Yes
Benjamin Jordan,37.0,Engineering,94100.0,13.0,Yes
Matthew Robinson,38.0,Operations,57700.0,7.0,Yes
Tammy Scott,28.0,IT,66400.0,5.0,No
Vanessa Davila,26.0,IT,63500.0,2.0,No
Kelly Weiss,37.0,Engineering,90800.0,10.0,Yes
Donald Reynolds,,Sales,56200.0,0.0,No
Joe Miranda,43.0,Operations,68500.0,12.0,Yes
Derrick Brown,29.0,Engineering,78200.0,5.0,Yes
Amanda Wiggins,33.0,Engineering,76900.0,6.0,Yes
Julie Rose,42.0,Operations,83800.0,17.0,Yes
Donald Fisher,29.0,Finance,68700.0,3.0,Yes
Elizabeth French,21.0,Sales,53600.0,0.0,No
Jennifer Williams,54.0,Finance,90600.0,17.0,Yes
Shawn Rodriguez,34.0,Sales,61500.0,7.0,No
Tom Duncan,53.0,Engineering,109500.0,20.0,Yes
Travis Guerrero,35.0,IT,73900.0,6.0,No
Sydney Smith,36.0,Engineering,76400.0,6.0,No
Leslie Moody,33.0,HR,60900.0,8.0,No
Tanner Mitchell DDS,28.0,Operations,55600.0,4.0,No
Angela Smith,32.0,Operations,64700.0,8.0,Yes
Troy Glenn,46.0,IT,79500.0,12.0,Yes
Joshua Washington,41.0,Sales,58200.0,8.0,Yes
Amanda Palmer,32.0,Sales,66300.0,7.0,Yes
Ronnie Powers,34.0,Finance,70200.0,5.0,Yes
Kevin Cunningham,34.0,Marketing,60700.0,7.0,Yes
Frank Franklin,22.0,Customer Support,38200.0,0.0,No
Mark Carter,38.0,Operations,59900.0,7.0,Yes
Dennis Jones,24.0,Customer Support,37000.0,1.0,No
Donna Bishop,41.0,Operations,66200.0,16.0,Yes
Carrie Coffey,28.0,Engineering,69600.0,3.0,Yes
Alexandra Dominguez,41.0,Marketing,78200.0,15.0,Yes
Rachel Little,25.0,Sales,52300.0,3.0,Yes
Brett Burns,45.0,Sales,72600.0,15.0,Yes
William Cox,34.0,HR,69600.0,9.0,Yes
Stephanie Barton,35.0,Sales,70400.0,10.0,Yes
Pedro Long,43.0,Sales,67300.0,17.0,Yes
Sara Goodman,32.0,Engineering,75900.0,5.0,No
Beth Hall,30.0,Finance,82300.0,8.0,Yes
Sherry Shannon,37.0,Engineering,98700.0,10.0,Yes
Shawna Palmer,35.0,Finance,66700.0,6.0,Yes
Ryan Davis,34.0,Engineering,70800.0,7.0,Yes
Julia Maldonado,33.0,IT,92500.0,8.0,Yes
Robert Gonzalez,40.0,Engineering,87300.0,7.0,Yes
Erin Ramirez,22.0,IT,69800.0,0.0,No
Paul Ross,45.0,Operations,79000.0,12.0,Yes
David Daniels,40.0,Finance,87300.0,16.0,Yes
Keith Rodriguez,47.0,,85600.0,22.0,Yes
Claire Hoffman,44.0,HR,77100.0,17.0,Yes
Kylie Bailey,32.0,Operations,64600.0,6.0,No
Matthew Barrett,27.0,Engineering,77400.0,3.0,No
Michael Haas,23.0,HR,39600.0,1.0,Yes
Antonio Mccormick,32.0,Customer Support,54500.0,6.0,Yes
Angela Gilmore,40.0,Sales,75300.0,14.0,Yes
Elizabeth Gay,21.0,Engineering,71000.0,0.0,No
Marissa Smith,48.0,Sales,73000.0,13.0,Yes
James Mclean,,Finance,72100.0,5.0,No
Elaine Herman,35.0,Sales,68200.0,8.0,No
Anthony Ward,35.0,IT,72100.0,7.0,Yes
Corey Thornton,38.0,Engineering,93300.0,13.0,Yes
Amber Kennedy,37.0,Engineering,95200.0,11.0,Yes
Dennis Guerra,25.0,HR,52100.0,2.0,No
Daniel Freeman,36.0,Operations,69500.0,12.0,Yes
Mr. Michael Williams,23.0,Sales,57400.0,1.0,Yes
Richard Bailey,27.0,IT,77000.0,3.0,No
Richard Dawson,,Engineering,79700.0,4.0,Yes
Teresa Jones,34.0,Operations,56400.0,4.0,No
Heidi Newton,43.0,IT,94400.0,19.0,Yes
Nicole Moore,38.0,Finance,83400.0,13.0,Yes
Charles Hensley,35.0,HR,54600.0,10.0,Yes
Brenda Schmidt,28.0,Sales,66000.0,5.0,No
David Fernandez,21.0,Finance,52600.0,0.0,No
Alejandro Nguyen,42.0,Marketing,72100.0,7.0,Yes
Jerry Haney,33.0,IT,,5.0,No
Jeremy Sampson,41.0,Engineering,95100.0,10.0,Yes
Deanna Edwards,39.0,Engineering,98200.0,14.0,Yes
Valerie Reyes,,Customer Support,52200.0,12.0,Yes
Alexander Floyd,48.0,Marketing,82400.0,17.0,Yes
Richard Young,39.0,Sales,62100.0,9.0,Yes
Teresa Aguirre,32.0,Sales,69600.0,9.0,Yes
Erica Smith,21.0,IT,73300.0,0.0,No
John Johnson,48.0,,75000.0,8.0,Yes
Kaylee Hays,45.0,IT,77300.0,,Yes
Holly Floyd,29.0,IT,66600.0,5.0,Yes
Janice Petty,32.0,Engineering,85200.0,9.0,Yes
Rebecca Olsen,48.0,Sales,79000.0,19.0,Yes
Monica Curtis,33.0,HR,52200.0,4.0,No
Brendan Kelly,35.0,Operations,55200.0,9.0,Yes
Ashley Waller,24.0,Sales,46800.0,1.0,No
Deborah Townsend,45.0,Finance,92700.0,15.0,Yes
Stephanie Lara,45.0,Engineering,113200.0,17.0,Yes
Matthew Berg,25.0,Customer Support,52200.0,3.0,No
Richard Adams,46.0,Customer Support,65000.0,9.0,Yes
Alicia Roth,26.0,IT,75400.0,4.0,Yes
Jason Beck,41.0,Operations,85700.0,15.0,Yes
Richard Brown,23.0,IT,61700.0,1.0,No
Chloe Parker,21.0,IT,53300.0,0.0,No
Jeffrey Wallace,21.0,Engineering,,0.0,No
Krista Davis,37.0,Marketing,74400.0,6.0,Yes
Steven Martin,39.0,Marketing,68500.0,7.0,Yes
Maria Sanford,25.0,Engineering,73800.0,3.0,No
Kevin Smith,33.0,HR,54900.0,8.0,No
Christopher Macdonald,47.0,Sales,79500.0,14.0,Yes
Robert Smith,50.0,Operations,69800.0,14.0,Yes
Mr. Bryan Mckinney,32.0,Finance,80900.0,8.0,No
Kevin Morrow,32.0,HR,69500.0,7.0,Yes
Tina Hall,28.0,IT,63600.0,3.0,No
Eric Mathis,30.0,IT,62600.0,7.0,No
Jason Jones,41.0,HR,76700.0,16.0,Yes
Stephanie Dominguez,32.0,HR,50600.0,9.0,Yes
Matthew Reynolds,31.0,Engineering,96300.0,7.0,Yes
George Williams,34.0,Engineering,91100.0,8.0,Yes
Gabriella Jones,47.0,,95000.0,14.0,Yes
Ashley Duran,27.0,Customer Support,52700.0,4.0,No
Michael Bell,45.0,Sales,65600.0,13.0,Yes
James Frank,36.0,Operations,48400.0,8.0,Yes
Zachary Ferrell,28.0,HR,54900.0,3.0,No
Eric Rodriguez,35.0,IT,82200.0,10.0,Yes
Nicole Norton,41.0,HR,69000.0,16.0,Yes
Marcus Blair,44.0,IT,77700.0,9.0,Yes
Alex Lambert,35.0,IT,87200.0,8.0,Yes
Courtney Foster,37.0,Engineering,84500.0,7.0,Yes
Brian Davis,58.0,Marketing,102300.0,25.0,Yes
Melissa Reeves,37.0,Sales,59000.0,7.0,Yes
Jeffery Davis,39.0,IT,86100.0,15.0,Yes
Curtis Taylor,35.0,Engineering,75800.0,6.0,No
Heather Payne,31.0,Engineering,80100.0,5.0,Yes
Joshua Jones,49.0,Customer Support,69700.0,16.0,Yes
Aaron Aguirre,39.0,Sales,69400.0,11.0,Yes
Alexander Gomez,26.0,Marketing,53700.0,2.0,No
Christian Park,32.0,Engineering,96600.0,9.0,Yes
Jennifer Lewis,40.0,HR,59100.0,6.0,No
Michael Miller,29.0,Sales,61500.0,2.0,No
Roger Bowman,46.0,Sales,63900.0,9.0,Yes
Sharon Snow,28.0,Operations,57500.0,3.0,No
Christopher Smith,21.0,Engineering,63600.0,0.0,No
Luke Freeman,26.0,Customer Support,34600.0,2.0,No
Annette Lewis,28.0,Operations,43400.0,4.0,Yes
Karen Hughes,33.0,Engineering,77300.0,4.0,Yes
Zachary Simpson,40.0,HR,55800.0,6.0,Yes
Joel Newton,42.0,Sales,51500.0,6.0,Yes
Angela Richards,30.0,Marketing,67500.0,5.0,Yes
Nicole Andrews,47.0,IT,103000.0,21.0,Yes
Darryl Richardson,38.0,Sales,72900.0,10.0,Yes
Michael Hill,44.0,IT,94900.0,19.0,Yes
Ryan Smith,28.0,Engineering,84600.0,5.0,Yes
Lee Mann,28.0,Engineering,83000.0,3.0,No
Cassandra Bonilla,37.0,HR,57500.0,9.0,Yes
Erica Wilson,26.0,Customer Support,47700.0,2.0,No
Kim Nelson,45.0,Customer Support,75700.0,19.0,Yes
Bradley Hansen,39.0,Operations,77400.0,15.0,Yes
Robert Smith,28.0,Operations,52100.0,5.0,No
Michael Rogers,,Sales,53300.0,5.0,No
Sharon Blake,22.0,Customer Support,46300.0,1.0,No
Eduardo Booth,34.0,Sales,67200.0,9.0,Yes
Steven Stone,,Engineering,91200.0,9.0,Yes
Gregory Russell,39.0,Sales,78100.0,13.0,Yes
Mathew Myers,21.0,Sales,44800.0,0.0,No
Jason Powell,,Sales,65200.0,5.0,No
Mr. Ryan Walker,31.0,Operations,60600.0,6.0,Yes
Michael Powell,44.0,IT,90700.0,,Yes
Chris Butler,30.0,IT,71500.0,4.0,No
Henry Taylor,25.0,Finance,,2.0,No
Judy Johnson,29.0,Finance,63100.0,3.0,No
Lori Gardner,39.0,Finance,79800.0,11.0,Yes
Joshua Lopez,38.0,,,8.0,No
John Hall,33.0,Engineering,78700.0,4.0,Yes
Leslie Diaz,21.0,Operations,37500.0,0.0,No
Sara Cain,29.0,Operations,62500.0,4.0,No
Lori Ingram,21.0,IT,73200.0,0.0,No
Hannah Martin,27.0,Marketing,52600.0,2.0,No
Lisa Jackson,27.0,Engineering,64800.0,3.0,No
Jimmy Ritter,55.0,Sales,87900.0,18.0,Yes
Candace Stuart,43.0,IT,89600.0,16.0,Yes
Wesley Jensen MD,30.0,Marketing,63500.0,7.0,Yes
Patrick Bush,33.0,Marketing,53700.0,5.0,No
Scott Greene,49.0,Marketing,85000.0,14.0,Yes
Amanda Hill,39.0,Marketing,73700.0,13.0,
Deborah Figueroa,37.0,Finance,78400.0,6.0,Yes
Shelly Horton,40.0,Sales,71500.0,15.0,Yes
Amy Ramirez,39.0,IT,77500.0,6.0,Yes
Gary Salazar,39.0,IT,67100.0,8.0,Yes
Richard Yoder,42.0,Operations,81100.0,,Yes
Suzanne Williams,44.0,Finance,92400.0,14.0,Yes
Sarah Meadows,32.0,Operations,63700.0,6.0,Yes
Carol Thomas,39.0,IT,88000.0,13.0,Yes
Amber Fernandez,23.0,Marketing,54500.0,2.0,Yes
Phillip Nelson,25.0,IT,61600.0,2.0,Yes
Kelly Lee,36.0,Operations,61100.0,9.0,Yes
Wayne Parker,35.0,Finance,62800.0,7.0,Yes
Susan Garcia,25.0,IT,80600.0,3.0,No
Miguel Smith,30.0,Marketing,54100.0,6.0,Yes
Patrick Norris,26.0,IT,,2.0,No
Lawrence Adkins,33.0,Operations,58900.0,8.0,Yes
Thomas Davis,30.0,Sales,63500.0,4.0,No
Jacqueline Kennedy,36.0,Engineering,93900.0,12.0,Yes
Theresa Wilkins,36.0,Marketing,67400.0,7.0,Yes
Deborah Small,58.0,Sales,107200.0,28.0,Yes
Amy Walsh,25.0,Finance,70100.0,3.0,No
Nicholas Chase,23.0,Sales,55000.0,1.0,No
Virginia Davis,40.0,Engineering,83000.0,7.0,No
Sheila Myers,48.0,HR,85000.0,21.0,Yes
Nicolas James,21.0,IT,64700.0,0.0,No
Lauren Wright,36.0,IT,75300.0,10.0,Yes
Stephanie Thompson,47.0,IT,86600.0,12.0,Yes
Elizabeth Cross,49.0,Customer Support,57900.0,15.0,Yes
Manuel Brock,23.0,IT,75000.0,1.0,No
Justin Davis,38.0,Marketing,63400.0,7.0,Yes
Alexandra Ho,40.0,HR,70500.0,14.0,Yes
Richard Long,47.0,Operations,70900.0,11.0,Yes
Steve Paul,37.0,Engineering,88200.0,9.0,Yes
Mark Woods,26.0,Sales,61400.0,2.0,Yes
Meredith Shaw,34.0,Sales,74200.0,11.0,Yes
Micheal Perkins,37.0,Marketing,75400.0,13.0,Yes
Chad Franklin,29.0,Customer Support,,3.0,No
David Wilson,35.0,Operations,76900.0,6.0,Yes
Gregory Wallace,51.0,IT,82500.0,10.0,Yes
Miranda Murray,43.0,IT,74900.0,7.0,No
Patricia Kim,21.0,Operations,47000.0,0.0,No
Christine Goodwin,37.0,Operations,63400.0,9.0,Yes
William Todd,41.0,Sales,66900.0,9.0,Yes
Crystal Rodriguez,30.0,Operations,67300.0,7.0,Yes
Tricia Bailey,,Engineering,96300.0,16.0,Yes
Megan Young,32.0,Finance,65500.0,4.0,No
Jason Davis,29.0,IT,64300.0,3.0,No
Robert Peck,29.0,Marketing,69400.0,5.0,Yes
Kimberly Norton,35.0,Finance,75600.0,5.0,Yes
Kevin Carney,36.0,Customer Support,58900.0,12.0,Yes
Javier Rogers,39.0,Engineering,79000.0,7.0,Yes
Heather Kim,30.0,HR,51300.0,4.0,Yes
Timothy Hayden,32.0,Engineering,76700.0,4.0,Yes
James Miller,23.0,Operations,44900.0,1.0,No
Anthony Garrison,21.0,Engineering,76000.0,0.0,No
Christina Moon,34.0,Operations,57300.0,5.0,No
Aaron Miller,30.0,IT,75600.0,6.0,Yes
Nicole Moore,32.0,Operations,55000.0,7.0,Yes
Malik Washington,32.0,Customer Support,41900.0,4.0,No
Amanda Nelson,32.0,,90300.0,8.0,Yes
James Grimes,27.0,,51200.0,4.0,No
Michael Fuentes,26.0,Engineering,74800.0,3.0,No
Kenneth Scott,27.0,Operations,42600.0,3.0,Yes
Kimberly White,38.0,Marketing,62700.0,10.0,Yes
Brent Hernandez,33.0,Sales,57200.0,5.0,No
Patrick Adkins,36.0,Finance,78700.0,,Yes
Sarah George,31.0,Marketing,67500.0,7.0,Yes
Alexandria Collins,47.0,IT,89100.0,18.0,Yes
Martin Elliott,42.0,Customer Support,68000.0,16.0,Yes
Chelsey Fox,30.0,Operations,55400.0,7.0,No
Jennifer Lopez,47.0,Sales,59900.0,,Yes
Christopher Harrison,38.0,IT,79600.0,10.0,Yes
Jennifer Anderson,50.0,Engineering,107200.0,,Yes
Steven Taylor,45.0,Marketing,71700.0,14.0,Yes
Mitchell Jordan,39.0,Operations,75600.0,14.0,Yes
Stephanie White,48.0,Operations,80400.0,18.0,Yes
Jack Sandoval,30.0,Finance,71400.0,4.0,No
Laura Kelley,53.0,Engineering,100600.0,14.0,Yes
James Ferrell,52.0,IT,107300.0,25.0,Yes
Andrew Anderson,24.0,IT,71100.0,1.0,Yes
Rachel Walsh,60.0,Customer Support,68000.0,17.0,Yes
John Nichols,34.0,IT,82300.0,8.0,Yes
William Lindsey,25.0,Engineering,,2.0,No
William Baker,29.0,Marketing,55600.0,6.0,Yes
Daniel Thomas,39.0,Engineering,89300.0,12.0,Yes
Jessica Rojas,35.0,Operations,58200.0,10.0,Yes
Susan Sullivan,40.0,Engineering,108700.0,15.0,Yes
Richard Smith,41.0,,77500.0,13.0,Yes
Kelsey Baker,28.0,IT,80400.0,5.0,No
Rebekah Cole,42.0,Marketing,69500.0,15.0,Yes
Taylor Johnson,37.0,HR,52300.0,9.0,Yes
Spencer Kelly,24.0,Marketing,66700.0,1.0,No
Margaret Edwards,37.0,Engineering,87800.0,8.0,Yes
Julie Moon,35.0,IT,79500.0,6.0,Yes
Ross Wallace,42.0,Sales,,10.0,Yes
Darrell Oliver,29.0,Engineering,86300.0,6.0,No
Christina Gilbert,21.0,IT,57400.0,0.0,No
Jonathan Porter,23.0,Engineering,72300.0,1.0,No
Lydia Payne,32.0,Customer Support,,6.0,Yes
Daniel Smith,35.0,IT,66400.0,4.0,No
Jill Shaw,28.0,Engineering,75200.0,3.0,No
Eric Clark,43.0,Customer Support,64400.0,13.0,Yes
Ruben Cruz,24.0,IT,67800.0,2.0,Yes
Cory Kelley,34.0,Finance,84600.0,9.0,Yes
Chris Levy,25.0,Marketing,55600.0,2.0,No
Crystal Meza,41.0,Operations,67200.0,12.0,Yes
Katherine Martinez,29.0,IT,87400.0,6.0,No
Jonathan Jordan,25.0,HR,47600.0,2.0,No
Wesley Reyes,29.0,Finance,,3.0,No
David Thompson,30.0,Finance,79600.0,6.0,Yes
Sheila Douglas,30.0,Engineering,84300.0,6.0,Yes
Brian Barrett,54.0,Sales,85100.0,20.0,Yes
Nicole Roberson,43.0,IT,79900.0,13.0,Yes
Mrs. Ashley Mooney,24.0,Engineering,71100.0,2.0,No
Matthew Smith,36.0,IT,85800.0,10.0,Yes
Bradley Johnson DDS,35.0,,65200.0,4.0,Yes
Craig Hammond,26.0,HR,53500.0,3.0,No
Bianca Ortega,48.0,Customer Support,85300.0,,Yes
Dylan Johnston,28.0,IT,79600.0,5.0,No
Melissa Schneider,37.0,Sales,59300.0,9.0,Yes
Michael Wallace,32.0,Sales,70700.0,4.0,No
Thomas Black,43.0,Operations,67000.0,13.0,Yes
Gerald Hensley,33.0,IT,81800.0,8.0,Yes
Raymond Curry,23.0,Customer Support,47500.0,2.0,No
Carl Jackson,34.0,Customer Support,,10.0,No
Clinton Moore,25.0,Engineering,74600.0,1.0,No
Ashlee Thomas,21.0,Engineering,67300.0,0.0,No
Michelle Simpson,36.0,IT,86400.0,12.0,Yes
Andrew Delgado,,Finance,60400.0,0.0,No
Robert Campbell,32.0,Operations,49200.0,5.0,Yes
Matthew Townsend,44.0,Finance,77700.0,8.0,Yes
Mr. Jack Moore PhD,42.0,Sales,74300.0,11.0,Yes
Wesley Browning,40.0,Customer Support,71500.0,11.0,Yes
Angela Rodriguez,40.0,IT,74700.0,9.0,Yes
Brent Scott,35.0,Marketing,59000.0,8.0,Yes
Nicholas Ramos MD,24.0,Operations,57300.0,1.0,No
Janice Gilbert,25.0,Customer Support,38200.0,3.0,No
Elizabeth Robinson,30.0,Sales,,6.0,No
Robert Marquez,33.0,HR,73600.0,8.0,Yes
Paul Wolf,28.0,HR,50700.0,3.0,No
Christopher Harrison,34.0,IT,77000.0,6.0,Yes
David Robles,23.0,Marketing,46400.0,1.0,No
Daniel Garcia,46.0,Sales,76400.0,14.0,Yes
Douglas Frye,42.0,Operations,51200.0,7.0,No
Joshua Clark,21.0,Finance,60200.0,0.0,No
Kimberly Sanders,38.0,Finance,75500.0,9.0,
Stacy Johnson,31.0,HR,52300.0,7.0,Yes
Anthony Price,29.0,IT,57400.0,4.0,No
Charles Thompson,44.0,Sales,68200.0,10.0,Yes
Dorothy Anderson,39.0,Finance,68300.0,7.0,No
Katie Myers,31.0,Engineering,86700.0,7.0,Yes
Patrick Potts,36.0,IT,77900.0,11.0,Yes
Laura King,51.0,,365200.0,25.0,Yes
Robert Meza,40.0,Engineering,95500.0,14.0,Yes
Mark Reeves,29.0,IT,76900.0,5.0,No
Daniel Mercado,47.0,Finance,80500.0,10.0,Yes
Paul Wilson,30.0,Operations,62300.0,4.0,No
Lisa Ramsey,48.0,Sales,90500.0,19.0,Yes
Kimberly Taylor,32.0,Engineering,84900.0,7.0,
James Pope,25.0,Finance,66200.0,,No
Justin Bishop,39.0,IT,72000.0,10.0,Yes
Tiffany Sanchez,44.0,Operations,73100.0,13.0,Yes
Dr. Samuel Holmes DDS,39.0,Customer Support,59900.0,13.0,Yes
Rebecca Colon,24.0,HR,47900.0,2.0,No
Frank Francis,23.0,Operations,54100.0,2.0,Yes
Mary Church,58.0,Customer Support,65100.0,17.0,Yes
Christopher Bowen,33.0,,73500.0,4.0,Yes
Ruben Jones,,IT,69400.0,1.0,No
Jason Rocha,27.0,IT,76900.0,4.0,No
Thomas Sellers,33.0,IT,78000.0,7.0,No
Chase Burnett,27.0,Engineering,76600.0,3.0,No
Charles Castaneda,52.0,Marketing,87400.0,19.0,Yes
Kelly Lewis,31.0,Engineering,79700.0,8.0,Yes
Eric Murphy,32.0,HR,53500.0,6.0,
Paul Willis,39.0,IT,97300.0,14.0,Yes
Wayne Brown,25.0,Finance,64100.0,3.0,No
Donna Landry,32.0,IT,84200.0,8.0,Yes
Chelsea Smith,42.0,Engineering,85200.0,9.0,Yes
Kristine Garcia,35.0,Engineering,92000.0,8.0,Yes
Matthew Barry,52.0,Marketing,76900.0,11.0,Yes
Hector Bryant,35.0,Engineering,82600.0,9.0,Yes
Lisa Hunter,25.0,,54400.0,3.0,No
Robert Peterson,39.0,Sales,62800.0,9.0,Yes
Stephanie Evans,45.0,Marketing,94100.0,19.0,Yes
Regina Butler,42.0,IT,86400.0,17.0,Yes
Margaret Smith,36.0,Engineering,87500.0,,Yes
Catherine Perkins,48.0,Marketing,57900.0,11.0,Yes
Andrea King,44.0,Sales,65200.0,7.0,Yes
Julie Wilson,28.0,Operations,55300.0,6.0,Yes
Tracy Grant,36.0,IT,88800.0,11.0,Yes
Chelsea Salinas,26.0,IT,,2.0,No
Rebecca Baker,32.0,Operations,52300.0,5.0,No
Gregory Quinn,31.0,Finance,67000.0,3.0,No
Angela Collier,29.0,Sales,65700.0,7.0,Yes
Garrett Lin,33.0,Customer Support,55300.0,9.0,Yes
Victoria Marshall,28.0,IT,70400.0,,Yes
Mary Henderson,32.0,IT,81900.0,7.0,No
Mr. Jeremiah Galvan MD,32.0,Engineering,75700.0,,Yes
Yolanda Murillo,48.0,IT,105800.0,23.0,Yes
Eric Ingram,36.0,HR,49700.0,5.0,No
Dr. Morgan Young,,HR,56200.0,13.0,Yes
Andrew Lewis,32.0,Operations,65700.0,7.0,Yes
Victor Baker,45.0,Engineering,105900.0,17.0,Yes
Ashley Stevens,23.0,Sales,62000.0,2.0,No
Erica Brown,33.0,Sales,76100.0,8.0,Yes
Lindsey Walker,45.0,IT,87600.0,9.0,Yes
Diane Evans,26.0,IT,66000.0,3.0,Yes
Janet Graves,36.0,Operations,57100.0,8.0,Yes
Nancy Rowland,45.0,Engineering,98700.0,13.0,Yes
Bryan Lopez,53.0,HR,89900.0,24.0,Yes
Christopher Moore,21.0,HR,49100.0,0.0,No
Benjamin Martinez,47.0,IT,89800.0,15.0,Yes
Patricia Adkins,21.0,IT,59600.0,0.0,No
Alison Perez,36.0,Marketing,65600.0,9.0,Yes
Christine Johnson,34.0,Finance,69300.0,9.0,Yes
Nicole Williams,41.0,Sales,63700.0,11.0,Yes
Pamela Aguirre,40.0,Operations,64100.0,12.0,Yes
Kimberly Ponce,36.0,Engineering,84200.0,11.0,Yes
Veronica Diaz,40.0,Operations,57400.0,6.0,
Amber Yang,45.0,Finance,87100.0,,Yes
Mark Alvarez,21.0,Engineering,65300.0,0.0,No
Carlos Castillo,25.0,Engineering,81800.0,2.0,Yes
Tina Taylor,42.0,IT,104000.0,16.0,Yes
Eric Walker,46.0,HR,70700.0,13.0,Yes
Tristan Bonilla,47.0,HR,76500.0,21.0,Yes
Teresa Collins,46.0,Engineering,99800.0,16.0,Yes
Toni Hill,27.0,HR,55200.0,3.0,No
Alan Hoffman,49.0,Operations,66400.0,12.0,Yes
Mary Meyer,28.0,IT,64000.0,4.0,No
Victor Ball,33.0,Engineering,84500.0,7.0,Yes
Christine Singh,28.0,Sales,48600.0,4.0,No
Dale Wright,31.0,Finance,,8.0,Yes
Elizabeth Dean,36.0,IT,82500.0,9.0,Yes
Lauren Green,49.0,Sales,85800.0,15.0,Yes
Michelle Burton,42.0,IT,86700.0,12.0,Yes
Christopher Copeland,41.0,Operations,72400.0,15.0,Yes
Dylan Miller,21.0,Engineering,69300.0,0.0,No
Carol Jackson,44.0,Operations,71300.0,17.0,Yes
Melissa Mcfarland,51.0,Marketing,58900.0,9.0,Yes
Martha Smith,41.0,Sales,83300.0,15.0,Yes
Ashley Smith,21.0,Engineering,67900.0,0.0,No
Ruben Woodard,21.0,Engineering,80100.0,0.0,No
Mike Patel,53.0,Engineering,99100.0,21.0,Yes
Julia Dunn MD,46.0,Engineering,109600.0,21.0,Yes
Timothy Galvan,35.0,Sales,63100.0,6.0,No
Robin Hernandez,34.0,Customer Support,50100.0,7.0,No
Mrs. Nancy Schaefer,48.0,Marketing,67500.0,14.0,Yes
Vanessa Ramirez,40.0,Engineering,89700.0,10.0,Yes
Ruth Brown,38.0,Operations,68300.0,13.0,Yes
Kathryn Morris,34.0,Sales,64400.0,6.0,Yes
Michele Barnes,32.0,Marketing,67300.0,8.0,
Whitney Gomez,25.0,Operations,46800.0,3.0,No
Caitlin Perry,39.0,IT,82300.0,8.0,Yes
William Martinez,29.0,Engineering,70800.0,4.0,No
Kara Jackson,,HR,49200.0,0.0,No
Melissa Harvey,29.0,Sales,43800.0,3.0,Yes
Samantha Chavez,21.0,IT,,0.0,No
Katherine Garcia,48.0,IT,113100.0,20.0,Yes
Veronica Simpson,22.0,Engineering,78300.0,1.0,No
Nancy Carter,33.0,IT,72300.0,8.0,Yes
Aaron Little,35.0,Customer Support,45800.0,7.0,Yes
Erik Keller,35.0,Operations,70400.0,9.0,Yes
Kevin Alvarado,38.0,Operations,60000.0,9.0,Yes
Michael Patrick,35.0,Engineering,,6.0,No
Sherri Guzman,28.0,HR,52400.0,3.0,Yes
Tammy Mcdaniel,23.0,,54200.0,1.0,
Michael Young,44.0,Sales,78700.0,10.0,Yes
Vincent Hays,26.0,Operations,44300.0,2.0,No
Terry Woods,29.0,IT,83700.0,4.0,No
Timothy Williams,38.0,Engineering,96900.0,13.0,Yes
Erik Williams,34.0,HR,63900.0,5.0,No
Daniel Merritt,24.0,Customer Support,53800.0,1.0,No
Julian Conner,21.0,Marketing,46400.0,0.0,No
Jamie Snyder,21.0,Engineering,65100.0,0.0,No
Melissa Ruiz,25.0,Customer Support,43100.0,3.0,No
Amy Boone,,IT,81100.0,6.0,Yes
Julia Long,28.0,Sales,45000.0,3.0,No
Patrick Santana,27.0,Operations,51600.0,2.0,No
Kaitlyn Heath,29.0,Finance,68500.0,4.0,Yes
Maurice Graham,26.0,Marketing,66700.0,4.0,Yes
Paula Bradley,37.0,Marketing,68000.0,8.0,Yes
Anne Hardy,,Engineering,95300.0,13.0,Yes
Mr. David Wright,50.0,IT,91200.0,13.0,Yes
Jennifer Richards,26.0,Engineering,82200.0,2.0,No
Maria Taylor,42.0,Marketing,60900.0,6.0,No
Bernard Chang,30.0,Engineering,84200.0,7.0,Yes
Crystal Robinson,29.0,HR,49600.0,3.0,Yes
Elizabeth Wall,50.0,Engineering,82600.0,10.0,Yes
Matthew Morgan,35.0,Operations,62900.0,8.0,Yes
Angela Edwards,34.0,Customer Support,52300.0,7.0,Yes
Darren Smith,21.0,Finance,48300.0,,No
Sonya Williams,34.0,IT,79100.0,10.0,Yes
Francisco Gonzalez,27.0,Operations,62000.0,4.0,Yes
Robert Thompson,28.0,Operations,59800.0,4.0,No
Douglas Trevino,43.0,Finance,,13.0,Yes
Jacob Hart,45.0,HR,66100.0,7.0,Yes
Kari Sandoval,34.0,Sales,44200.0,4.0,Yes
Anita Chapman,37.0,IT,79500.0,6.0,No
Joshua Sims,21.0,Finance,48800.0,0.0,No
Amanda Hernandez,43.0,Finance,97400.0,18.0,Yes
Bryan Sullivan,47.0,Finance,76500.0,13.0,Yes
James Dickerson,46.0,IT,,21.0,Yes
Joshua Carter,29.0,IT,68300.0,3.0,No
Bryan Mitchell,34.0,Marketing,60200.0,5.0,No
Stephanie Cole,26.0,Sales,50800.0,3.0,
Jessica Reynolds,50.0,Engineering,94800.0,13.0,Yes
Holly Underwood,41.0,Engineering,89200.0,13.0,Yes
Maria Figueroa,46.0,Finance,80600.0,13.0,Yes
Sandra Craig,54.0,Customer Support,65600.0,10.0,Yes
William Jones,42.0,Engineering,84000.0,8.0,Yes
Robert Lane,45.0,HR,61600.0,8.0,Yes
Matthew Sweeney,47.0,Operations,70200.0,15.0,Yes
Susan Mora,42.0,IT,84400.0,8.0,No
Whitney Peters,49.0,Finance,79700.0,11.0,Yes
Eric Hays,30.0,Customer Support,58900.0,5.0,Yes
Nicholas Berry,34.0,Marketing,72200.0,9.0,Yes
Patrick Perez,40.0,Marketing,78100.0,15.0,Yes
Cassandra Landry,38.0,Finance,75400.0,8.0,No
Theresa Luna,35.0,Finance,72500.0,7.0,No
Vanessa Moore,36.0,IT,76200.0,8.0,Yes
Isaiah Gray,49.0,Sales,65200.0,9.0,Yes
Dawn Rivera,29.0,IT,77400.0,5.0,Yes
Dawn Burke,46.0,Operations,73800.0,14.0,Yes
David Sullivan,25.0,Operations,45000.0,2.0,No
Richard Morales,37.0,Finance,96200.0,13.0,Yes
Jose Lopez,25.0,Sales,55300.0,2.0,No
Anita Long,50.0,IT,84300.0,13.0,Yes
Michael Hanson,39.0,Engineering,93200.0,11.0,Yes
Brandon Owens,37.0,Operations,74700.0,8.0,Yes
Travis Hobbs,37.0,Engineering,92100.0,12.0,Yes
Donald Wright,24.0,Finance,58100.0,2.0,Yes
Christopher Davis,35.0,Sales,69600.0,5.0,No
Brianna Ryan,27.0,Finance,63300.0,3.0,
Richard Graham,30.0,HR,48100.0,7.0,Yes
Christina Smith,31.0,IT,66900.0,4.0,Yes
Lindsay Rogers,32.0,Engineering,80500.0,4.0,No
Alfred Galvan,30.0,Engineering,66100.0,6.0,No
Joseph Smith,45.0,Sales,86500.0,18.0,Yes
Lisa Potter,33.0,HR,,6.0,Yes
Mary Thompson,35.0,Operations,60500.0,8.0,No
Rebecca Cole,56.0,HR,96200.0,29.0,Yes
Tyler Miranda,50.0,HR,100200.0,25.0,Yes
Edward Baker,34.0,IT,80800.0,4.0,No
Joseph Howard,51.0,Operations,70300.0,11.0,Yes
Matthew Ruiz,36.0,Engineering,88600.0,7.0,Yes
Autumn Anderson,38.0,Engineering,100000.0,7.0,No
Daniel Davenport,43.0,IT,100600.0,16.0,Yes
Eric Cox,43.0,Customer Support,65300.0,13.0,Yes
Chad Bennett,45.0,Sales,87200.0,15.0,Yes
Tiffany Zamora,47.0,IT,,11.0,Yes
Tiffany Hansen,31.0,Marketing,58400.0,3.0,No
Scott Gomez,23.0,Finance,59400.0,1.0,No
Gregory Russell,21.0,IT,71600.0,0.0,No
Debra Butler,41.0,Operations,76400.0,11.0,Yes
Nicole Herring,37.0,Operations,62900.0,13.0,Yes
Curtis Wilkerson,,Engineering,80500.0,7.0,Yes
Robert Cummings,50.0,IT,80300.0,9.0,Yes
Lori Howard,29.0,Engineering,82100.0,4.0,Yes
Richard Hale,29.0,Sales,58800.0,5.0,No
Jennifer Jackson,33.0,Engineering,86800.0,5.0,Yes
Dana Martinez,44.0,Operations,79500.0,18.0,Yes
Amy Miller,28.0,IT,67600.0,2.0,No
Rodney Nichols,37.0,IT,73400.0,5.0,Yes
Steve Miller PhD,22.0,Engineering,67300.0,0.0,No
Jared Madden,27.0,IT,,2.0,No
Evan Nelson,29.0,Operations,62600.0,7.0,Yes
Jacob Brewer,33.0,Engineering,83400.0,5.0,No
Laura Haney,43.0,Finance,70900.0,11.0,Yes
Craig Tate,28.0,Sales,66000.0,3.0,No
Matthew Henderson,48.0,Sales,77800.0,18.0,Yes
Jennifer Ross,32.0,Sales,71600.0,6.0,No
Michael Rosario,38.0,Operations,76700.0,13.0,Yes
Elizabeth Key,42.0,Finance,95700.0,17.0,Yes
Heather Pittman,24.0,Engineering,61800.0,1.0,No
Jason Clark,38.0,Engineering,88200.0,14.0,Yes
Elizabeth Camacho,38.0,IT,77800.0,10.0,Yes
Anthony Moore,55.0,Operations,80400.0,15.0,Yes
Corey Barrera,25.0,Operations,53900.0,3.0,Yes
Nicole Sanchez,33.0,Marketing,74400.0,8.0,Yes
Alexandra Wilson,44.0,Sales,79800.0,12.0,Yes
Christopher Smith,43.0,Engineering,94900.0,15.0,Yes
John Holt,24.0,Operations,55700.0,1.0,Yes
Andrew Powers,60.0,Engineering,105000.0,15.0,Yes
Jordan Clark,47.0,Engineering,120700.0,22.0,Yes
Melanie Long,32.0,Finance,72500.0,5.0,No
Jennifer Williams,31.0,Operations,49700.0,4.0,Yes
Deborah Dominguez,29.0,Customer Support,46800.0,5.0,Yes
Brittney Martin,38.0,Finance,91300.0,14.0,Yes
Mr. Robert Cantu,46.0,Engineering,549000.0,15.0,Yes
Michael White,36.0,Finance,63900.0,6.0,No
Jessica Owens,33.0,HR,67000.0,10.0,Yes
Anna Chavez,21.0,IT,65100.0,0.0,No
Sergio Hodge,31.0,,44300.0,4.0,No
Elijah Archer,29.0,HR,46900.0,4.0,No
Brian Garcia,40.0,Finance,84300.0,14.0,Yes
Alicia Perez,31.0,IT,76600.0,3.0,No
Eric Henry Jr.,38.0,Operations,70700.0,11.0,Yes
Greg Wood,36.0,Engineering,83500.0,5.0,No
Steven Cook,39.0,Marketing,64700.0,6.0,No
Joseph Miller,40.0,Operations,73700.0,14.0,Yes
Katherine Sanchez,56.0,Engineering,111200.0,24.0,Yes
Joseph Mccullough,33.0,Engineering,85000.0,6.0,No
Gregory Chambers,43.0,IT,79100.0,11.0,Yes
Cynthia Cunningham,36.0,Operations,62100.0,6.0,Yes
Catherine Soto,42.0,Operations,73800.0,16.0,Yes
Aaron Webb,50.0,Engineering,105500.0,19.0,Yes
Brian Allen,,Engineering,97000.0,14.0,Yes
Emily Reed,27.0,Sales,57000.0,2.0,
Larry Higgins,30.0,Finance,65800.0,5.0,No
Felicia Wright,29.0,HR,67200.0,5.0,Yes
Tamara Huang,42.0,Sales,69000.0,9.0,Yes
Becky King,26.0,IT,63200.0,,Yes
Christina Compton,26.0,,76500.0,2.0,No
Joshua Brown,42.0,Engineering,85500.0,9.0,Yes
Alexander Webb,30.0,HR,45200.0,3.0,Yes
Ashley Phillips,21.0,Marketing,54200.0,0.0,No
Mckenzie Green,26.0,Operations,54000.0,3.0,No
Christopher Johnson,38.0,IT,89100.0,14.0,Yes
Jordan Williams,40.0,IT,77100.0,8.0,Yes
David Cervantes,48.0,IT,82300.0,10.0,Yes
Stanley Benson,30.0,HR,46400.0,,No
Shannon Donovan,21.0,HR,44100.0,0.0,Yes
Linda Smith,29.0,IT,80200.0,,No
Devon Flores,37.0,Operations,59900.0,9.0,Yes
Daniel Taylor,40.0,Sales,63400.0,8.0,Yes
Michael Woodward,43.0,Marketing,63200.0,9.0,Yes
Mr. Jacob Moore,51.0,Marketing,73600.0,16.0,Yes
Anthony David,46.0,IT,86200.0,10.0,Yes
Raymond Johnson,21.0,Finance,61000.0,0.0,No
Sergio Knight,44.0,Sales,86400.0,18.0,Yes
Richard Flynn,41.0,Sales,64500.0,7.0,Yes
Shannon Ramsey,42.0,Engineering,95100.0,14.0,Yes
Cory Hogan,39.0,Customer Support,62200.0,15.0,Yes
Lisa Grant,43.0,Marketing,96700.0,17.0,Yes
Sherry Decker,34.0,Sales,56800.0,4.0,No
Eric Howell,28.0,Finance,72300.0,5.0,Yes
Chad Dominguez,34.0,Sales,70300.0,9.0,Yes
Rachel Martin,33.0,Marketing,79200.0,,Yes
Christine Parker,49.0,Engineering,111200.0,22.0,Yes
Gregory Brown,,Marketing,84500.0,22.0,Yes
Victoria Carpenter,39.0,HR,74400.0,13.0,Yes
Tyler Lang,,Operations,51600.0,4.0,No
Carrie Wright,36.0,Engineering,90400.0,9.0,Yes
Lisa Wagner,36.0,Operations,66700.0,11.0,Yes
Nicole Hawkins,31.0,Engineering,83900.0,5.0,Yes
Stacy Bailey,41.0,Marketing,71900.0,12.0,Yes
Anthony Flores,51.0,Sales,74400.0,,Yes
Shannon Malone,21.0,IT,59000.0,0.0,No
Kyle Nguyen,39.0,Marketing,78300.0,12.0,Yes
Angela Bradshaw,21.0,Engineering,61400.0,0.0,No
Joseph Cook,45.0,Operations,72800.0,10.0,Yes
Daniel Miller,46.0,Sales,65000.0,9.0,Yes
Francis Robinson,52.0,Operations,97200.0,25.0,Yes
Alexandra Marshall,24.0,HR,40100.0,1.0,Yes
Andrew Morales,42.0,Customer Support,74700.0,12.0,Yes
Lisa Walton,41.0,IT,82500.0,10.0,Yes
Debbie Estrada,45.0,Sales,74900.0,12.0,Yes
Heather Maldonado,37.0,Finance,69500.0,7.0,Yes
Jimmy Marks,32.0,Operations,58000.0,4.0,No
Ralph Rodriguez,41.0,Sales,79100.0,17.0,Yes
Kelly Haynes,42.0,Sales,73400.0,11.0,Yes
Michael Mckinney,23.0,Engineering,73900.0,2.0,No
Ashley Gonzales,30.0,Engineering,75200.0,6.0,No
Mr. Reginald Roman,29.0,Customer Support,44100.0,3.0,No
Adam Long,49.0,IT,90300.0,15.0,Yes
Vincent Reynolds,42.0,Marketing,83600.0,,Yes
Scott Duke,44.0,Engineering,83500.0,10.0,Yes
Michael Poole,36.0,Marketing,76000.0,8.0,Yes
Kenneth Jackson,31.0,IT,69900.0,4.0,No
Mitchell Richardson,43.0,Customer Support,62500.0,13.0,Yes
Andrew Fernandez,33.0,Marketing,63400.0,4.0,No
Lee Stewart,54.0,Engineering,99500.0,16.0,Yes
Jessica Harper,27.0,Operations,55000.0,4.0,No
Craig Wagner,36.0,Finance,81400.0,12.0,Yes
Tiffany Nelson,27.0,Operations,53500.0,2.0,No
Jordan Peters,39.0,Operations,68100.0,14.0,Yes
Michael Rivera,53.0,IT,119900.0,24.0,Yes
Bethany Garcia,38.0,HR,60800.0,14.0,Yes
John Collins,33.0,Sales,64400.0,10.0,Yes
Elizabeth Brown,30.0,Engineering,73100.0,3.0,No
Eric Walker,,Sales,69000.0,12.0,Yes
Alison Faulkner,34.0,Operations,59700.0,10.0,Yes
Jacqueline Phillips,34.0,Customer Support,57500.0,8.0,Yes
Jeffrey Fuller,45.0,IT,89100.0,14.0,Yes
Shannon Jackson,36.0,Customer Support,61200.0,5.0,No
Nicole Johnson,,Customer Support,54800.0,6.0,No
Nicholas Scott,35.0,Marketing,70900.0,8.0,No
Megan Nelson,28.0,Operations,,3.0,No
Timothy Kennedy,,Operations,69200.0,10.0,Yes
William Austin,39.0,Sales,81100.0,14.0,Yes
Michelle House,49.0,Customer Support,62500.0,9.0,Yes
Joshua Adams,40.0,IT,81500.0,11.0,Yes
Amber King,34.0,IT,80600.0,7.0,Yes
Mark Johnson,39.0,Engineering,75400.0,10.0,Yes
Nancy Scott,33.0,Finance,65800.0,5.0,No
Stephanie Parker,26.0,IT,75300.0,4.0,No
Kimberly Lee,42.0,Marketing,79100.0,16.0,Yes
Priscilla Floyd,21.0,Engineering,61500.0,0.0,No
Michelle Caldwell,28.0,Marketing,65500.0,5.0,Yes
Jared Gordon,31.0,Operations,64900.0,6.0,Yes
Jason Fletcher,27.0,HR,54800.0,4.0,No
Anthony Carr,39.0,Sales,57900.0,8.0,
Bradley Parks,38.0,Sales,59800.0,9.0,Yes
Gregory Joyce,40.0,Operations,72100.0,9.0,Yes
Joseph Dougherty,28.0,Finance,62300.0,4.0,Yes
Sherri Sullivan,21.0,IT,61400.0,0.0,No
Kelly Hayes,21.0,Sales,46800.0,0.0,No
Jessica Graham,40.0,Operations,,11.0,Yes
Rodney Gilmore,50.0,Marketing,76900.0,14.0,Yes
Patrick Garcia,28.0,Operations,57100.0,3.0,No
Jessica Cobb,41.0,Engineering,82400.0,8.0,Yes
Jeffrey Myers V,43.0,Finance,82400.0,7.0,No
Mr. Lawrence Brooks,40.0,Finance,83600.0,13.0,Yes
Judy Gregory,34.0,Customer Support,53600.0,8.0,Yes
Kimberly Santos,43.0,Finance,76500.0,9.0,Yes
Samuel Olson,27.0,Engineering,87400.0,3.0,Yes
Carla Holloway,24.0,Finance,66600.0,1.0,No
Vicki Horton,43.0,IT,88600.0,14.0,
Dr. Jeffrey Valentine,27.0,IT,78200.0,3.0,No
Jacqueline Hall,32.0,Sales,60800.0,5.0,No
Jennifer Hill,45.0,Operations,76500.0,19.0,Yes
Michael Woods,26.0,Sales,52900.0,3.0,No
Stephen Robles,30.0,IT,78400.0,4.0,Yes
Connie Brown,34.0,Sales,59000.0,7.0,Yes
Kara Blake,40.0,Marketing,79600.0,9.0,Yes
David Taylor,34.0,Engineering,79000.0,10.0,Yes
Stephanie Harris,29.0,Finance,71500.0,5.0,Yes
Jonathon Kim,30.0,Engineering,86100.0,3.0,No
Jennifer Johnson DVM,37.0,Engineering,82700.0,7.0,Yes
Timothy Walker,29.0,IT,72700.0,6.0,No
Stephen Spencer,26.0,IT,72800.0,3.0,No
Steven Swanson,21.0,Engineering,71000.0,0.0,No
Jeremy Johnson,21.0,Marketing,45100.0,0.0,No
Mark Clark,21.0,Sales,44300.0,0.0,No
Tara Brown,26.0,IT,66400.0,2.0,No
Carol Torres,35.0,Sales,67600.0,9.0,Yes
Thomas Wells,36.0,IT,80900.0,9.0,Yes
Carol Christensen,24.0,Engineering,75400.0,2.0,No
Sarah Nelson,51.0,IT,94300.0,19.0,Yes
Ashley Johnson MD,46.0,Sales,61700.0,11.0,Yes
John Kim,46.0,Operations,64800.0,11.0,Yes
Connie Thomas,21.0,Engineering,76600.0,0.0,No
Michael Ellis,35.0,Customer Support,60600.0,11.0,Yes
Katherine Salas,41.0,Engineering,100300.0,16.0,Yes
Michael Baker,37.0,IT,79100.0,7.0,No
William Silva,30.0,Engineering,81000.0,6.0,Yes
Edward Weeks,35.0,Sales,67800.0,5.0,No
Rodney Williams,31.0,Finance,,8.0,Yes
Christina Franklin,54.0,Finance,77700.0,14.0,Yes
Michael Santos,38.0,Sales,,6.0,Yes
Steven Perry,35.0,Customer Support,38200.0,4.0,Yes
Laura Larson,28.0,Sales,63500.0,4.0,Yes
Dustin Williams,46.0,Customer Support,68000.0,15.0,Yes
Vernon Walters,28.0,Engineering,72600.0,6.0,Yes
Stephanie Hernandez,45.0,IT,86300.0,15.0,Yes
Marc Moore,,Customer Support,51200.0,12.0,Yes
Katherine Clarke,21.0,Sales,54800.0,0.0,No
Paul Smith,28.0,Engineering,86900.0,3.0,No
John Webb,21.0,Sales,54500.0,0.0,No
Rebecca Dean,44.0,Sales,80000.0,19.0,Yes
James Tucker,40.0,Engineering,83700.0,,Yes
Danielle Hernandez,34.0,Sales,72900.0,11.0,Yes
Frank Fitzgerald,48.0,Finance,73300.0,10.0,Yes
Tony Brooks,42.0,Sales,67600.0,12.0,Yes
Dr. Nicole Trujillo,40.0,Engineering,94300.0,9.0,Yes
Krista Curtis,30.0,Operations,65200.0,6.0,Yes
Christian Ford,49.0,IT,94100.0,16.0,Yes
John Coffey,31.0,Marketing,53900.0,5.0,No
Kevin Wilson,41.0,Engineering,76800.0,8.0,Yes
David Johnson,36.0,IT,85500.0,5.0,
Michael Evans,35.0,Sales,68000.0,9.0,Yes
Johnny Riddle,,Sales,87000.0,18.0,Yes
Cody Smith,28.0,HR,56800.0,,No
Laura Hill,,Customer Support,45600.0,7.0,Yes
William Howard,44.0,Engineering,95700.0,10.0,Yes
Barbara Willis,32.0,IT,79900.0,6.0,No
Victor Campbell,32.0,Engineering,86600.0,4.0,No
Ashley Hall,32.0,Finance,66300.0,7.0,Yes
Sheila Greer,36.0,Sales,66900.0,11.0,Yes
Todd Beasley,,HR,,15.0,Yes
Joshua Kramer,41.0,Engineering,94500.0,16.0,Yes
Matthew Price,,Sales,62500.0,2.0,No
David Robinson,,Engineering,97900.0,8.0,Yes
Jordan Henderson,38.0,Customer Support,65800.0,8.0,Yes
Holly Banks,22.0,IT,67100.0,0.0,No
Timothy Orr,37.0,Operations,63100.0,11.0,Yes
Kyle Andrade,28.0,Customer Support,57700.0,4.0,Yes
Katherine Gallagher,33.0,IT,69800.0,5.0,Yes
Edward Shields,39.0,,95600.0,15.0,Yes
Marvin Flores,22.0,Operations,45500.0,0.0,No
Angela Lin,41.0,Sales,80100.0,16.0,Yes
Donald Santana,26.0,Engineering,78800.0,3.0,No
Catherine Nelson,37.0,Marketing,77600.0,10.0,Yes
Donald Johnson,31.0,Sales,64400.0,5.0,No
Cheryl Gregory,33.0,HR,66600.0,10.0,Yes
Mark Webb,31.0,Engineering,76400.0,4.0,No
Cynthia Martinez,38.0,Customer Support,56400.0,8.0,Yes
Traci Wilson,21.0,Operations,,0.0,No
Jennifer Simpson DVM,27.0,Engineering,70900.0,3.0,No
Thomas Moses,28.0,IT,78500.0,5.0,Yes
Steven Shaw,22.0,Finance,57300.0,1.0,No
Maurice Johnson,34.0,Marketing,83800.0,10.0,Yes
Spencer Manning,47.0,Marketing,77800.0,15.0,Yes
John Johnson,33.0,Sales,52700.0,5.0,Yes
Jacqueline Pierce,43.0,Sales,78500.0,15.0,Yes
Jason Gomez,32.0,Operations,68600.0,5.0,Yes
Carol Sanders,,Operations,55400.0,3.0,No
Jessica Patterson,39.0,Marketing,74000.0,14.0,Yes
Shelley Miller,49.0,Engineering,106000.0,22.0,Yes
Michael Carr,47.0,HR,46700.0,9.0,Yes
Zachary Cole,37.0,HR,55400.0,5.0,Yes
Jamie Lee,39.0,HR,69600.0,12.0,Yes
Brian Lewis,52.0,Sales,80600.0,20.0,Yes
Debra Jackson,37.0,IT,76700.0,6.0,Yes
Randy Cannon,36.0,Operations,71300.0,11.0,Yes
Mary Escobar,44.0,IT,91400.0,12.0,Yes
Cassandra Fry,35.0,IT,76600.0,10.0,Yes
Mariah Brown,36.0,Marketing,82800.0,12.0,Yes
Ryan Mcmahon,35.0,Engineering,86300.0,6.0,No
Jennifer White,32.0,Customer Support,41500.0,6.0,Yes
Linda Patrick,47.0,Operations,84800.0,19.0,Yes
Jonathan Cisneros,31.0,Marketing,53000.0,7.0,Yes
Shane Gonzalez,36.0,Sales,59100.0,6.0,Yes
Emily Lopez,32.0,Finance,80800.0,9.0,Yes
Adam Espinoza,33.0,Sales,70100.0,10.0,Yes
David Wright,37.0,Sales,79800.0,13.0,Yes
Michael Graham,21.0,Sales,51400.0,0.0,No
Debra Bradley,37.0,IT,75300.0,10.0,Yes
Jerry Ferguson,31.0,Operations,56800.0,8.0,No
James Livingston,29.0,HR,54100.0,4.0,No
Amy Kelley,26.0,Marketing,,3.0,No
Steven Oconnor,21.0,IT,61900.0,0.0,No
William Mcmillan,31.0,Sales,62300.0,4.0,No
Michelle Mcbride,43.0,Marketing,60200.0,8.0,Yes
David Armstrong,34.0,Operations,68600.0,7.0,No
Travis Marsh,42.0,IT,72300.0,8.0,No
Katherine Wright,21.0,Finance,49700.0,0.0,No
Christopher Rubio,37.0,Engineering,90900.0,9.0,Yes
Jaime Williams,28.0,Finance,68100.0,3.0,No
Ryan Rivera,59.0,IT,87900.0,13.0,Yes
Jeffrey Jones,33.0,Finance,84300.0,10.0,Yes
Rebecca Lee,41.0,Engineering,94800.0,13.0,Yes
Victor Taylor,30.0,Customer Support,58900.0,5.0,No
Alicia Obrien,34.0,Engineering,94300.0,,Yes
Shawn Waters,39.0,Operations,80300.0,15.0,Yes
Tiffany Anderson,44.0,Sales,76500.0,,Yes
Jennifer Tran,49.0,Operations,97800.0,23.0,Yes
Matthew Richards,30.0,Engineering,,4.0,No
Nathan Lang,34.0,Engineering,86400.0,8.0,Yes
Joshua James,44.0,IT,83500.0,7.0,Yes
Michael Hale,28.0,Finance,73100.0,6.0,No
Austin White,26.0,Marketing,56900.0,2.0,No
Vanessa Bishop,35.0,HR,53100.0,6.0,Yes
Dr. Diana Espinoza,35.0,Finance,75000.0,,Yes
Stacy Johnson,34.0,Operations,60400.0,6.0,Yes
Lisa Rodriguez,43.0,IT,87100.0,15.0,Yes
James Robinson,23.0,Engineering,85500.0,1.0,No
Nancy Lee,24.0,Operations,52900.0,2.0,No
Oscar Carroll,43.0,Engineering,99800.0,18.0,Yes
Brianna Adams,44.0,Finance,82800.0,13.0,No
Brandon Stewart,40.0,Engineering,78500.0,10.0,No
Thomas Reyes,42.0,Operations,60400.0,14.0,Yes
Grace Swanson,49.0,Engineering,96800.0,12.0,Yes
Elizabeth Jones,44.0,IT,82600.0,7.0,Yes
Jordan Williams,45.0,Marketing,65400.0,11.0,Yes
Christine Jennings,21.0,Operations,49500.0,0.0,No
Steven Butler,29.0,HR,34400.0,3.0,No
Jonathan Jacobson,42.0,Engineering,89900.0,9.0,Yes
Jack Moore,36.0,Operations,77700.0,12.0,Yes
Leslie Vance,23.0,Customer Support,41000.0,2.0,No
Ryan Landry,32.0,IT,74600.0,9.0,Yes
James Mckinney,21.0,Marketing,54600.0,0.0,No
Heather Williams,30.0,IT,63500.0,3.0,No
Eduardo Obrien,37.0,Engineering,96900.0,11.0,Yes
Valerie Harrison,40.0,Engineering,76300.0,9.0,Yes
Destiny Obrien,24.0,Customer Support,42500.0,2.0,No
Lance Townsend,48.0,Engineering,112300.0,23.0,Yes
Justin Figueroa,43.0,Engineering,81500.0,8.0,Yes
Robert Young,,Operations,65500.0,6.0,Yes
Xavier Hanson,41.0,HR,,8.0,Yes
John Steele,39.0,IT,,9.0,Yes
Barbara Wagner,21.0,Finance,58200.0,0.0,No
Bradley Miller,50.0,HR,67000.0,20.0,Yes
Donna Boone,33.0,IT,74000.0,7.0,Yes
Ryan Vaughn,23.0,IT,76600.0,2.0,No
Joyce Solis,42.0,IT,80800.0,13.0,Yes
Paul Gonzales,60.0,,92700.0,25.0,Yes
Kenneth Bailey DDS,38.0,Engineering,88700.0,13.0,Yes
Brooke Quinn,38.0,Sales,77700.0,11.0,Yes
Stephanie Miller,38.0,IT,68400.0,5.0,No
Dennis Coleman,47.0,Operations,83700.0,20.0,Yes
William Guzman,27.0,HR,,2.0,No
Shelia Waller,38.0,Operations,70500.0,14.0,Yes
Wyatt Townsend II,36.0,Operations,52800.0,6.0,No
Scott Stein,23.0,IT,61700.0,1.0,No
Kimberly Mitchell,22.0,IT,64000.0,0.0,No
Cynthia Hernandez,42.0,Marketing,79100.0,11.0,Yes
Michael Tran,29.0,IT,74700.0,6.0,Yes
Anthony Hall,34.0,IT,87900.0,11.0,Yes
Breanna Rivas,37.0,Operations,64500.0,8.0,Yes
Courtney Vaughan,45.0,Finance,80300.0,12.0,Yes
Allison Floyd,60.0,IT,124300.0,30.0,Yes
Ronald Smith,47.0,Finance,88100.0,,Yes
Angela Ryan,26.0,,51500.0,2.0,Yes
Jennifer Taylor,33.0,Engineering,95500.0,9.0,Yes
Kathryn Rivers,21.0,Engineering,67600.0,0.0,No
Melody Griffin,25.0,Marketing,53900.0,3.0,No
Edwin Gonzalez,32.0,IT,68500.0,5.0,No
Monica Morton,48.0,IT,104300.0,23.0,Yes
Steven Davis,38.0,Operations,55900.0,6.0,Yes
Shaun Henderson,36.0,Finance,76500.0,,Yes
Michael Anderson,37.0,Marketing,56400.0,6.0,Yes
John Moore,31.0,Operations,57400.0,3.0,No
Mrs. Laurie Williams MD,45.0,Marketing,86200.0,19.0,Yes
Michael Smith,29.0,Sales,69600.0,5.0,Yes
Penny Fernandez,39.0,Customer Support,66500.0,13.0,No
Richard Medina,31.0,HR,68300.0,8.0,Yes
Michelle Jackson,35.0,Sales,66200.0,7.0,Yes
Stephen Boyer,21.0,Engineering,61400.0,0.0,No
Mary Atkinson,21.0,IT,69900.0,0.0,No
Phillip Miller,33.0,HR,69000.0,7.0,Yes
Laura Mckinney,39.0,Engineering,83900.0,8.0,No
Cody Morris,27.0,Marketing,55700.0,2.0,No
Diane Davis DDS,26.0,Sales,54700.0,3.0,Yes
Justin Herrera,38.0,Finance,86600.0,14.0,Yes
Renee Johnson,25.0,Engineering,68900.0,2.0,No
Omar Johnson,34.0,HR,49300.0,4.0,No
Gloria Floyd,,Finance,83800.0,,Yes
Julie Dominguez,33.0,Sales,71700.0,8.0,
David Walker,36.0,Marketing,63900.0,7.0,Yes
Mr. Daniel Martin,34.0,Sales,60700.0,9.0,Yes
Erin Silva,41.0,IT,95800.0,15.0,Yes
Joshua Reed,,Marketing,76700.0,13.0,Yes
Heather Allen,23.0,Engineering,79100.0,1.0,No
Bianca Knapp,24.0,,58600.0,2.0,No
Lori Boyd,36.0,Customer Support,33700.0,6.0,No
Eric Thomas,33.0,Engineering,79400.0,8.0,Yes
Scott Alexander,26.0,IT,65200.0,3.0,Yes
Andrew Lopez,21.0,Engineering,72000.0,0.0,No
Kiara Little,31.0,Engineering,86600.0,8.0,Yes
Zachary Swanson MD,37.0,Sales,76700.0,12.0,Yes
Alexander Shelton,32.0,Customer Support,67800.0,8.0,Yes
Ruben Charles,,Engineering,99300.0,14.0,Yes
Stephanie Hunter,56.0,Customer Support,68800.0,20.0,Yes
Lori Williams,36.0,Operations,66800.0,8.0,Yes
Brandon Peterson,35.0,HR,59800.0,11.0,Yes
Sharon Cochran,34.0,HR,52000.0,5.0,No
Amanda Bishop,31.0,Finance,67900.0,5.0,No
Richard Bush,21.0,Sales,49300.0,0.0,No
William Saunders,36.0,Operations,63300.0,10.0,Yes
Lindsay Smith,39.0,IT,85900.0,11.0,Yes
Richard Gordon,42.0,Marketing,74400.0,13.0,Yes
Stacy Stein,45.0,Sales,72900.0,10.0,Yes
Sara Wilkins,32.0,Sales,63800.0,7.0,Yes
Nathaniel Lee,21.0,Engineering,79800.0,,No
Barbara Dudley,44.0,Marketing,,13.0,Yes
Richard Miller,27.0,IT,77400.0,2.0,Yes
Kenneth Maxwell,28.0,Engineering,88000.0,4.0,No
Rhonda Allen,31.0,Finance,87600.0,8.0,Yes
David Potter,46.0,Sales,69700.0,12.0,Yes
Jennifer Anderson,26.0,Finance,78100.0,4.0,Yes
Lisa Montes,36.0,Customer Support,51100.0,5.0,No
Carol Ingram,37.0,Engineering,,8.0,Yes
David Lynn,45.0,Operations,86100.0,15.0,Yes
Melissa Robinson,41.0,Engineering,77100.0,8.0,Yes
Benjamin Reyes,38.0,Finance,87500.0,9.0,Yes
Sarah Mueller,36.0,Operations,61400.0,11.0,Yes
Darren Gonzales,34.0,Marketing,68200.0,7.0,Yes
Wyatt Henry,35.0,Operations,61700.0,7.0,No
Martha Jacobs,21.0,HR,43400.0,0.0,No
Melissa Hanson,27.0,Engineering,86000.0,2.0,Yes
Angela Huang,53.0,Sales,,12.0,Yes
Holly Scott,41.0,Sales,72000.0,10.0,Yes
Kevin Solis,34.0,Engineering,74200.0,5.0,No
Marissa Dorsey,22.0,HR,45200.0,0.0,No
Blake Vega,30.0,Sales,69200.0,8.0,Yes
Katherine Padilla,21.0,Finance,66200.0,0.0,No
April Horton,33.0,IT,73100.0,8.0,Yes
Justin Smith,28.0,HR,39200.0,3.0,Yes
Benjamin Johnson,47.0,Customer Support,60800.0,12.0,Yes
Mary Parks,50.0,Engineering,98400.0,13.0,Yes
Brandon Graves,28.0,IT,71600.0,3.0,Yes
Timothy Clark,43.0,HR,49700.0,10.0,Yes
Alexandra Hodge,34.0,IT,81600.0,10.0,Yes
Kenneth Walsh,38.0,Operations,67600.0,11.0,Yes
Melissa Lee MD,38.0,Operations,63700.0,8.0,Yes
Heidi Johnson,38.0,IT,84200.0,10.0,Yes
Brandon Bean,26.0,Sales,50600.0,3.0,No
Jessica Adams,39.0,Finance,76600.0,12.0,Yes
Cynthia Newman,29.0,Marketing,49200.0,3.0,Yes
Wendy Wright,43.0,Engineering,86900.0,9.0,Yes
Jorge Harris,53.0,Finance,75700.0,12.0,Yes
Jessica Mcdonald,41.0,Engineering,98700.0,15.0,Yes
Joshua Ruiz,35.0,Operations,,7.0,Yes
Jeffrey Joyce,21.0,IT,54100.0,0.0,No
Tammy Davis,34.0,Sales,62000.0,6.0,Yes
Brittany Kim,34.0,Engineering,92600.0,,No
Stanley Cain,21.0,IT,60800.0,0.0,
Brandon Sanchez,40.0,Engineering,90300.0,15.0,Yes
Paul Martin,44.0,Finance,76500.0,11.0,
Kelli Carter,21.0,Sales,42200.0,0.0,No
Lisa Guerra,39.0,Engineering,87600.0,9.0,Yes
Joseph Hill,38.0,Marketing,57600.0,5.0,Yes
Nicholas Terrell,33.0,IT,79600.0,9.0,Yes
Edward Wallace,33.0,Sales,68400.0,7.0,Yes
Daniel Brown,31.0,Engineering,79900.0,4.0,Yes
Linda Salazar,21.0,Engineering,67800.0,0.0,No
Karen Hart,,IT,87800.0,12.0,Yes
Mary Smith,44.0,Operations,73000.0,10.0,No
Michaela Hernandez,32.0,IT,63900.0,4.0,No
Roger Valencia,36.0,Operations,67000.0,9.0,Yes
Jodi Roach,31.0,HR,60500.0,6.0,Yes
Mitchell Jones,23.0,Operations,48600.0,1.0,No
Bryan Jones,26.0,Engineering,74600.0,3.0,No
Madison Weber,41.0,Sales,75700.0,13.0,Yes
Parker Wright,31.0,Customer Support,41700.0,5.0,No
Christopher Humphrey,24.0,Operations,49100.0,2.0,No
Ashley Barton,39.0,HR,62800.0,8.0,Yes
John Scott,34.0,Engineering,105600.0,9.0,Yes
Stephen Smith,27.0,Sales,55900.0,3.0,No
John Mack,30.0,HR,55800.0,6.0,Yes
Tiffany Barton,27.0,Finance,63900.0,3.0,Yes
Casey Chase,48.0,HR,68600.0,19.0,Yes
Lindsay Walker,26.0,HR,40900.0,2.0,No
Tiffany Johnson,40.0,Customer Support,50300.0,7.0,No
Deborah Wood,50.0,Finance,75000.0,9.0,Yes
William Wilson,39.0,Marketing,79200.0,15.0,Yes
Susan Molina,47.0,Operations,76100.0,12.0,Yes
Christopher Nelson,33.0,,62400.0,8.0,Yes
Jessica Robinson,25.0,HR,48300.0,3.0,No
Margaret Hawkins DDS,48.0,Marketing,82700.0,18.0,Yes
Cheryl Turner,54.0,IT,110300.0,18.0,Yes
Catherine Barker,29.0,IT,81500.0,3.0,No
Donna Williams,30.0,IT,77400.0,5.0,No
Ms. Stephanie Duran,27.0,HR,53400.0,3.0,No
Bryan Tucker,46.0,Finance,93700.0,18.0,Yes
Michelle Petty,29.0,Marketing,44100.0,3.0,Yes
Trevor Johnson,42.0,Finance,67800.0,8.0,Yes
April Hull,25.0,HR,51300.0,2.0,No
Kyle Rivera,33.0,IT,87000.0,10.0,Yes
David Yoder,33.0,,55400.0,5.0,No
Leslie Hernandez,47.0,IT,85300.0,13.0,Yes
Kristina Neal,28.0,Operations,57300.0,3.0,No
Jamie Romero,49.0,Sales,73000.0,11.0,Yes
Michael Price,37.0,HR,48900.0,7.0,Yes
Michael Crawford,28.0,Engineering,85700.0,4.0,Yes
Amanda Brown,36.0,Engineering,79000.0,5.0,Yes
Alexis Rodriguez,34.0,HR,65800.0,6.0,No
Christine Mullins,47.0,Customer Support,65700.0,19.0,Yes
Morgan Bernard,53.0,HR,70800.0,12.0,Yes
Charles Powell,26.0,HR,44000.0,2.0,No
Cindy Harrington,27.0,IT,80300.0,5.0,No
Kimberly Lloyd,29.0,Finance,67600.0,,Yes
Amanda Hill,31.0,IT,67200.0,5.0,No
Lance Simmons,43.0,Sales,63100.0,15.0,Yes
Holly Martin,41.0,Finance,77900.0,13.0,Yes
Brian Martin,28.0,Engineering,73100.0,2.0,No
Jose Jordan,41.0,IT,81500.0,11.0,Yes
Brent Roberts,50.0,Engineering,118300.0,24.0,Yes
Stephen Duncan,43.0,Engineering,101600.0,11.0,Yes
Mr. Kenneth Ashley,37.0,Sales,66700.0,8.0,Yes
Doris Rios,44.0,IT,78200.0,7.0,Yes
Joshua Richardson,44.0,Operations,66500.0,13.0,Yes
Denise Jones,29.0,Finance,63000.0,4.0,Yes
Kristen Sloan,45.0,HR,47600.0,7.0,No
Mary Myers,33.0,Engineering,75400.0,4.0,No
Amy Yang DDS,45.0,IT,90500.0,16.0,Yes
Nicholas Arellano,36.0,Sales,73400.0,10.0,Yes
Laurie Carter,21.0,Engineering,63100.0,0.0,No
Patrick Thornton,36.0,IT,81400.0,10.0,Yes
Aaron Wise,38.0,Engineering,74100.0,8.0,Yes
Jamie Mclaughlin,21.0,IT,57200.0,0.0,No
Claire Warren,33.0,Sales,,8.0,Yes
Spencer Camacho,29.0,Engineering,67800.0,6.0,Yes
Kenneth Perez,38.0,Customer Support,59100.0,10.0,Yes
Frank Freeman,32.0,Operations,58200.0,7.0,No
Randy Bradshaw,40.0,Finance,74000.0,7.0,Yes
Martin Fitzpatrick,35.0,Sales,46300.0,,No
Alison Zuniga,45.0,Sales,84600.0,18.0,Yes
Brianna Fitzpatrick,38.0,Operations,65000.0,9.0,Yes
Richard Peterson,38.0,Operations,63300.0,7.0,Yes
Paul Scott,45.0,IT,86800.0,14.0,Yes
James Johnson,45.0,IT,99700.0,20.0,Yes
Patricia Lee,51.0,IT,82800.0,10.0,Yes
Mikayla Franco,31.0,Engineering,88900.0,8.0,No
Sierra Cervantes,41.0,Engineering,101200.0,15.0,Yes
Maureen Lee,35.0,IT,320800.0,10.0,Yes
Raymond Clements,38.0,HR,60000.0,11.0,Yes
David Davenport,45.0,Marketing,86900.0,18.0,Yes
Richard Larsen,39.0,IT,96100.0,11.0,Yes
Charles Sanchez,33.0,Marketing,72500.0,6.0,No
Robert Miller,28.0,IT,79400.0,5.0,No
Joseph Jones,28.0,Customer Support,57500.0,5.0,Yes
Jacqueline Herman,32.0,Operations,61200.0,,Yes
Casey Terrell,30.0,Sales,64700.0,5.0,No
Eric Short,48.0,Customer Support,45600.0,8.0,Yes
Jeremy Mosley,45.0,IT,83900.0,12.0,Yes
Eric Williams,35.0,IT,74000.0,8.0,Yes
Sherri Logan,34.0,Operations,58200.0,5.0,No
William Cunningham,38.0,IT,71200.0,8.0,Yes
Randy Robinson,28.0,IT,60400.0,3.0,No
Carolyn Cordova,,Customer Support,44400.0,4.0,No
Laura Mosley,32.0,IT,87100.0,7.0,Yes
Aaron Moore,22.0,Sales,39300.0,0.0,No
Gail Johnson MD,31.0,Sales,56600.0,3.0,No
Mary Johnson DDS,58.0,Marketing,76800.0,18.0,Yes
Benjamin Wilkinson,27.0,Operations,53200.0,3.0,No
Jessica Kelly,55.0,Finance,95700.0,25.0,Yes
Jessica Munoz,44.0,HR,55700.0,10.0,Yes
Anna Walker,32.0,Engineering,89100.0,8.0,Yes
Luis Lopez V,50.0,Operations,89600.0,20.0,Yes
John Oliver,23.0,Engineering,80800.0,2.0,No
Brandon Bailey MD,43.0,Engineering,103500.0,13.0,Yes
Craig Raymond,29.0,IT,70300.0,3.0,No
Jordan Nixon,51.0,Customer Support,70000.0,15.0,Yes
Phillip Macias,38.0,Finance,72000.0,11.0,Yes
Bruce Hernandez,31.0,Finance,71200.0,7.0,Yes
Emily Abbott,31.0,Marketing,56300.0,5.0,Yes
Michael Farmer,30.0,HR,,6.0,Yes
Peter Gonzalez,26.0,,73200.0,2.0,Yes
John Anderson,48.0,HR,79100.0,15.0,Yes
Jennifer Miranda,33.0,Operations,57500.0,10.0,Yes
Jeanette Brown,37.0,Operations,69000.0,10.0,Yes
Cole Andersen,29.0,IT,77800.0,6.0,No
Joseph Murphy,43.0,Operations,63400.0,11.0,Yes
Debra Leonard,54.0,Engineering,119300.0,24.0,Yes
Michelle Brown,29.0,Customer Support,52400.0,5.0,No
Craig Liu,39.0,Customer Support,64600.0,10.0,Yes
Michael Barr,30.0,Engineering,84100.0,5.0,Yes
Carolyn Greer,28.0,Sales,51900.0,3.0,No
Jennifer Young,26.0,Marketing,58000.0,4.0,No
Alyssa Zimmerman,,Customer Support,42700.0,3.0,No
Rachel Flores,32.0,Engineering,90800.0,5.0,Yes
Brian Gross,45.0,Engineering,81800.0,8.0,Yes
Nicole Barker,41.0,IT,106100.0,15.0,Yes
Justin Stone,35.0,Finance,65200.0,5.0,Yes
Heather Williams,33.0,Operations,55200.0,6.0,No
Grace Chavez,35.0,Engineering,98600.0,11.0,Yes
Thomas Sullivan,32.0,Customer Support,49600.0,7.0,Yes
Alexandria Vaughn,33.0,Engineering,74300.0,6.0,Yes
Hunter Campos,36.0,Engineering,85900.0,9.0,Yes
Matthew Wilson,38.0,Operations,51700.0,6.0,Yes
Christina Jenkins,34.0,Engineering,85300.0,8.0,Yes
Stanley Kelly,50.0,Sales,93800.0,19.0,Yes
Allen Stanley,44.0,Marketing,65300.0,14.0,Yes
Brian Ramirez,30.0,Sales,56100.0,5.0,Yes
Jacob King,35.0,Sales,71900.0,10.0,Yes
Ryan Lawson,21.0,Engineering,81100.0,,No
Steven Gardner,21.0,Marketing,55400.0,0.0,No
Audrey Richardson,41.0,Marketing,83700.0,15.0,Yes
Megan Hall MD,35.0,Finance,67900.0,5.0,No
Lori Patton,36.0,Sales,75300.0,7.0,Yes
Mason Chase,34.0,Customer Support,50300.0,6.0,Yes
Susan Cunningham,43.0,Operations,58100.0,7.0,No
Brandon Johns,32.0,Operations,67700.0,9.0,Yes
James Bradley,33.0,Engineering,92600.0,7.0,Yes
Angel Knight,38.0,IT,97000.0,14.0,Yes
Jonathan Vasquez,21.0,Engineering,77800.0,0.0,No
Shawn Hickman,21.0,IT,62500.0,0.0,No
Kurt Montgomery,54.0,Marketing,82400.0,22.0,Yes
Jordan Williams,42.0,Engineering,88400.0,11.0,Yes
Lisa Morris,27.0,Engineering,89000.0,4.0,Yes
Deborah Simon,21.0,Engineering,78500.0,0.0,No
James Chapman,34.0,Sales,50800.0,7.0,Yes
Kenneth Edwards,40.0,IT,,12.0,Yes
Donald Wallace,23.0,Sales,58500.0,1.0,Yes
Kristen Bradley,35.0,Sales,52700.0,5.0,Yes
Kathleen Martinez,31.0,Sales,59500.0,8.0,Yes
Jack White,21.0,Engineering,66700.0,0.0,No
Jason Mathews,35.0,Operations,62100.0,5.0,No
Karen Hernandez,43.0,HR,76800.0,17.0,Yes
Aaron Parker,30.0,Sales,41300.0,3.0,No
William Gordon,43.0,,72600.0,8.0,
Bianca Kim,42.0,Finance,63800.0,8.0,Yes
Tammy Jacobs,25.0,Engineering,,3.0,Yes
Eric Anderson,55.0,Finance,89400.0,21.0,Yes
Mark Henson,36.0,IT,73700.0,7.0,Yes
Austin Walker,32.0,Operations,56400.0,4.0,No
Mary Guerra,28.0,Customer Support,49000.0,3.0,No
Charles Burton,29.0,Marketing,65500.0,5.0,No
Lynn King,,Sales,71100.0,13.0,Yes
Annette Melton,21.0,Operations,43400.0,0.0,No
Jason Weaver,25.0,IT,72100.0,1.0,No
Brian Christensen,,Engineering,84600.0,7.0,Yes
Casey Baker,29.0,Operations,48200.0,3.0,No
Mary Nelson,33.0,Marketing,82200.0,9.0,Yes
Jeffery Nelson,31.0,Sales,52400.0,4.0,No
Mrs. Lisa Smith,30.0,Sales,62500.0,7.0,Yes
Bradley Duncan,49.0,Engineering,99600.0,,Yes
Jennifer Porter,44.0,Finance,87100.0,14.0,Yes
Bianca Chavez,46.0,Customer Support,72800.0,20.0,Yes
Jasmine Bradshaw,28.0,Engineering,86100.0,4.0,No
Donald Peterson,31.0,Finance,66300.0,7.0,Yes
Robert Richardson,43.0,IT,95500.0,11.0,Yes
Ronald Marshall,21.0,IT,75600.0,0.0,No
Ryan Fisher,26.0,Operations,44800.0,2.0,No
Nicholas Lopez,21.0,Operations,50900.0,0.0,No
Tanya Kim,54.0,Operations,77800.0,14.0,
Nathan Dillon,39.0,Operations,61700.0,15.0,Yes
Michael Dawson,36.0,Operations,58000.0,6.0,Yes
Christian Burton,30.0,IT,72300.0,5.0,No
Kevin Greene,38.0,Marketing,67200.0,7.0,Yes
Cathy Barnes,39.0,Sales,62200.0,7.0,Yes
Karen Perez,37.0,Finance,75900.0,7.0,Yes
Kimberly Morrison,36.0,Sales,63600.0,11.0,Yes
April Arellano,33.0,Operations,56500.0,6.0,Yes
Danielle Nelson,36.0,Sales,75700.0,11.0,Yes
Denise Flores,28.0,Customer Support,54200.0,5.0,No
Deborah Fisher,21.0,HR,47900.0,0.0,No
Susan Barnes,38.0,Operations,62300.0,8.0,Yes
Katherine Harrison,40.0,Sales,76900.0,11.0,Yes
Amber Wright,37.0,IT,85500.0,12.0,Yes
Scott Ayers,41.0,Engineering,88900.0,10.0,Yes
Elizabeth Roth,60.0,Operations,72300.0,16.0,Yes
Jeffrey Robertson,31.0,Finance,76400.0,5.0,Yes
Nicholas Duffy,29.0,Engineering,70000.0,6.0,Yes
Johnathan Brown,35.0,Operations,60700.0,5.0,No
Amy Higgins,43.0,Engineering,89800.0,11.0,Yes
Vicki Hernandez,40.0,Marketing,76100.0,13.0,Yes
Michelle Holden,47.0,Operations,88900.0,20.0,Yes
Kathryn Snyder,41.0,Sales,80200.0,17.0,Yes
Laura Bailey,60.0,IT,91300.0,12.0,Yes
